{"level":"info","timestamp":"2026-02-26T23:54:16.944Z","msg":"OTEL SDK has been disabled with OTEL_SDK_DISABLED environment variable"}
{"level":"info","timestamp":"2026-02-26T23:54:16.944Z","logger":"setup","msg":"Initializing webhook certificate watcher using provided certificates","webhook-cert-path":"/tmp/k8s-webhook-server/serving-certs","webhook-cert-name":"tls.crt","webhook-cert-key":"tls.key"}
{"level":"info","timestamp":"2026-02-26T23:54:16.945Z","logger":"controller-runtime.certwatcher","msg":"Updated current TLS certificate"}
{"level":"info","timestamp":"2026-02-26T23:54:16.945Z","logger":"setup","msg":"Initializing metrics certificate watcher using provided certificates","metrics-cert-path":"/tmp/k8s-metrics-server/metrics-certs","metrics-cert-name":"tls.crt","metrics-cert-key":"tls.key"}
{"level":"info","timestamp":"2026-02-26T23:54:16.945Z","logger":"controller-runtime.certwatcher","msg":"Updated current TLS certificate"}
{"level":"info","timestamp":"2026-02-26T23:54:16.951Z","msg":"Initializing ValKey client","endpoint":"mdai-valkey-primary.mdai.svc.cluster.local:6379"}
{"level":"info","timestamp":"2026-02-26T23:54:16.964Z","msg":"Using custom expiration threshold MS","valkeyAuditStreamExpiryMs":2592000000}
{"level":"info","timestamp":"2026-02-26T23:54:16.964Z","logger":"controller-runtime.builder","msg":"Registering a mutating webhook","GVK":"hub.mydecisive.ai/v1, Kind=MdaiHub","path":"/mutate-hub-mydecisive-ai-v1-mdaihub"}
{"level":"info","timestamp":"2026-02-26T23:54:16.964Z","logger":"controller-runtime.webhook","msg":"Registering webhook","path":"/mutate-hub-mydecisive-ai-v1-mdaihub"}
{"level":"info","timestamp":"2026-02-26T23:54:16.964Z","logger":"controller-runtime.builder","msg":"Registering a validating webhook","GVK":"hub.mydecisive.ai/v1, Kind=MdaiHub","path":"/validate-hub-mydecisive-ai-v1-mdaihub"}
{"level":"info","timestamp":"2026-02-26T23:54:16.964Z","logger":"controller-runtime.webhook","msg":"Registering webhook","path":"/validate-hub-mydecisive-ai-v1-mdaihub"}
{"level":"info","timestamp":"2026-02-26T23:54:16.964Z","logger":"controller-runtime.builder","msg":"Registering a validating webhook","GVK":"hub.mydecisive.ai/v1, Kind=MdaiCollector","path":"/validate-hub-mydecisive-ai-v1-mdaicollector"}
{"level":"info","timestamp":"2026-02-26T23:54:16.964Z","logger":"controller-runtime.webhook","msg":"Registering webhook","path":"/validate-hub-mydecisive-ai-v1-mdaicollector"}
{"level":"info","timestamp":"2026-02-26T23:54:16.964Z","logger":"controller-runtime.builder","msg":"Registering a validating webhook","GVK":"hub.mydecisive.ai/v1, Kind=MdaiObserver","path":"/validate-hub-mydecisive-ai-v1-mdaiobserver"}
{"level":"info","timestamp":"2026-02-26T23:54:16.964Z","logger":"controller-runtime.webhook","msg":"Registering webhook","path":"/validate-hub-mydecisive-ai-v1-mdaiobserver"}
{"level":"info","timestamp":"2026-02-26T23:54:16.964Z","logger":"controller-runtime.builder","msg":"Registering a mutating webhook","GVK":"hub.mydecisive.ai/v1, Kind=MdaiIngress","path":"/mutate-hub-mydecisive-ai-v1-mdaiingress"}
{"level":"info","timestamp":"2026-02-26T23:54:16.964Z","logger":"controller-runtime.webhook","msg":"Registering webhook","path":"/mutate-hub-mydecisive-ai-v1-mdaiingress"}
{"level":"info","timestamp":"2026-02-26T23:54:16.964Z","logger":"controller-runtime.builder","msg":"Registering a validating webhook","GVK":"hub.mydecisive.ai/v1, Kind=MdaiIngress","path":"/validate-hub-mydecisive-ai-v1-mdaiingress"}
{"level":"info","timestamp":"2026-02-26T23:54:16.964Z","logger":"controller-runtime.webhook","msg":"Registering webhook","path":"/validate-hub-mydecisive-ai-v1-mdaiingress"}
{"level":"info","timestamp":"2026-02-26T23:54:16.964Z","logger":"controller-runtime.builder","msg":"Registering a validating webhook","GVK":"hub.mydecisive.ai/v1, Kind=MdaiReplay","path":"/validate-hub-mydecisive-ai-v1-mdaireplay"}
{"level":"info","timestamp":"2026-02-26T23:54:16.964Z","logger":"controller-runtime.webhook","msg":"Registering webhook","path":"/validate-hub-mydecisive-ai-v1-mdaireplay"}
{"level":"info","timestamp":"2026-02-26T23:54:16.964Z","logger":"setup","msg":"Adding metrics certificate watcher to manager"}
{"level":"info","timestamp":"2026-02-26T23:54:16.964Z","logger":"setup","msg":"Adding webhook certificate watcher to manager"}
{"level":"info","timestamp":"2026-02-26T23:54:16.964Z","logger":"setup","msg":"starting manager"}
{"level":"info","timestamp":"2026-02-26T23:54:16.964Z","msg":"Starting ValKey subscription","pattern":"__keyspace@0__:variable/*"}
{"level":"info","timestamp":"2026-02-26T23:54:16.965Z","logger":"controller-runtime.metrics","msg":"Starting metrics server"}
{"level":"info","timestamp":"2026-02-26T23:54:16.965Z","logger":"setup","msg":"disabling http/2"}
{"level":"info","timestamp":"2026-02-26T23:54:16.965Z","logger":"controller-runtime.metrics","msg":"Serving metrics server","bindAddress":":8443","secure":true}
{"level":"info","timestamp":"2026-02-26T23:54:16.965Z","msg":"starting server","name":"health probe","addr":"[::]:8081"}
{"level":"info","timestamp":"2026-02-26T23:54:16.965Z","logger":"controller-runtime.webhook","msg":"Starting webhook server"}
{"level":"info","timestamp":"2026-02-26T23:54:16.965Z","logger":"setup","msg":"disabling http/2"}
{"level":"info","timestamp":"2026-02-26T23:54:16.965Z","logger":"controller-runtime.webhook","msg":"Serving webhook server","host":"","port":9443}
{"level":"info","timestamp":"2026-02-26T23:54:17.066Z","logger":"controller-runtime.certwatcher","msg":"Starting certificate poll+watcher","interval":10}
{"level":"info","timestamp":"2026-02-26T23:54:17.066Z","msg":"Starting EventSource","controller":"mdaihub","controllerGroup":"hub.mydecisive.ai","controllerKind":"MdaiHub","source":"channel source: 0x400029e460"}
{"level":"info","timestamp":"2026-02-26T23:54:17.066Z","msg":"Starting EventSource","controller":"mdaihub","controllerGroup":"hub.mydecisive.ai","controllerKind":"MdaiHub","source":"kind source: *v1.MdaiHub"}
{"level":"info","timestamp":"2026-02-26T23:54:17.066Z","msg":"Starting EventSource","controller":"mdaihub","controllerGroup":"hub.mydecisive.ai","controllerKind":"MdaiHub","source":"kind source: *v1.ConfigMap"}
{"level":"info","timestamp":"2026-02-26T23:54:17.066Z","msg":"Starting EventSource","controller":"mdaidal","controllerGroup":"hub.mydecisive.ai","controllerKind":"MdaiDal","source":"kind source: *v1.Service"}
{"level":"info","timestamp":"2026-02-26T23:54:17.066Z","msg":"Starting EventSource","controller":"mdaihub","controllerGroup":"hub.mydecisive.ai","controllerKind":"MdaiHub","source":"kind source: *v1.Deployment"}
{"level":"info","timestamp":"2026-02-26T23:54:17.066Z","msg":"Starting EventSource","controller":"mdaihub","controllerGroup":"hub.mydecisive.ai","controllerKind":"MdaiHub","source":"kind source: *v1beta1.OpenTelemetryCollector"}
{"level":"info","timestamp":"2026-02-26T23:54:17.066Z","msg":"Starting EventSource","controller":"mdaiingress","controllerGroup":"hub.mydecisive.ai","controllerKind":"MdaiIngress","source":"kind source: *v1beta1.OpenTelemetryCollector"}
{"level":"info","timestamp":"2026-02-26T23:54:17.066Z","logger":"controller-runtime.certwatcher","msg":"Starting certificate poll+watcher","interval":10}
{"level":"info","timestamp":"2026-02-26T23:54:17.066Z","msg":"Starting EventSource","controller":"mdaidal","controllerGroup":"hub.mydecisive.ai","controllerKind":"MdaiDal","source":"kind source: *v1.MdaiDal"}
{"level":"info","timestamp":"2026-02-26T23:54:17.066Z","msg":"Starting EventSource","controller":"mdaidal","controllerGroup":"hub.mydecisive.ai","controllerKind":"MdaiDal","source":"kind source: *v1.Deployment"}
{"level":"info","timestamp":"2026-02-26T23:54:17.066Z","msg":"Starting EventSource","controller":"mdaiobserver","controllerGroup":"hub.mydecisive.ai","controllerKind":"MdaiObserver","source":"kind source: *v1.MdaiObserver"}
{"level":"info","timestamp":"2026-02-26T23:54:17.066Z","msg":"Starting EventSource","controller":"mdaidal","controllerGroup":"hub.mydecisive.ai","controllerKind":"MdaiDal","source":"kind source: *v1.ConfigMap"}
{"level":"info","timestamp":"2026-02-26T23:54:17.066Z","msg":"Starting EventSource","controller":"mdaihub","controllerGroup":"hub.mydecisive.ai","controllerKind":"MdaiHub","source":"kind source: *v1.Service"}
{"level":"info","timestamp":"2026-02-26T23:54:17.066Z","msg":"Starting EventSource","controller":"mdaiingress","controllerGroup":"hub.mydecisive.ai","controllerKind":"MdaiIngress","source":"kind source: *v1.MdaiIngress"}
{"level":"info","timestamp":"2026-02-26T23:54:17.066Z","msg":"Starting EventSource","controller":"mdaireplay","controllerGroup":"hub.mydecisive.ai","controllerKind":"MdaiReplay","source":"kind source: *v1.MdaiReplay"}
{"level":"info","timestamp":"2026-02-26T23:54:17.066Z","msg":"<CreateFunc> dynamic-filtration-mdai-observer-service ignored"}
{"level":"info","timestamp":"2026-02-26T23:54:17.066Z","msg":"Starting EventSource","controller":"mdaicollector","controllerGroup":"hub.mydecisive.ai","controllerKind":"MdaiCollector","source":"kind source: *v1.MdaiCollector"}
{"level":"info","timestamp":"2026-02-26T23:54:17.168Z","msg":"<CreateFunc> dynamic-filtration-mdai-observer ignored"}
{"level":"info","timestamp":"2026-02-26T23:54:17.168Z","msg":"Starting Controller","controller":"mdaiobserver","controllerGroup":"hub.mydecisive.ai","controllerKind":"MdaiObserver"}
{"level":"info","timestamp":"2026-02-26T23:54:17.168Z","msg":"Starting workers","controller":"mdaiobserver","controllerGroup":"hub.mydecisive.ai","controllerKind":"MdaiObserver","worker count":1}
{"level":"info","timestamp":"2026-02-26T23:54:17.168Z","msg":"Starting Controller","controller":"mdaireplay","controllerGroup":"hub.mydecisive.ai","controllerKind":"MdaiReplay"}
{"level":"info","timestamp":"2026-02-26T23:54:17.168Z","msg":"Starting workers","controller":"mdaireplay","controllerGroup":"hub.mydecisive.ai","controllerKind":"MdaiReplay","worker count":1}
{"level":"info","timestamp":"2026-02-26T23:54:17.169Z","msg":"-- Starting MdaiObserver reconciliation --","controller":"mdaiobserver","controllerGroup":"hub.mydecisive.ai","controllerKind":"MdaiObserver","MdaiObserver":{"name":"dynamic-filtration","namespace":"mdai"},"namespace":"mdai","name":"dynamic-filtration","reconcileID":"65c5b64c-be4f-46bb-883f-aef1d3788221","namespace":{"name":"dynamic-filtration","namespace":"mdai"},"name":"dynamic-filtration"}
{"level":"info","timestamp":"2026-02-26T23:54:17.169Z","msg":"-- Requeueing MdaiIngress triggered by otel collector","collector name":"gateway-datadog","namespace":"mdai"}
{"level":"info","timestamp":"2026-02-26T23:54:17.169Z","msg":"No MdaiIngress found","namespace":"mdai"}
{"level":"info","timestamp":"2026-02-26T23:54:17.169Z","msg":"-- Requeueing MdaiIngress triggered by otel collector","collector name":"gateway-dynamic-filtration","namespace":"mdai"}
{"level":"info","timestamp":"2026-02-26T23:54:17.169Z","msg":"No MdaiIngress found","namespace":"mdai"}
{"level":"info","timestamp":"2026-02-26T23:54:17.169Z","msg":"Starting Controller","controller":"mdaidal","controllerGroup":"hub.mydecisive.ai","controllerKind":"MdaiDal"}
{"level":"info","timestamp":"2026-02-26T23:54:17.169Z","msg":"Starting workers","controller":"mdaidal","controllerGroup":"hub.mydecisive.ai","controllerKind":"MdaiDal","worker count":1}
{"level":"info","timestamp":"2026-02-26T23:54:17.169Z","msg":"Starting Controller","controller":"mdaihub","controllerGroup":"hub.mydecisive.ai","controllerKind":"MdaiHub"}
{"level":"info","timestamp":"2026-02-26T23:54:17.169Z","msg":"Starting workers","controller":"mdaihub","controllerGroup":"hub.mydecisive.ai","controllerKind":"MdaiHub","worker count":1}
{"level":"info","timestamp":"2026-02-26T23:54:17.169Z","msg":"requeueByLabels called","object":"gateway-datadog"}
{"level":"info","timestamp":"2026-02-26T23:54:17.169Z","msg":"OpenTelemetryCollector for MdaiHub found with hubNameFromLabel","hubNameFromLabel":"mdaihub"}
{"level":"info","timestamp":"2026-02-26T23:54:17.169Z","msg":"-- Requeueing MdaiHub triggered by otel collector","hubNameFromLabel":"mdaihub","otelCollector":"gateway-datadog","hubNamespace":"mdai"}
{"level":"info","timestamp":"2026-02-26T23:54:17.169Z","msg":"requeueByLabels called","object":"gateway-dynamic-filtration"}
{"level":"info","timestamp":"2026-02-26T23:54:17.169Z","msg":"OpenTelemetryCollector for MdaiHub found with hubNameFromLabel","hubNameFromLabel":"mdaihub"}
{"level":"info","timestamp":"2026-02-26T23:54:17.169Z","msg":"-- Starting MdaiHub reconciliation --","controller":"mdaihub","controllerGroup":"hub.mydecisive.ai","controllerKind":"MdaiHub","MdaiHub":{"name":"mdaihub","namespace":"mdai"},"namespace":"mdai","name":"mdaihub","reconcileID":"5f8aa3b9-986c-4d86-9fdc-407bfe4cc5e4","namespace":{"name":"mdaihub","namespace":"mdai"},"name":"mdaihub"}
{"level":"info","timestamp":"2026-02-26T23:54:17.169Z","msg":"<CreateFunc> dynamic-filtration-mdai-observer-config ignored"}
{"level":"info","timestamp":"2026-02-26T23:54:17.169Z","msg":"-- Requeueing MdaiHub triggered by otel collector","hubNameFromLabel":"mdaihub","otelCollector":"gateway-dynamic-filtration","hubNamespace":"mdai"}
{"level":"info","timestamp":"2026-02-26T23:54:17.169Z","msg":"EnsurePrometheusRuleSynchronized","controller":"mdaihub","controllerGroup":"hub.mydecisive.ai","controllerKind":"MdaiHub","MdaiHub":{"name":"mdaihub","namespace":"mdai"},"namespace":"mdai","name":"mdaihub","reconcileID":"5f8aa3b9-986c-4d86-9fdc-407bfe4cc5e4"}
{"level":"info","timestamp":"2026-02-26T23:54:17.169Z","msg":"Starting Controller","controller":"mdaicollector","controllerGroup":"hub.mydecisive.ai","controllerKind":"MdaiCollector"}
{"level":"info","timestamp":"2026-02-26T23:54:17.169Z","msg":"Starting workers","controller":"mdaicollector","controllerGroup":"hub.mydecisive.ai","controllerKind":"MdaiCollector","worker count":1}
{"level":"info","timestamp":"2026-02-26T23:54:17.170Z","msg":"Starting Controller","controller":"mdaiingress","controllerGroup":"hub.mydecisive.ai","controllerKind":"MdaiIngress"}
{"level":"info","timestamp":"2026-02-26T23:54:17.170Z","msg":"Starting workers","controller":"mdaiingress","controllerGroup":"hub.mydecisive.ai","controllerKind":"MdaiIngress","worker count":1}
{"level":"info","timestamp":"2026-02-26T23:54:17.170Z","msg":"ConfigMap created or updated successfully","controller":"mdaiobserver","controllerGroup":"hub.mydecisive.ai","controllerKind":"MdaiObserver","MdaiObserver":{"name":"dynamic-filtration","namespace":"mdai"},"namespace":"mdai","name":"dynamic-filtration","reconcileID":"65c5b64c-be4f-46bb-883f-aef1d3788221","configmap":"dynamic-filtration-mdai-observer-config","operation":"unchanged"}
{"level":"info","timestamp":"2026-02-26T23:54:17.174Z","msg":"Deployment created or updated successfully","controller":"mdaiobserver","controllerGroup":"hub.mydecisive.ai","controllerKind":"MdaiObserver","MdaiObserver":{"name":"dynamic-filtration","namespace":"mdai"},"namespace":"mdai","name":"dynamic-filtration","reconcileID":"65c5b64c-be4f-46bb-883f-aef1d3788221","deployment":"dynamic-filtration-mdai-observer","operationResult":"updated"}
{"level":"info","timestamp":"2026-02-26T23:54:17.174Z","msg":"<UpdateFunc> dynamic-filtration-mdai-observer shouldReconcile: true"}
{"level":"info","timestamp":"2026-02-26T23:54:17.175Z","msg":"Successfully created or updated observer-collector-service","controller":"mdaiobserver","controllerGroup":"hub.mydecisive.ai","controllerKind":"MdaiObserver","MdaiObserver":{"name":"dynamic-filtration","namespace":"mdai"},"namespace":"mdai","name":"dynamic-filtration","reconcileID":"65c5b64c-be4f-46bb-883f-aef1d3788221","service":"dynamic-filtration-mdai-observer-service","namespace":"mdai","operation":"updated"}
{"level":"info","timestamp":"2026-02-26T23:54:17.178Z","msg":"Status set to done for mdai observer","controller":"mdaiobserver","controllerGroup":"hub.mydecisive.ai","controllerKind":"MdaiObserver","MdaiObserver":{"name":"dynamic-filtration","namespace":"mdai"},"namespace":"mdai","name":"dynamic-filtration","reconcileID":"65c5b64c-be4f-46bb-883f-aef1d3788221","mdaiHub":"dynamic-filtration"}
{"level":"info","timestamp":"2026-02-26T23:54:17.178Z","msg":"-- Finished MdaiObserver reconciliation --","controller":"mdaiobserver","controllerGroup":"hub.mydecisive.ai","controllerKind":"MdaiObserver","MdaiObserver":{"name":"dynamic-filtration","namespace":"mdai"},"namespace":"mdai","name":"dynamic-filtration","reconcileID":"65c5b64c-be4f-46bb-883f-aef1d3788221"}
{"level":"info","timestamp":"2026-02-26T23:54:17.179Z","msg":"<UpdateFunc> dynamic-filtration-mdai-observer shouldReconcile: false"}
{"level":"info","timestamp":"2026-02-26T23:54:17.190Z","msg":"<UpdateFunc> dynamic-filtration-mdai-observer shouldReconcile: false"}
{"level":"info","timestamp":"2026-02-26T23:54:17.198Z","msg":"<UpdateFunc> dynamic-filtration-mdai-observer shouldReconcile: false"}
{"level":"info","timestamp":"2026-02-26T23:54:17.271Z","msg":"No evaluations found, skipping PrometheusRule creation","controller":"mdaihub","controllerGroup":"hub.mydecisive.ai","controllerKind":"MdaiHub","MdaiHub":{"name":"mdaihub","namespace":"mdai"},"namespace":"mdai","name":"mdaihub","reconcileID":"5f8aa3b9-986c-4d86-9fdc-407bfe4cc5e4"}
{"level":"info","timestamp":"2026-02-26T23:54:17.271Z","msg":"No automations defined in the MDAI CR","controller":"mdaihub","controllerGroup":"hub.mydecisive.ai","controllerKind":"MdaiHub","MdaiHub":{"name":"mdaihub","namespace":"mdai"},"namespace":"mdai","name":"mdaihub","reconcileID":"5f8aa3b9-986c-4d86-9fdc-407bfe4cc5e4","name":"mdaihub"}
{"level":"info","timestamp":"2026-02-26T23:54:17.271Z","msg":"Deleting ConfigMap","controller":"mdaihub","controllerGroup":"hub.mydecisive.ai","controllerKind":"MdaiHub","MdaiHub":{"name":"mdaihub","namespace":"mdai"},"namespace":"mdai","name":"mdaihub","reconcileID":"5f8aa3b9-986c-4d86-9fdc-407bfe4cc5e4","name":"mdaihub-automation","namespace":"mdai"}
{"level":"info","timestamp":"2026-02-26T23:54:17.272Z","msg":"ConfigMap not found, skipping deletion","controller":"mdaihub","controllerGroup":"hub.mydecisive.ai","controllerKind":"MdaiHub","MdaiHub":{"name":"mdaihub","namespace":"mdai"},"namespace":"mdai","name":"mdaihub","reconcileID":"5f8aa3b9-986c-4d86-9fdc-407bfe4cc5e4","name":"mdaihub-automation","namespace":"mdai"}
{"level":"info","timestamp":"2026-02-26T23:54:17.272Z","msg":"No variables found in the CR, skipping variable synchronization","controller":"mdaihub","controllerGroup":"hub.mydecisive.ai","controllerKind":"MdaiHub","MdaiHub":{"name":"mdaihub","namespace":"mdai"},"namespace":"mdai","name":"mdaihub","reconcileID":"5f8aa3b9-986c-4d86-9fdc-407bfe4cc5e4"}
{"level":"info","timestamp":"2026-02-26T23:54:17.274Z","msg":"Status set to done for mdai hub","controller":"mdaihub","controllerGroup":"hub.mydecisive.ai","controllerKind":"MdaiHub","MdaiHub":{"name":"mdaihub","namespace":"mdai"},"namespace":"mdai","name":"mdaihub","reconcileID":"5f8aa3b9-986c-4d86-9fdc-407bfe4cc5e4","mdaiHub":"mdaihub"}
{"level":"info","timestamp":"2026-02-26T23:54:17.274Z","msg":"-- Finished MdaiHub reconciliation --","controller":"mdaihub","controllerGroup":"hub.mydecisive.ai","controllerKind":"MdaiHub","MdaiHub":{"name":"mdaihub","namespace":"mdai"},"namespace":"mdai","name":"mdaihub","reconcileID":"5f8aa3b9-986c-4d86-9fdc-407bfe4cc5e4"}
{"level":"info","timestamp":"2026-02-26T23:54:17.274Z","msg":"-- Starting MdaiHub reconciliation --","controller":"mdaihub","controllerGroup":"hub.mydecisive.ai","controllerKind":"MdaiHub","MdaiHub":{"name":"mdaihub","namespace":"mdai"},"namespace":"mdai","name":"mdaihub","reconcileID":"1a04565a-e261-46ab-92bc-baa272534851","namespace":{"name":"mdaihub","namespace":"mdai"},"name":"mdaihub"}
{"level":"info","timestamp":"2026-02-26T23:54:17.274Z","msg":"EnsurePrometheusRuleSynchronized","controller":"mdaihub","controllerGroup":"hub.mydecisive.ai","controllerKind":"MdaiHub","MdaiHub":{"name":"mdaihub","namespace":"mdai"},"namespace":"mdai","name":"mdaihub","reconcileID":"1a04565a-e261-46ab-92bc-baa272534851"}
{"level":"info","timestamp":"2026-02-26T23:54:17.274Z","msg":"No evaluations found, skipping PrometheusRule creation","controller":"mdaihub","controllerGroup":"hub.mydecisive.ai","controllerKind":"MdaiHub","MdaiHub":{"name":"mdaihub","namespace":"mdai"},"namespace":"mdai","name":"mdaihub","reconcileID":"1a04565a-e261-46ab-92bc-baa272534851"}
{"level":"info","timestamp":"2026-02-26T23:54:17.274Z","msg":"No automations defined in the MDAI CR","controller":"mdaihub","controllerGroup":"hub.mydecisive.ai","controllerKind":"MdaiHub","MdaiHub":{"name":"mdaihub","namespace":"mdai"},"namespace":"mdai","name":"mdaihub","reconcileID":"1a04565a-e261-46ab-92bc-baa272534851","name":"mdaihub"}
{"level":"info","timestamp":"2026-02-26T23:54:17.274Z","msg":"Deleting ConfigMap","controller":"mdaihub","controllerGroup":"hub.mydecisive.ai","controllerKind":"MdaiHub","MdaiHub":{"name":"mdaihub","namespace":"mdai"},"namespace":"mdai","name":"mdaihub","reconcileID":"1a04565a-e261-46ab-92bc-baa272534851","name":"mdaihub-automation","namespace":"mdai"}
{"level":"info","timestamp":"2026-02-26T23:54:17.274Z","msg":"ConfigMap not found, skipping deletion","controller":"mdaihub","controllerGroup":"hub.mydecisive.ai","controllerKind":"MdaiHub","MdaiHub":{"name":"mdaihub","namespace":"mdai"},"namespace":"mdai","name":"mdaihub","reconcileID":"1a04565a-e261-46ab-92bc-baa272534851","name":"mdaihub-automation","namespace":"mdai"}
{"level":"info","timestamp":"2026-02-26T23:54:17.274Z","msg":"No variables found in the CR, skipping variable synchronization","controller":"mdaihub","controllerGroup":"hub.mydecisive.ai","controllerKind":"MdaiHub","MdaiHub":{"name":"mdaihub","namespace":"mdai"},"namespace":"mdai","name":"mdaihub","reconcileID":"1a04565a-e261-46ab-92bc-baa272534851"}
{"level":"info","timestamp":"2026-02-26T23:54:17.276Z","msg":"Status set to done for mdai hub","controller":"mdaihub","controllerGroup":"hub.mydecisive.ai","controllerKind":"MdaiHub","MdaiHub":{"name":"mdaihub","namespace":"mdai"},"namespace":"mdai","name":"mdaihub","reconcileID":"1a04565a-e261-46ab-92bc-baa272534851","mdaiHub":"mdaihub"}
{"level":"info","timestamp":"2026-02-26T23:54:17.276Z","msg":"-- Finished MdaiHub reconciliation --","controller":"mdaihub","controllerGroup":"hub.mydecisive.ai","controllerKind":"MdaiHub","MdaiHub":{"name":"mdaihub","namespace":"mdai"},"namespace":"mdai","name":"mdaihub","reconcileID":"1a04565a-e261-46ab-92bc-baa272534851"}
{"level":"info","timestamp":"2026-02-26T23:54:18.047Z","msg":"<UpdateFunc> dynamic-filtration-mdai-observer shouldReconcile: false"}
{"level":"info","timestamp":"2026-02-26T23:54:18.061Z","msg":"<UpdateFunc> dynamic-filtration-mdai-observer shouldReconcile: false"}
{"level":"info","timestamp":"2026-02-26T23:54:18.070Z","msg":"<UpdateFunc> dynamic-filtration-mdai-observer shouldReconcile: false"}
{"level":"info","timestamp":"2026-02-26T23:54:19.062Z","msg":"<UpdateFunc> dynamic-filtration-mdai-observer shouldReconcile: false"}
{"level":"info","timestamp":"2026-02-26T23:54:19.075Z","msg":"<UpdateFunc> dynamic-filtration-mdai-observer shouldReconcile: false"}
{"level":"info","timestamp":"2026-02-26T23:54:44.933Z","logger":"mdaihub-resource","msg":"Defaulting for MdaiHub","name":"mdaihub"}
{"level":"info","timestamp":"2026-02-26T23:54:44.935Z","logger":"mdaihub-resource","msg":"Validation for MdaiHub upon update","name":"mdaihub"}
{"level":"info","timestamp":"2026-02-26T23:54:45.084Z","logger":"mdaiobserver-resource","msg":"Validation for MdaiObserver upon update","name":"dynamic-filtration"}
{"level":"info","timestamp":"2026-02-26T23:54:45.101Z","logger":"mdaihub-resource","msg":"Defaulting for MdaiHub","name":"mdaihub"}
{"level":"info","timestamp":"2026-02-26T23:54:45.102Z","logger":"mdaihub-resource","msg":"Validation for MdaiHub upon update","name":"mdaihub"}
{"level":"info","timestamp":"2026-02-26T23:54:45.105Z","msg":"-- Starting MdaiHub reconciliation --","controller":"mdaihub","controllerGroup":"hub.mydecisive.ai","controllerKind":"MdaiHub","MdaiHub":{"name":"mdaihub","namespace":"mdai"},"namespace":"mdai","name":"mdaihub","reconcileID":"771ca75c-da3d-40f2-b3f5-5873d66aa5c6","namespace":{"name":"mdaihub","namespace":"mdai"},"name":"mdaihub"}
{"level":"info","timestamp":"2026-02-26T23:54:45.105Z","msg":"EnsurePrometheusRuleSynchronized","controller":"mdaihub","controllerGroup":"hub.mydecisive.ai","controllerKind":"MdaiHub","MdaiHub":{"name":"mdaihub","namespace":"mdai"},"namespace":"mdai","name":"mdaihub","reconcileID":"771ca75c-da3d-40f2-b3f5-5873d66aa5c6"}
{"level":"info","timestamp":"2026-02-26T23:54:45.111Z","msg":"Created new PrometheusRule","controller":"mdaihub","controllerGroup":"hub.mydecisive.ai","controllerKind":"MdaiHub","MdaiHub":{"name":"mdaihub","namespace":"mdai"},"namespace":"mdai","name":"mdaihub","reconcileID":"771ca75c-da3d-40f2-b3f5-5873d66aa5c6","prometheus_rule_name":"mdai-mdaihub-alert-rules"}
{"level":"info","timestamp":"2026-02-26T23:54:45.117Z","msg":"Creating or updating ConfigMap for automations","controller":"mdaihub","controllerGroup":"hub.mydecisive.ai","controllerKind":"MdaiHub","MdaiHub":{"name":"mdaihub","namespace":"mdai"},"namespace":"mdai","name":"mdaihub","reconcileID":"771ca75c-da3d-40f2-b3f5-5873d66aa5c6","name":"mdaihub"}
{"level":"info","timestamp":"2026-02-26T23:54:45.119Z","msg":"Successfully created or updated ConfigMap","controller":"mdaihub","controllerGroup":"hub.mydecisive.ai","controllerKind":"MdaiHub","MdaiHub":{"name":"mdaihub","namespace":"mdai"},"namespace":"mdai","name":"mdaihub","reconcileID":"771ca75c-da3d-40f2-b3f5-5873d66aa5c6","name":"mdaihub-automation","namespace":"mdai","operation":"created"}
{"level":"info","timestamp":"2026-02-26T23:54:45.119Z","msg":"Successfully created ConfigMap for automations","controller":"mdaihub","controllerGroup":"hub.mydecisive.ai","controllerKind":"MdaiHub","MdaiHub":{"name":"mdaihub","namespace":"mdai"},"namespace":"mdai","name":"mdaihub","reconcileID":"771ca75c-da3d-40f2-b3f5-5873d66aa5c6","name":"mdaihub"}
{"level":"info","timestamp":"2026-02-26T23:54:45.119Z","msg":"Processing variable","controller":"mdaihub","controllerGroup":"hub.mydecisive.ai","controllerKind":"MdaiHub","MdaiHub":{"name":"mdaihub","namespace":"mdai"},"namespace":"mdai","name":"mdaihub","reconcileID":"771ca75c-da3d-40f2-b3f5-5873d66aa5c6","key":"service_list"}
{"level":"info","timestamp":"2026-02-26T23:54:45.119Z","msg":"<CreateFunc> mdaihub-automation ignored"}
{"level":"info","timestamp":"2026-02-26T23:54:45.121Z","msg":"Data received for variable/mdaihub/service_list: []"}
{"level":"info","timestamp":"2026-02-26T23:54:45.121Z","msg":"Processing variable","controller":"mdaihub","controllerGroup":"hub.mydecisive.ai","controllerKind":"MdaiHub","MdaiHub":{"name":"mdaihub","namespace":"mdai"},"namespace":"mdai","name":"mdaihub","reconcileID":"771ca75c-da3d-40f2-b3f5-5873d66aa5c6","key":"alerting_data_type"}
{"level":"info","timestamp":"2026-02-26T23:54:45.123Z","msg":"No value found in storage","key":"variable/mdaihub/alerting_data_type"}
{"level":"info","timestamp":"2026-02-26T23:54:45.123Z","msg":"Processing variable","controller":"mdaihub","controllerGroup":"hub.mydecisive.ai","controllerKind":"MdaiHub","MdaiHub":{"name":"mdaihub","namespace":"mdai"},"namespace":"mdai","name":"mdaihub","reconcileID":"771ca75c-da3d-40f2-b3f5-5873d66aa5c6","key":"alerting_triggered"}
{"level":"info","timestamp":"2026-02-26T23:54:45.123Z","msg":"No value found in storage","key":"variable/mdaihub/alerting_triggered"}
{"level":"info","timestamp":"2026-02-26T23:54:45.123Z","msg":"Deleting old valkey keys","controller":"mdaihub","controllerGroup":"hub.mydecisive.ai","controllerKind":"MdaiHub","MdaiHub":{"name":"mdaihub","namespace":"mdai"},"namespace":"mdai","name":"mdaihub","reconcileID":"771ca75c-da3d-40f2-b3f5-5873d66aa5c6","valkeyKeysToKeep":{"alerting_data_type":{},"alerting_triggered":{},"service_list":{}}}
{"level":"info","timestamp":"2026-02-26T23:54:45.123Z","msg":"No manual variables defined in the MDAI CR","controller":"mdaihub","controllerGroup":"hub.mydecisive.ai","controllerKind":"MdaiHub","MdaiHub":{"name":"mdaihub","namespace":"mdai"},"namespace":"mdai","name":"mdaihub","reconcileID":"771ca75c-da3d-40f2-b3f5-5873d66aa5c6","name":"mdaihub"}
{"level":"info","timestamp":"2026-02-26T23:54:45.123Z","msg":"Deleting ConfigMap","controller":"mdaihub","controllerGroup":"hub.mydecisive.ai","controllerKind":"MdaiHub","MdaiHub":{"name":"mdaihub","namespace":"mdai"},"namespace":"mdai","name":"mdaihub","reconcileID":"771ca75c-da3d-40f2-b3f5-5873d66aa5c6","name":"mdaihub-manual-variables","namespace":"mdai"}
{"level":"info","timestamp":"2026-02-26T23:54:45.123Z","msg":"ConfigMap not found, skipping deletion","controller":"mdaihub","controllerGroup":"hub.mydecisive.ai","controllerKind":"MdaiHub","MdaiHub":{"name":"mdaihub","namespace":"mdai"},"namespace":"mdai","name":"mdaihub","reconcileID":"771ca75c-da3d-40f2-b3f5-5873d66aa5c6","name":"mdaihub-manual-variables","namespace":"mdai"}
{"level":"info","timestamp":"2026-02-26T23:54:45.126Z","msg":"<CreateFunc> mdaihub-variables ignored"}
{"level":"info","timestamp":"2026-02-26T23:54:45.126Z","msg":"Successfully created or updated ConfigMap","controller":"mdaihub","controllerGroup":"hub.mydecisive.ai","controllerKind":"MdaiHub","MdaiHub":{"name":"mdaihub","namespace":"mdai"},"namespace":"mdai","name":"mdaihub","reconcileID":"771ca75c-da3d-40f2-b3f5-5873d66aa5c6","name":"mdaihub-variables","namespace":"mdai","operation":"created"}
{"level":"info","timestamp":"2026-02-26T23:54:45.126Z","msg":"Successfully created or updated ConfigMap","controller":"mdaihub","controllerGroup":"hub.mydecisive.ai","controllerKind":"MdaiHub","MdaiHub":{"name":"mdaihub","namespace":"mdai"},"namespace":"mdai","name":"mdaihub","reconcileID":"771ca75c-da3d-40f2-b3f5-5873d66aa5c6","name":"mdaihub-variables","namespace":"mdai","operation":"unchanged"}
{"level":"info","timestamp":"2026-02-26T23:54:45.126Z","msg":"Triggering restart of OpenTelemetry Collector","controller":"mdaihub","controllerGroup":"hub.mydecisive.ai","controllerKind":"MdaiHub","MdaiHub":{"name":"mdaihub","namespace":"mdai"},"namespace":"mdai","name":"mdaihub","reconcileID":"771ca75c-da3d-40f2-b3f5-5873d66aa5c6","name":"gateway-datadog"}
{"level":"warn","timestamp":"2026-02-26T23:54:45.135Z","msg":"VALKEY_AUDIT_STREAM_EXPIRY_MS is deprecated; use VALKEY_AUDIT_STREAM_RETENTION","retention":2592000,"stacktrace":"github.com/decisiveai/mdai-data-core/audit.getStreamRetention\n\tgithub.com/decisiveai/mdai-data-core@v0.2.9/audit/adapter.go:241\ngithub.com/decisiveai/mdai-data-core/audit.NewAuditAdapter\n\tgithub.com/decisiveai/mdai-data-core@v0.2.9/audit/adapter.go:54\ngithub.com/decisiveai/mdai-operator/internal/controller.HubAdapter.restartCollectorAndAudit\n\tgithub.com/decisiveai/mdai-operator/internal/controller/hub_adapter.go:427\ngithub.com/decisiveai/mdai-operator/internal/controller.HubAdapter.syncComputedConfigMapsAndRestart\n\tgithub.com/decisiveai/mdai-operator/internal/controller/hub_adapter.go:458\ngithub.com/decisiveai/mdai-operator/internal/controller.HubAdapter.ensureVariableSynchronized\n\tgithub.com/decisiveai/mdai-operator/internal/controller/hub_adapter.go:507\ngithub.com/decisiveai/mdai-operator/internal/controller.(*MdaiHubReconciler).ReconcileHandler\n\tgithub.com/decisiveai/mdai-operator/internal/controller/mdaihub_controller.go:113\ngithub.com/decisiveai/mdai-operator/internal/controller.(*MdaiHubReconciler).Reconcile\n\tgithub.com/decisiveai/mdai-operator/internal/controller/mdaihub_controller.go:87\nsigs.k8s.io/controller-runtime/pkg/internal/controller.(*Controller[...]).Reconcile\n\tsigs.k8s.io/controller-runtime@v0.20.4/pkg/internal/controller/controller.go:119\nsigs.k8s.io/controller-runtime/pkg/internal/controller.(*Controller[...]).reconcileHandler\n\tsigs.k8s.io/controller-runtime@v0.20.4/pkg/internal/controller/controller.go:334\nsigs.k8s.io/controller-runtime/pkg/internal/controller.(*Controller[...]).processNextWorkItem\n\tsigs.k8s.io/controller-runtime@v0.20.4/pkg/internal/controller/controller.go:294\nsigs.k8s.io/controller-runtime/pkg/internal/controller.(*Controller[...]).Start.func2.2\n\tsigs.k8s.io/controller-runtime@v0.20.4/pkg/internal/controller/controller.go:255"}
{"level":"info","timestamp":"2026-02-26T23:54:45.135Z","msg":"AUDIT: Triggering restart of OpenTelemetry Collector","controller":"mdaihub","controllerGroup":"hub.mydecisive.ai","controllerKind":"MdaiHub","MdaiHub":{"name":"mdaihub","namespace":"mdai"},"namespace":"mdai","name":"mdaihub","reconcileID":"771ca75c-da3d-40f2-b3f5-5873d66aa5c6","mdai-logstream":"audit","type":"collector_restart","timestamp":"2026-02-26T23:54:45Z","hub_name":"mdaihub","SERVICE_LIST_REGEX":""}
{"level":"info","timestamp":"2026-02-26T23:54:45.136Z","msg":"Triggering restart of OpenTelemetry Collector","controller":"mdaihub","controllerGroup":"hub.mydecisive.ai","controllerKind":"MdaiHub","MdaiHub":{"name":"mdaihub","namespace":"mdai"},"namespace":"mdai","name":"mdaihub","reconcileID":"771ca75c-da3d-40f2-b3f5-5873d66aa5c6","name":"gateway-dynamic-filtration"}
{"level":"warn","timestamp":"2026-02-26T23:54:45.144Z","msg":"VALKEY_AUDIT_STREAM_EXPIRY_MS is deprecated; use VALKEY_AUDIT_STREAM_RETENTION","retention":2592000,"stacktrace":"github.com/decisiveai/mdai-data-core/audit.getStreamRetention\n\tgithub.com/decisiveai/mdai-data-core@v0.2.9/audit/adapter.go:241\ngithub.com/decisiveai/mdai-data-core/audit.NewAuditAdapter\n\tgithub.com/decisiveai/mdai-data-core@v0.2.9/audit/adapter.go:54\ngithub.com/decisiveai/mdai-operator/internal/controller.HubAdapter.restartCollectorAndAudit\n\tgithub.com/decisiveai/mdai-operator/internal/controller/hub_adapter.go:427\ngithub.com/decisiveai/mdai-operator/internal/controller.HubAdapter.syncComputedConfigMapsAndRestart\n\tgithub.com/decisiveai/mdai-operator/internal/controller/hub_adapter.go:458\ngithub.com/decisiveai/mdai-operator/internal/controller.HubAdapter.ensureVariableSynchronized\n\tgithub.com/decisiveai/mdai-operator/internal/controller/hub_adapter.go:507\ngithub.com/decisiveai/mdai-operator/internal/controller.(*MdaiHubReconciler).ReconcileHandler\n\tgithub.com/decisiveai/mdai-operator/internal/controller/mdaihub_controller.go:113\ngithub.com/decisiveai/mdai-operator/internal/controller.(*MdaiHubReconciler).Reconcile\n\tgithub.com/decisiveai/mdai-operator/internal/controller/mdaihub_controller.go:87\nsigs.k8s.io/controller-runtime/pkg/internal/controller.(*Controller[...]).Reconcile\n\tsigs.k8s.io/controller-runtime@v0.20.4/pkg/internal/controller/controller.go:119\nsigs.k8s.io/controller-runtime/pkg/internal/controller.(*Controller[...]).reconcileHandler\n\tsigs.k8s.io/controller-runtime@v0.20.4/pkg/internal/controller/controller.go:334\nsigs.k8s.io/controller-runtime/pkg/internal/controller.(*Controller[...]).processNextWorkItem\n\tsigs.k8s.io/controller-runtime@v0.20.4/pkg/internal/controller/controller.go:294\nsigs.k8s.io/controller-runtime/pkg/internal/controller.(*Controller[...]).Start.func2.2\n\tsigs.k8s.io/controller-runtime@v0.20.4/pkg/internal/controller/controller.go:255"}
{"level":"info","timestamp":"2026-02-26T23:54:45.144Z","msg":"AUDIT: Triggering restart of OpenTelemetry Collector","controller":"mdaihub","controllerGroup":"hub.mydecisive.ai","controllerKind":"MdaiHub","MdaiHub":{"name":"mdaihub","namespace":"mdai"},"namespace":"mdai","name":"mdaihub","reconcileID":"771ca75c-da3d-40f2-b3f5-5873d66aa5c6","mdai-logstream":"audit","type":"collector_restart","timestamp":"2026-02-26T23:54:45Z","hub_name":"mdaihub","SERVICE_LIST_REGEX":""}
{"level":"info","timestamp":"2026-02-26T23:54:45.153Z","msg":"Status set to done for mdai hub","controller":"mdaihub","controllerGroup":"hub.mydecisive.ai","controllerKind":"MdaiHub","MdaiHub":{"name":"mdaihub","namespace":"mdai"},"namespace":"mdai","name":"mdaihub","reconcileID":"771ca75c-da3d-40f2-b3f5-5873d66aa5c6","mdaiHub":"mdaihub"}
{"level":"info","timestamp":"2026-02-26T23:54:45.153Z","msg":"-- Finished MdaiHub reconciliation --","controller":"mdaihub","controllerGroup":"hub.mydecisive.ai","controllerKind":"MdaiHub","MdaiHub":{"name":"mdaihub","namespace":"mdai"},"namespace":"mdai","name":"mdaihub","reconcileID":"771ca75c-da3d-40f2-b3f5-5873d66aa5c6"}
{"level":"info","timestamp":"2026-02-26T23:54:45.262Z","logger":"mdaihub-resource","msg":"Defaulting for MdaiHub","name":"mdaihub"}
{"level":"info","timestamp":"2026-02-26T23:54:45.263Z","logger":"mdaihub-resource","msg":"Validation for MdaiHub upon update","name":"mdaihub"}
{"level":"info","timestamp":"2026-02-26T23:54:45.264Z","msg":"-- Starting MdaiHub reconciliation --","controller":"mdaihub","controllerGroup":"hub.mydecisive.ai","controllerKind":"MdaiHub","MdaiHub":{"name":"mdaihub","namespace":"mdai"},"namespace":"mdai","name":"mdaihub","reconcileID":"35f87b3b-0f0d-4417-9616-06dd41234247","namespace":{"name":"mdaihub","namespace":"mdai"},"name":"mdaihub"}
{"level":"info","timestamp":"2026-02-26T23:54:45.264Z","msg":"EnsurePrometheusRuleSynchronized","controller":"mdaihub","controllerGroup":"hub.mydecisive.ai","controllerKind":"MdaiHub","MdaiHub":{"name":"mdaihub","namespace":"mdai"},"namespace":"mdai","name":"mdaihub","reconcileID":"35f87b3b-0f0d-4417-9616-06dd41234247"}
{"level":"info","timestamp":"2026-02-26T23:54:45.264Z","msg":"No evaluations found, skipping PrometheusRule creation","controller":"mdaihub","controllerGroup":"hub.mydecisive.ai","controllerKind":"MdaiHub","MdaiHub":{"name":"mdaihub","namespace":"mdai"},"namespace":"mdai","name":"mdaihub","reconcileID":"35f87b3b-0f0d-4417-9616-06dd41234247"}
{"level":"info","timestamp":"2026-02-26T23:54:45.264Z","msg":"Removing existing rules","controller":"mdaihub","controllerGroup":"hub.mydecisive.ai","controllerKind":"MdaiHub","MdaiHub":{"name":"mdaihub","namespace":"mdai"},"namespace":"mdai","name":"mdaihub","reconcileID":"35f87b3b-0f0d-4417-9616-06dd41234247"}
{"level":"info","timestamp":"2026-02-26T23:54:45.268Z","msg":"Deleted PrometheusRule","controller":"mdaihub","controllerGroup":"hub.mydecisive.ai","controllerKind":"MdaiHub","MdaiHub":{"name":"mdaihub","namespace":"mdai"},"namespace":"mdai","name":"mdaihub","reconcileID":"35f87b3b-0f0d-4417-9616-06dd41234247","prometheus_rule_name":"mdai-mdaihub-alert-rules"}
{"level":"info","timestamp":"2026-02-26T23:54:45.268Z","msg":"No automations defined in the MDAI CR","controller":"mdaihub","controllerGroup":"hub.mydecisive.ai","controllerKind":"MdaiHub","MdaiHub":{"name":"mdaihub","namespace":"mdai"},"namespace":"mdai","name":"mdaihub","reconcileID":"35f87b3b-0f0d-4417-9616-06dd41234247","name":"mdaihub"}
{"level":"info","timestamp":"2026-02-26T23:54:45.268Z","msg":"Deleting ConfigMap","controller":"mdaihub","controllerGroup":"hub.mydecisive.ai","controllerKind":"MdaiHub","MdaiHub":{"name":"mdaihub","namespace":"mdai"},"namespace":"mdai","name":"mdaihub","reconcileID":"35f87b3b-0f0d-4417-9616-06dd41234247","name":"mdaihub-automation","namespace":"mdai"}
{"level":"info","timestamp":"2026-02-26T23:54:45.280Z","msg":"No variables found in the CR, skipping variable synchronization","controller":"mdaihub","controllerGroup":"hub.mydecisive.ai","controllerKind":"MdaiHub","MdaiHub":{"name":"mdaihub","namespace":"mdai"},"namespace":"mdai","name":"mdaihub","reconcileID":"35f87b3b-0f0d-4417-9616-06dd41234247"}
{"level":"info","timestamp":"2026-02-26T23:54:45.280Z","msg":"<DeleteFunc> mdaihub-automation ignored"}
{"level":"info","timestamp":"2026-02-26T23:54:45.283Z","msg":"Status set to done for mdai hub","controller":"mdaihub","controllerGroup":"hub.mydecisive.ai","controllerKind":"MdaiHub","MdaiHub":{"name":"mdaihub","namespace":"mdai"},"namespace":"mdai","name":"mdaihub","reconcileID":"35f87b3b-0f0d-4417-9616-06dd41234247","mdaiHub":"mdaihub"}
{"level":"info","timestamp":"2026-02-26T23:54:45.283Z","msg":"-- Finished MdaiHub reconciliation --","controller":"mdaihub","controllerGroup":"hub.mydecisive.ai","controllerKind":"MdaiHub","MdaiHub":{"name":"mdaihub","namespace":"mdai"},"namespace":"mdai","name":"mdaihub","reconcileID":"35f87b3b-0f0d-4417-9616-06dd41234247"}
{"level":"info","timestamp":"2026-02-26T23:54:45.321Z","logger":"mdaihub-resource","msg":"Defaulting for MdaiHub","name":"mdaihub"}
{"level":"info","timestamp":"2026-02-26T23:54:45.323Z","logger":"mdaihub-resource","msg":"Validation for MdaiHub upon update","name":"mdaihub"}
{"level":"info","timestamp":"2026-02-26T23:54:45.326Z","msg":"-- Starting MdaiHub reconciliation --","controller":"mdaihub","controllerGroup":"hub.mydecisive.ai","controllerKind":"MdaiHub","MdaiHub":{"name":"mdaihub","namespace":"mdai"},"namespace":"mdai","name":"mdaihub","reconcileID":"f9e7bade-af0b-4f04-bcad-9615502f5dd4","namespace":{"name":"mdaihub","namespace":"mdai"},"name":"mdaihub"}
{"level":"info","timestamp":"2026-02-26T23:54:45.326Z","msg":"EnsurePrometheusRuleSynchronized","controller":"mdaihub","controllerGroup":"hub.mydecisive.ai","controllerKind":"MdaiHub","MdaiHub":{"name":"mdaihub","namespace":"mdai"},"namespace":"mdai","name":"mdaihub","reconcileID":"f9e7bade-af0b-4f04-bcad-9615502f5dd4"}
{"level":"info","timestamp":"2026-02-26T23:54:45.330Z","msg":"Created new PrometheusRule","controller":"mdaihub","controllerGroup":"hub.mydecisive.ai","controllerKind":"MdaiHub","MdaiHub":{"name":"mdaihub","namespace":"mdai"},"namespace":"mdai","name":"mdaihub","reconcileID":"f9e7bade-af0b-4f04-bcad-9615502f5dd4","prometheus_rule_name":"mdai-mdaihub-alert-rules"}
{"level":"info","timestamp":"2026-02-26T23:54:45.333Z","msg":"Creating or updating ConfigMap for automations","controller":"mdaihub","controllerGroup":"hub.mydecisive.ai","controllerKind":"MdaiHub","MdaiHub":{"name":"mdaihub","namespace":"mdai"},"namespace":"mdai","name":"mdaihub","reconcileID":"f9e7bade-af0b-4f04-bcad-9615502f5dd4","name":"mdaihub"}
{"level":"info","timestamp":"2026-02-26T23:54:45.336Z","msg":"<CreateFunc> mdaihub-automation ignored"}
{"level":"info","timestamp":"2026-02-26T23:54:45.336Z","msg":"Successfully created or updated ConfigMap","controller":"mdaihub","controllerGroup":"hub.mydecisive.ai","controllerKind":"MdaiHub","MdaiHub":{"name":"mdaihub","namespace":"mdai"},"namespace":"mdai","name":"mdaihub","reconcileID":"f9e7bade-af0b-4f04-bcad-9615502f5dd4","name":"mdaihub-automation","namespace":"mdai","operation":"created"}
{"level":"info","timestamp":"2026-02-26T23:54:45.336Z","msg":"Successfully created ConfigMap for automations","controller":"mdaihub","controllerGroup":"hub.mydecisive.ai","controllerKind":"MdaiHub","MdaiHub":{"name":"mdaihub","namespace":"mdai"},"namespace":"mdai","name":"mdaihub","reconcileID":"f9e7bade-af0b-4f04-bcad-9615502f5dd4","name":"mdaihub"}
{"level":"info","timestamp":"2026-02-26T23:54:45.336Z","msg":"Processing variable","controller":"mdaihub","controllerGroup":"hub.mydecisive.ai","controllerKind":"MdaiHub","MdaiHub":{"name":"mdaihub","namespace":"mdai"},"namespace":"mdai","name":"mdaihub","reconcileID":"f9e7bade-af0b-4f04-bcad-9615502f5dd4","key":"service_list"}
{"level":"info","timestamp":"2026-02-26T23:54:45.336Z","msg":"Data received for variable/mdaihub/service_list: []"}
{"level":"info","timestamp":"2026-02-26T23:54:45.336Z","msg":"Processing variable","controller":"mdaihub","controllerGroup":"hub.mydecisive.ai","controllerKind":"MdaiHub","MdaiHub":{"name":"mdaihub","namespace":"mdai"},"namespace":"mdai","name":"mdaihub","reconcileID":"f9e7bade-af0b-4f04-bcad-9615502f5dd4","key":"alerting_data_type"}
{"level":"info","timestamp":"2026-02-26T23:54:45.336Z","msg":"No value found in storage","key":"variable/mdaihub/alerting_data_type"}
{"level":"info","timestamp":"2026-02-26T23:54:45.336Z","msg":"Processing variable","controller":"mdaihub","controllerGroup":"hub.mydecisive.ai","controllerKind":"MdaiHub","MdaiHub":{"name":"mdaihub","namespace":"mdai"},"namespace":"mdai","name":"mdaihub","reconcileID":"f9e7bade-af0b-4f04-bcad-9615502f5dd4","key":"alerting_triggered"}
{"level":"info","timestamp":"2026-02-26T23:54:45.336Z","msg":"No value found in storage","key":"variable/mdaihub/alerting_triggered"}
{"level":"info","timestamp":"2026-02-26T23:54:45.336Z","msg":"Deleting old valkey keys","controller":"mdaihub","controllerGroup":"hub.mydecisive.ai","controllerKind":"MdaiHub","MdaiHub":{"name":"mdaihub","namespace":"mdai"},"namespace":"mdai","name":"mdaihub","reconcileID":"f9e7bade-af0b-4f04-bcad-9615502f5dd4","valkeyKeysToKeep":{"alerting_data_type":{},"alerting_triggered":{},"service_list":{}}}
{"level":"info","timestamp":"2026-02-26T23:54:45.337Z","msg":"No manual variables defined in the MDAI CR","controller":"mdaihub","controllerGroup":"hub.mydecisive.ai","controllerKind":"MdaiHub","MdaiHub":{"name":"mdaihub","namespace":"mdai"},"namespace":"mdai","name":"mdaihub","reconcileID":"f9e7bade-af0b-4f04-bcad-9615502f5dd4","name":"mdaihub"}
{"level":"info","timestamp":"2026-02-26T23:54:45.337Z","msg":"Deleting ConfigMap","controller":"mdaihub","controllerGroup":"hub.mydecisive.ai","controllerKind":"MdaiHub","MdaiHub":{"name":"mdaihub","namespace":"mdai"},"namespace":"mdai","name":"mdaihub","reconcileID":"f9e7bade-af0b-4f04-bcad-9615502f5dd4","name":"mdaihub-manual-variables","namespace":"mdai"}
{"level":"info","timestamp":"2026-02-26T23:54:45.338Z","msg":"ConfigMap not found, skipping deletion","controller":"mdaihub","controllerGroup":"hub.mydecisive.ai","controllerKind":"MdaiHub","MdaiHub":{"name":"mdaihub","namespace":"mdai"},"namespace":"mdai","name":"mdaihub","reconcileID":"f9e7bade-af0b-4f04-bcad-9615502f5dd4","name":"mdaihub-manual-variables","namespace":"mdai"}
{"level":"info","timestamp":"2026-02-26T23:54:45.338Z","msg":"Successfully created or updated ConfigMap","controller":"mdaihub","controllerGroup":"hub.mydecisive.ai","controllerKind":"MdaiHub","MdaiHub":{"name":"mdaihub","namespace":"mdai"},"namespace":"mdai","name":"mdaihub","reconcileID":"f9e7bade-af0b-4f04-bcad-9615502f5dd4","name":"mdaihub-variables","namespace":"mdai","operation":"unchanged"}
{"level":"info","timestamp":"2026-02-26T23:54:45.338Z","msg":"Successfully created or updated ConfigMap","controller":"mdaihub","controllerGroup":"hub.mydecisive.ai","controllerKind":"MdaiHub","MdaiHub":{"name":"mdaihub","namespace":"mdai"},"namespace":"mdai","name":"mdaihub","reconcileID":"f9e7bade-af0b-4f04-bcad-9615502f5dd4","name":"mdaihub-variables","namespace":"mdai","operation":"unchanged"}
{"level":"info","timestamp":"2026-02-26T23:54:45.340Z","msg":"Status set to done for mdai hub","controller":"mdaihub","controllerGroup":"hub.mydecisive.ai","controllerKind":"MdaiHub","MdaiHub":{"name":"mdaihub","namespace":"mdai"},"namespace":"mdai","name":"mdaihub","reconcileID":"f9e7bade-af0b-4f04-bcad-9615502f5dd4","mdaiHub":"mdaihub"}
{"level":"info","timestamp":"2026-02-26T23:54:45.340Z","msg":"-- Finished MdaiHub reconciliation --","controller":"mdaihub","controllerGroup":"hub.mydecisive.ai","controllerKind":"MdaiHub","MdaiHub":{"name":"mdaihub","namespace":"mdai"},"namespace":"mdai","name":"mdaihub","reconcileID":"f9e7bade-af0b-4f04-bcad-9615502f5dd4"}
{"level":"info","timestamp":"2026-02-26T23:54:47.056Z","logger":"mdaihub-resource","msg":"Defaulting for MdaiHub","name":"mdaihub"}
{"level":"info","timestamp":"2026-02-26T23:54:47.057Z","logger":"mdaihub-resource","msg":"Validation for MdaiHub upon update","name":"mdaihub"}
{"level":"info","timestamp":"2026-02-26T23:54:47.058Z","logger":"mdaihub-resource","msg":"Defaulting for MdaiHub","name":"mdaihub"}
{"level":"info","timestamp":"2026-02-26T23:54:47.059Z","logger":"mdaihub-resource","msg":"Validation for MdaiHub upon update","name":"mdaihub"}
{"level":"info","timestamp":"2026-02-26T23:54:47.059Z","msg":"-- Starting MdaiHub reconciliation --","controller":"mdaihub","controllerGroup":"hub.mydecisive.ai","controllerKind":"MdaiHub","MdaiHub":{"name":"mdaihub","namespace":"mdai"},"namespace":"mdai","name":"mdaihub","reconcileID":"edeabebe-4664-42fa-9b4c-410f04d2f41d","namespace":{"name":"mdaihub","namespace":"mdai"},"name":"mdaihub"}
{"level":"info","timestamp":"2026-02-26T23:54:47.059Z","msg":"EnsurePrometheusRuleSynchronized","controller":"mdaihub","controllerGroup":"hub.mydecisive.ai","controllerKind":"MdaiHub","MdaiHub":{"name":"mdaihub","namespace":"mdai"},"namespace":"mdai","name":"mdaihub","reconcileID":"edeabebe-4664-42fa-9b4c-410f04d2f41d"}
{"level":"info","timestamp":"2026-02-26T23:54:47.059Z","msg":"No evaluations found, skipping PrometheusRule creation","controller":"mdaihub","controllerGroup":"hub.mydecisive.ai","controllerKind":"MdaiHub","MdaiHub":{"name":"mdaihub","namespace":"mdai"},"namespace":"mdai","name":"mdaihub","reconcileID":"edeabebe-4664-42fa-9b4c-410f04d2f41d"}
{"level":"info","timestamp":"2026-02-26T23:54:47.059Z","msg":"Removing existing rules","controller":"mdaihub","controllerGroup":"hub.mydecisive.ai","controllerKind":"MdaiHub","MdaiHub":{"name":"mdaihub","namespace":"mdai"},"namespace":"mdai","name":"mdaihub","reconcileID":"edeabebe-4664-42fa-9b4c-410f04d2f41d"}
{"level":"info","timestamp":"2026-02-26T23:54:47.061Z","logger":"mdaihub-resource","msg":"Defaulting for MdaiHub","name":"mdaihub"}
{"level":"info","timestamp":"2026-02-26T23:54:47.062Z","logger":"mdaihub-resource","msg":"Validation for MdaiHub upon update","name":"mdaihub"}
{"level":"info","timestamp":"2026-02-26T23:54:47.062Z","msg":"Deleted PrometheusRule","controller":"mdaihub","controllerGroup":"hub.mydecisive.ai","controllerKind":"MdaiHub","MdaiHub":{"name":"mdaihub","namespace":"mdai"},"namespace":"mdai","name":"mdaihub","reconcileID":"edeabebe-4664-42fa-9b4c-410f04d2f41d","prometheus_rule_name":"mdai-mdaihub-alert-rules"}
{"level":"info","timestamp":"2026-02-26T23:54:47.062Z","msg":"No automations defined in the MDAI CR","controller":"mdaihub","controllerGroup":"hub.mydecisive.ai","controllerKind":"MdaiHub","MdaiHub":{"name":"mdaihub","namespace":"mdai"},"namespace":"mdai","name":"mdaihub","reconcileID":"edeabebe-4664-42fa-9b4c-410f04d2f41d","name":"mdaihub"}
{"level":"info","timestamp":"2026-02-26T23:54:47.062Z","msg":"Deleting ConfigMap","controller":"mdaihub","controllerGroup":"hub.mydecisive.ai","controllerKind":"MdaiHub","MdaiHub":{"name":"mdaihub","namespace":"mdai"},"namespace":"mdai","name":"mdaihub","reconcileID":"edeabebe-4664-42fa-9b4c-410f04d2f41d","name":"mdaihub-automation","namespace":"mdai"}
{"level":"info","timestamp":"2026-02-26T23:54:47.064Z","msg":"<DeleteFunc> mdaihub-automation ignored"}
{"level":"info","timestamp":"2026-02-26T23:54:47.065Z","msg":"No variables found in the CR, skipping variable synchronization","controller":"mdaihub","controllerGroup":"hub.mydecisive.ai","controllerKind":"MdaiHub","MdaiHub":{"name":"mdaihub","namespace":"mdai"},"namespace":"mdai","name":"mdaihub","reconcileID":"edeabebe-4664-42fa-9b4c-410f04d2f41d"}
{"level":"info","timestamp":"2026-02-26T23:54:47.067Z","msg":"Status set to done for mdai hub","controller":"mdaihub","controllerGroup":"hub.mydecisive.ai","controllerKind":"MdaiHub","MdaiHub":{"name":"mdaihub","namespace":"mdai"},"namespace":"mdai","name":"mdaihub","reconcileID":"edeabebe-4664-42fa-9b4c-410f04d2f41d","mdaiHub":"mdaihub"}
{"level":"info","timestamp":"2026-02-26T23:54:47.067Z","msg":"-- Finished MdaiHub reconciliation --","controller":"mdaihub","controllerGroup":"hub.mydecisive.ai","controllerKind":"MdaiHub","MdaiHub":{"name":"mdaihub","namespace":"mdai"},"namespace":"mdai","name":"mdaihub","reconcileID":"edeabebe-4664-42fa-9b4c-410f04d2f41d"}
{"level":"info","timestamp":"2026-02-26T23:54:47.067Z","msg":"-- Starting MdaiHub reconciliation --","controller":"mdaihub","controllerGroup":"hub.mydecisive.ai","controllerKind":"MdaiHub","MdaiHub":{"name":"mdaihub","namespace":"mdai"},"namespace":"mdai","name":"mdaihub","reconcileID":"7e9d8333-1dba-4502-8131-dc757b7fedb1","namespace":{"name":"mdaihub","namespace":"mdai"},"name":"mdaihub"}
{"level":"info","timestamp":"2026-02-26T23:54:47.067Z","msg":"EnsurePrometheusRuleSynchronized","controller":"mdaihub","controllerGroup":"hub.mydecisive.ai","controllerKind":"MdaiHub","MdaiHub":{"name":"mdaihub","namespace":"mdai"},"namespace":"mdai","name":"mdaihub","reconcileID":"7e9d8333-1dba-4502-8131-dc757b7fedb1"}
{"level":"info","timestamp":"2026-02-26T23:54:47.074Z","msg":"Created new PrometheusRule","controller":"mdaihub","controllerGroup":"hub.mydecisive.ai","controllerKind":"MdaiHub","MdaiHub":{"name":"mdaihub","namespace":"mdai"},"namespace":"mdai","name":"mdaihub","reconcileID":"7e9d8333-1dba-4502-8131-dc757b7fedb1","prometheus_rule_name":"mdai-mdaihub-alert-rules"}
{"level":"info","timestamp":"2026-02-26T23:54:47.078Z","msg":"Creating or updating ConfigMap for automations","controller":"mdaihub","controllerGroup":"hub.mydecisive.ai","controllerKind":"MdaiHub","MdaiHub":{"name":"mdaihub","namespace":"mdai"},"namespace":"mdai","name":"mdaihub","reconcileID":"7e9d8333-1dba-4502-8131-dc757b7fedb1","name":"mdaihub"}
{"level":"info","timestamp":"2026-02-26T23:54:47.080Z","msg":"Successfully created or updated ConfigMap","controller":"mdaihub","controllerGroup":"hub.mydecisive.ai","controllerKind":"MdaiHub","MdaiHub":{"name":"mdaihub","namespace":"mdai"},"namespace":"mdai","name":"mdaihub","reconcileID":"7e9d8333-1dba-4502-8131-dc757b7fedb1","name":"mdaihub-automation","namespace":"mdai","operation":"created"}
{"level":"info","timestamp":"2026-02-26T23:54:47.080Z","msg":"Successfully created ConfigMap for automations","controller":"mdaihub","controllerGroup":"hub.mydecisive.ai","controllerKind":"MdaiHub","MdaiHub":{"name":"mdaihub","namespace":"mdai"},"namespace":"mdai","name":"mdaihub","reconcileID":"7e9d8333-1dba-4502-8131-dc757b7fedb1","name":"mdaihub"}
{"level":"info","timestamp":"2026-02-26T23:54:47.080Z","msg":"Processing variable","controller":"mdaihub","controllerGroup":"hub.mydecisive.ai","controllerKind":"MdaiHub","MdaiHub":{"name":"mdaihub","namespace":"mdai"},"namespace":"mdai","name":"mdaihub","reconcileID":"7e9d8333-1dba-4502-8131-dc757b7fedb1","key":"service_list"}
{"level":"info","timestamp":"2026-02-26T23:54:47.080Z","msg":"<CreateFunc> mdaihub-automation ignored"}
{"level":"info","timestamp":"2026-02-26T23:54:47.081Z","msg":"Data received for variable/mdaihub/service_list: []"}
{"level":"info","timestamp":"2026-02-26T23:54:47.081Z","msg":"Processing variable","controller":"mdaihub","controllerGroup":"hub.mydecisive.ai","controllerKind":"MdaiHub","MdaiHub":{"name":"mdaihub","namespace":"mdai"},"namespace":"mdai","name":"mdaihub","reconcileID":"7e9d8333-1dba-4502-8131-dc757b7fedb1","key":"alerting_data_type"}
{"level":"info","timestamp":"2026-02-26T23:54:47.081Z","msg":"No value found in storage","key":"variable/mdaihub/alerting_data_type"}
{"level":"info","timestamp":"2026-02-26T23:54:47.081Z","msg":"Processing variable","controller":"mdaihub","controllerGroup":"hub.mydecisive.ai","controllerKind":"MdaiHub","MdaiHub":{"name":"mdaihub","namespace":"mdai"},"namespace":"mdai","name":"mdaihub","reconcileID":"7e9d8333-1dba-4502-8131-dc757b7fedb1","key":"alerting_triggered"}
{"level":"info","timestamp":"2026-02-26T23:54:47.081Z","msg":"No value found in storage","key":"variable/mdaihub/alerting_triggered"}
{"level":"info","timestamp":"2026-02-26T23:54:47.081Z","msg":"Deleting old valkey keys","controller":"mdaihub","controllerGroup":"hub.mydecisive.ai","controllerKind":"MdaiHub","MdaiHub":{"name":"mdaihub","namespace":"mdai"},"namespace":"mdai","name":"mdaihub","reconcileID":"7e9d8333-1dba-4502-8131-dc757b7fedb1","valkeyKeysToKeep":{"alerting_data_type":{},"alerting_triggered":{},"service_list":{}}}
{"level":"info","timestamp":"2026-02-26T23:54:47.081Z","msg":"No manual variables defined in the MDAI CR","controller":"mdaihub","controllerGroup":"hub.mydecisive.ai","controllerKind":"MdaiHub","MdaiHub":{"name":"mdaihub","namespace":"mdai"},"namespace":"mdai","name":"mdaihub","reconcileID":"7e9d8333-1dba-4502-8131-dc757b7fedb1","name":"mdaihub"}
{"level":"info","timestamp":"2026-02-26T23:54:47.081Z","msg":"Deleting ConfigMap","controller":"mdaihub","controllerGroup":"hub.mydecisive.ai","controllerKind":"MdaiHub","MdaiHub":{"name":"mdaihub","namespace":"mdai"},"namespace":"mdai","name":"mdaihub","reconcileID":"7e9d8333-1dba-4502-8131-dc757b7fedb1","name":"mdaihub-manual-variables","namespace":"mdai"}
{"level":"info","timestamp":"2026-02-26T23:54:47.082Z","msg":"ConfigMap not found, skipping deletion","controller":"mdaihub","controllerGroup":"hub.mydecisive.ai","controllerKind":"MdaiHub","MdaiHub":{"name":"mdaihub","namespace":"mdai"},"namespace":"mdai","name":"mdaihub","reconcileID":"7e9d8333-1dba-4502-8131-dc757b7fedb1","name":"mdaihub-manual-variables","namespace":"mdai"}
{"level":"info","timestamp":"2026-02-26T23:54:47.082Z","msg":"Successfully created or updated ConfigMap","controller":"mdaihub","controllerGroup":"hub.mydecisive.ai","controllerKind":"MdaiHub","MdaiHub":{"name":"mdaihub","namespace":"mdai"},"namespace":"mdai","name":"mdaihub","reconcileID":"7e9d8333-1dba-4502-8131-dc757b7fedb1","name":"mdaihub-variables","namespace":"mdai","operation":"unchanged"}
{"level":"info","timestamp":"2026-02-26T23:54:47.082Z","msg":"Successfully created or updated ConfigMap","controller":"mdaihub","controllerGroup":"hub.mydecisive.ai","controllerKind":"MdaiHub","MdaiHub":{"name":"mdaihub","namespace":"mdai"},"namespace":"mdai","name":"mdaihub","reconcileID":"7e9d8333-1dba-4502-8131-dc757b7fedb1","name":"mdaihub-variables","namespace":"mdai","operation":"unchanged"}
{"level":"info","timestamp":"2026-02-26T23:54:47.084Z","msg":"Status set to done for mdai hub","controller":"mdaihub","controllerGroup":"hub.mydecisive.ai","controllerKind":"MdaiHub","MdaiHub":{"name":"mdaihub","namespace":"mdai"},"namespace":"mdai","name":"mdaihub","reconcileID":"7e9d8333-1dba-4502-8131-dc757b7fedb1","mdaiHub":"mdaihub"}
{"level":"info","timestamp":"2026-02-26T23:54:47.084Z","msg":"-- Finished MdaiHub reconciliation --","controller":"mdaihub","controllerGroup":"hub.mydecisive.ai","controllerKind":"MdaiHub","MdaiHub":{"name":"mdaihub","namespace":"mdai"},"namespace":"mdai","name":"mdaihub","reconcileID":"7e9d8333-1dba-4502-8131-dc757b7fedb1"}
{"level":"info","timestamp":"2026-02-26T23:54:53.061Z","logger":"mdaihub-resource","msg":"Defaulting for MdaiHub","name":"mdaihub"}
{"level":"info","timestamp":"2026-02-26T23:54:53.062Z","logger":"mdaihub-resource","msg":"Validation for MdaiHub upon update","name":"mdaihub"}
{"level":"info","timestamp":"2026-02-26T23:54:53.062Z","logger":"mdaihub-resource","msg":"Defaulting for MdaiHub","name":"mdaihub"}
{"level":"info","timestamp":"2026-02-26T23:54:53.063Z","logger":"mdaihub-resource","msg":"Validation for MdaiHub upon update","name":"mdaihub"}
{"level":"info","timestamp":"2026-02-26T23:54:53.065Z","msg":"-- Starting MdaiHub reconciliation --","controller":"mdaihub","controllerGroup":"hub.mydecisive.ai","controllerKind":"MdaiHub","MdaiHub":{"name":"mdaihub","namespace":"mdai"},"namespace":"mdai","name":"mdaihub","reconcileID":"9ed0dbe9-904c-421e-8bf1-8262c1f6316e","namespace":{"name":"mdaihub","namespace":"mdai"},"name":"mdaihub"}
{"level":"info","timestamp":"2026-02-26T23:54:53.065Z","msg":"EnsurePrometheusRuleSynchronized","controller":"mdaihub","controllerGroup":"hub.mydecisive.ai","controllerKind":"MdaiHub","MdaiHub":{"name":"mdaihub","namespace":"mdai"},"namespace":"mdai","name":"mdaihub","reconcileID":"9ed0dbe9-904c-421e-8bf1-8262c1f6316e"}
{"level":"info","timestamp":"2026-02-26T23:54:53.065Z","msg":"No evaluations found, skipping PrometheusRule creation","controller":"mdaihub","controllerGroup":"hub.mydecisive.ai","controllerKind":"MdaiHub","MdaiHub":{"name":"mdaihub","namespace":"mdai"},"namespace":"mdai","name":"mdaihub","reconcileID":"9ed0dbe9-904c-421e-8bf1-8262c1f6316e"}
{"level":"info","timestamp":"2026-02-26T23:54:53.065Z","msg":"Removing existing rules","controller":"mdaihub","controllerGroup":"hub.mydecisive.ai","controllerKind":"MdaiHub","MdaiHub":{"name":"mdaihub","namespace":"mdai"},"namespace":"mdai","name":"mdaihub","reconcileID":"9ed0dbe9-904c-421e-8bf1-8262c1f6316e"}
{"level":"info","timestamp":"2026-02-26T23:54:53.068Z","msg":"Deleted PrometheusRule","controller":"mdaihub","controllerGroup":"hub.mydecisive.ai","controllerKind":"MdaiHub","MdaiHub":{"name":"mdaihub","namespace":"mdai"},"namespace":"mdai","name":"mdaihub","reconcileID":"9ed0dbe9-904c-421e-8bf1-8262c1f6316e","prometheus_rule_name":"mdai-mdaihub-alert-rules"}
{"level":"info","timestamp":"2026-02-26T23:54:53.068Z","msg":"No automations defined in the MDAI CR","controller":"mdaihub","controllerGroup":"hub.mydecisive.ai","controllerKind":"MdaiHub","MdaiHub":{"name":"mdaihub","namespace":"mdai"},"namespace":"mdai","name":"mdaihub","reconcileID":"9ed0dbe9-904c-421e-8bf1-8262c1f6316e","name":"mdaihub"}
{"level":"info","timestamp":"2026-02-26T23:54:53.068Z","msg":"Deleting ConfigMap","controller":"mdaihub","controllerGroup":"hub.mydecisive.ai","controllerKind":"MdaiHub","MdaiHub":{"name":"mdaihub","namespace":"mdai"},"namespace":"mdai","name":"mdaihub","reconcileID":"9ed0dbe9-904c-421e-8bf1-8262c1f6316e","name":"mdaihub-automation","namespace":"mdai"}
{"level":"info","timestamp":"2026-02-26T23:54:53.071Z","msg":"<DeleteFunc> mdaihub-automation ignored"}
{"level":"info","timestamp":"2026-02-26T23:54:53.072Z","msg":"No variables found in the CR, skipping variable synchronization","controller":"mdaihub","controllerGroup":"hub.mydecisive.ai","controllerKind":"MdaiHub","MdaiHub":{"name":"mdaihub","namespace":"mdai"},"namespace":"mdai","name":"mdaihub","reconcileID":"9ed0dbe9-904c-421e-8bf1-8262c1f6316e"}
{"level":"info","timestamp":"2026-02-26T23:54:53.074Z","msg":"Status set to done for mdai hub","controller":"mdaihub","controllerGroup":"hub.mydecisive.ai","controllerKind":"MdaiHub","MdaiHub":{"name":"mdaihub","namespace":"mdai"},"namespace":"mdai","name":"mdaihub","reconcileID":"9ed0dbe9-904c-421e-8bf1-8262c1f6316e","mdaiHub":"mdaihub"}
{"level":"info","timestamp":"2026-02-26T23:54:53.074Z","msg":"-- Finished MdaiHub reconciliation --","controller":"mdaihub","controllerGroup":"hub.mydecisive.ai","controllerKind":"MdaiHub","MdaiHub":{"name":"mdaihub","namespace":"mdai"},"namespace":"mdai","name":"mdaihub","reconcileID":"9ed0dbe9-904c-421e-8bf1-8262c1f6316e"}
{"level":"info","timestamp":"2026-02-26T23:55:11.059Z","logger":"mdaihub-resource","msg":"Defaulting for MdaiHub","name":"mdaihub"}
{"level":"info","timestamp":"2026-02-26T23:55:11.060Z","logger":"mdaihub-resource","msg":"Validation for MdaiHub upon update","name":"mdaihub"}
{"level":"info","timestamp":"2026-02-26T23:55:11.063Z","msg":"-- Starting MdaiHub reconciliation --","controller":"mdaihub","controllerGroup":"hub.mydecisive.ai","controllerKind":"MdaiHub","MdaiHub":{"name":"mdaihub","namespace":"mdai"},"namespace":"mdai","name":"mdaihub","reconcileID":"88e56629-4a33-45c6-b0b2-2b28d3e476f2","namespace":{"name":"mdaihub","namespace":"mdai"},"name":"mdaihub"}
{"level":"info","timestamp":"2026-02-26T23:55:11.063Z","msg":"EnsurePrometheusRuleSynchronized","controller":"mdaihub","controllerGroup":"hub.mydecisive.ai","controllerKind":"MdaiHub","MdaiHub":{"name":"mdaihub","namespace":"mdai"},"namespace":"mdai","name":"mdaihub","reconcileID":"88e56629-4a33-45c6-b0b2-2b28d3e476f2"}
{"level":"info","timestamp":"2026-02-26T23:55:11.066Z","msg":"Created new PrometheusRule","controller":"mdaihub","controllerGroup":"hub.mydecisive.ai","controllerKind":"MdaiHub","MdaiHub":{"name":"mdaihub","namespace":"mdai"},"namespace":"mdai","name":"mdaihub","reconcileID":"88e56629-4a33-45c6-b0b2-2b28d3e476f2","prometheus_rule_name":"mdai-mdaihub-alert-rules"}
{"level":"info","timestamp":"2026-02-26T23:55:11.071Z","msg":"Creating or updating ConfigMap for automations","controller":"mdaihub","controllerGroup":"hub.mydecisive.ai","controllerKind":"MdaiHub","MdaiHub":{"name":"mdaihub","namespace":"mdai"},"namespace":"mdai","name":"mdaihub","reconcileID":"88e56629-4a33-45c6-b0b2-2b28d3e476f2","name":"mdaihub"}
{"level":"info","timestamp":"2026-02-26T23:55:11.074Z","msg":"<CreateFunc> mdaihub-automation ignored"}
{"level":"info","timestamp":"2026-02-26T23:55:11.074Z","msg":"Successfully created or updated ConfigMap","controller":"mdaihub","controllerGroup":"hub.mydecisive.ai","controllerKind":"MdaiHub","MdaiHub":{"name":"mdaihub","namespace":"mdai"},"namespace":"mdai","name":"mdaihub","reconcileID":"88e56629-4a33-45c6-b0b2-2b28d3e476f2","name":"mdaihub-automation","namespace":"mdai","operation":"created"}
{"level":"info","timestamp":"2026-02-26T23:55:11.074Z","msg":"Successfully created ConfigMap for automations","controller":"mdaihub","controllerGroup":"hub.mydecisive.ai","controllerKind":"MdaiHub","MdaiHub":{"name":"mdaihub","namespace":"mdai"},"namespace":"mdai","name":"mdaihub","reconcileID":"88e56629-4a33-45c6-b0b2-2b28d3e476f2","name":"mdaihub"}
{"level":"info","timestamp":"2026-02-26T23:55:11.074Z","msg":"Processing variable","controller":"mdaihub","controllerGroup":"hub.mydecisive.ai","controllerKind":"MdaiHub","MdaiHub":{"name":"mdaihub","namespace":"mdai"},"namespace":"mdai","name":"mdaihub","reconcileID":"88e56629-4a33-45c6-b0b2-2b28d3e476f2","key":"service_list"}
{"level":"info","timestamp":"2026-02-26T23:55:11.074Z","msg":"Data received for variable/mdaihub/service_list: []"}
{"level":"info","timestamp":"2026-02-26T23:55:11.074Z","msg":"Processing variable","controller":"mdaihub","controllerGroup":"hub.mydecisive.ai","controllerKind":"MdaiHub","MdaiHub":{"name":"mdaihub","namespace":"mdai"},"namespace":"mdai","name":"mdaihub","reconcileID":"88e56629-4a33-45c6-b0b2-2b28d3e476f2","key":"alerting_data_type"}
{"level":"info","timestamp":"2026-02-26T23:55:11.074Z","msg":"No value found in storage","key":"variable/mdaihub/alerting_data_type"}
{"level":"info","timestamp":"2026-02-26T23:55:11.074Z","msg":"Processing variable","controller":"mdaihub","controllerGroup":"hub.mydecisive.ai","controllerKind":"MdaiHub","MdaiHub":{"name":"mdaihub","namespace":"mdai"},"namespace":"mdai","name":"mdaihub","reconcileID":"88e56629-4a33-45c6-b0b2-2b28d3e476f2","key":"alerting_triggered"}
{"level":"info","timestamp":"2026-02-26T23:55:11.074Z","msg":"No value found in storage","key":"variable/mdaihub/alerting_triggered"}
{"level":"info","timestamp":"2026-02-26T23:55:11.074Z","msg":"Deleting old valkey keys","controller":"mdaihub","controllerGroup":"hub.mydecisive.ai","controllerKind":"MdaiHub","MdaiHub":{"name":"mdaihub","namespace":"mdai"},"namespace":"mdai","name":"mdaihub","reconcileID":"88e56629-4a33-45c6-b0b2-2b28d3e476f2","valkeyKeysToKeep":{"alerting_data_type":{},"alerting_triggered":{},"service_list":{}}}
{"level":"info","timestamp":"2026-02-26T23:55:11.075Z","msg":"No manual variables defined in the MDAI CR","controller":"mdaihub","controllerGroup":"hub.mydecisive.ai","controllerKind":"MdaiHub","MdaiHub":{"name":"mdaihub","namespace":"mdai"},"namespace":"mdai","name":"mdaihub","reconcileID":"88e56629-4a33-45c6-b0b2-2b28d3e476f2","name":"mdaihub"}
{"level":"info","timestamp":"2026-02-26T23:55:11.075Z","msg":"Deleting ConfigMap","controller":"mdaihub","controllerGroup":"hub.mydecisive.ai","controllerKind":"MdaiHub","MdaiHub":{"name":"mdaihub","namespace":"mdai"},"namespace":"mdai","name":"mdaihub","reconcileID":"88e56629-4a33-45c6-b0b2-2b28d3e476f2","name":"mdaihub-manual-variables","namespace":"mdai"}
{"level":"info","timestamp":"2026-02-26T23:55:11.076Z","msg":"ConfigMap not found, skipping deletion","controller":"mdaihub","controllerGroup":"hub.mydecisive.ai","controllerKind":"MdaiHub","MdaiHub":{"name":"mdaihub","namespace":"mdai"},"namespace":"mdai","name":"mdaihub","reconcileID":"88e56629-4a33-45c6-b0b2-2b28d3e476f2","name":"mdaihub-manual-variables","namespace":"mdai"}
{"level":"info","timestamp":"2026-02-26T23:55:11.076Z","msg":"Successfully created or updated ConfigMap","controller":"mdaihub","controllerGroup":"hub.mydecisive.ai","controllerKind":"MdaiHub","MdaiHub":{"name":"mdaihub","namespace":"mdai"},"namespace":"mdai","name":"mdaihub","reconcileID":"88e56629-4a33-45c6-b0b2-2b28d3e476f2","name":"mdaihub-variables","namespace":"mdai","operation":"unchanged"}
{"level":"info","timestamp":"2026-02-26T23:55:11.076Z","msg":"Successfully created or updated ConfigMap","controller":"mdaihub","controllerGroup":"hub.mydecisive.ai","controllerKind":"MdaiHub","MdaiHub":{"name":"mdaihub","namespace":"mdai"},"namespace":"mdai","name":"mdaihub","reconcileID":"88e56629-4a33-45c6-b0b2-2b28d3e476f2","name":"mdaihub-variables","namespace":"mdai","operation":"unchanged"}
{"level":"info","timestamp":"2026-02-26T23:55:11.078Z","msg":"Status set to done for mdai hub","controller":"mdaihub","controllerGroup":"hub.mydecisive.ai","controllerKind":"MdaiHub","MdaiHub":{"name":"mdaihub","namespace":"mdai"},"namespace":"mdai","name":"mdaihub","reconcileID":"88e56629-4a33-45c6-b0b2-2b28d3e476f2","mdaiHub":"mdaihub"}
{"level":"info","timestamp":"2026-02-26T23:55:11.078Z","msg":"-- Finished MdaiHub reconciliation --","controller":"mdaihub","controllerGroup":"hub.mydecisive.ai","controllerKind":"MdaiHub","MdaiHub":{"name":"mdaihub","namespace":"mdai"},"namespace":"mdai","name":"mdaihub","reconcileID":"88e56629-4a33-45c6-b0b2-2b28d3e476f2"}
{"level":"info","timestamp":"2026-02-26T23:55:11.131Z","logger":"mdaihub-resource","msg":"Defaulting for MdaiHub","name":"mdaihub"}
{"level":"info","timestamp":"2026-02-26T23:55:11.132Z","logger":"mdaihub-resource","msg":"Validation for MdaiHub upon update","name":"mdaihub"}
{"level":"info","timestamp":"2026-02-26T23:55:11.134Z","msg":"-- Starting MdaiHub reconciliation --","controller":"mdaihub","controllerGroup":"hub.mydecisive.ai","controllerKind":"MdaiHub","MdaiHub":{"name":"mdaihub","namespace":"mdai"},"namespace":"mdai","name":"mdaihub","reconcileID":"ec62df65-16ee-4ae4-acc3-b8ab010550fa","namespace":{"name":"mdaihub","namespace":"mdai"},"name":"mdaihub"}
{"level":"info","timestamp":"2026-02-26T23:55:11.134Z","msg":"EnsurePrometheusRuleSynchronized","controller":"mdaihub","controllerGroup":"hub.mydecisive.ai","controllerKind":"MdaiHub","MdaiHub":{"name":"mdaihub","namespace":"mdai"},"namespace":"mdai","name":"mdaihub","reconcileID":"ec62df65-16ee-4ae4-acc3-b8ab010550fa"}
{"level":"info","timestamp":"2026-02-26T23:55:11.134Z","msg":"No evaluations found, skipping PrometheusRule creation","controller":"mdaihub","controllerGroup":"hub.mydecisive.ai","controllerKind":"MdaiHub","MdaiHub":{"name":"mdaihub","namespace":"mdai"},"namespace":"mdai","name":"mdaihub","reconcileID":"ec62df65-16ee-4ae4-acc3-b8ab010550fa"}
{"level":"info","timestamp":"2026-02-26T23:55:11.134Z","msg":"Removing existing rules","controller":"mdaihub","controllerGroup":"hub.mydecisive.ai","controllerKind":"MdaiHub","MdaiHub":{"name":"mdaihub","namespace":"mdai"},"namespace":"mdai","name":"mdaihub","reconcileID":"ec62df65-16ee-4ae4-acc3-b8ab010550fa"}
{"level":"info","timestamp":"2026-02-26T23:55:11.136Z","msg":"Deleted PrometheusRule","controller":"mdaihub","controllerGroup":"hub.mydecisive.ai","controllerKind":"MdaiHub","MdaiHub":{"name":"mdaihub","namespace":"mdai"},"namespace":"mdai","name":"mdaihub","reconcileID":"ec62df65-16ee-4ae4-acc3-b8ab010550fa","prometheus_rule_name":"mdai-mdaihub-alert-rules"}
{"level":"info","timestamp":"2026-02-26T23:55:11.136Z","msg":"No automations defined in the MDAI CR","controller":"mdaihub","controllerGroup":"hub.mydecisive.ai","controllerKind":"MdaiHub","MdaiHub":{"name":"mdaihub","namespace":"mdai"},"namespace":"mdai","name":"mdaihub","reconcileID":"ec62df65-16ee-4ae4-acc3-b8ab010550fa","name":"mdaihub"}
{"level":"info","timestamp":"2026-02-26T23:55:11.136Z","msg":"Deleting ConfigMap","controller":"mdaihub","controllerGroup":"hub.mydecisive.ai","controllerKind":"MdaiHub","MdaiHub":{"name":"mdaihub","namespace":"mdai"},"namespace":"mdai","name":"mdaihub","reconcileID":"ec62df65-16ee-4ae4-acc3-b8ab010550fa","name":"mdaihub-automation","namespace":"mdai"}
{"level":"info","timestamp":"2026-02-26T23:55:11.138Z","msg":"<DeleteFunc> mdaihub-automation ignored"}
{"level":"info","timestamp":"2026-02-26T23:55:11.138Z","msg":"No variables found in the CR, skipping variable synchronization","controller":"mdaihub","controllerGroup":"hub.mydecisive.ai","controllerKind":"MdaiHub","MdaiHub":{"name":"mdaihub","namespace":"mdai"},"namespace":"mdai","name":"mdaihub","reconcileID":"ec62df65-16ee-4ae4-acc3-b8ab010550fa"}
{"level":"info","timestamp":"2026-02-26T23:55:11.139Z","msg":"Status set to done for mdai hub","controller":"mdaihub","controllerGroup":"hub.mydecisive.ai","controllerKind":"MdaiHub","MdaiHub":{"name":"mdaihub","namespace":"mdai"},"namespace":"mdai","name":"mdaihub","reconcileID":"ec62df65-16ee-4ae4-acc3-b8ab010550fa","mdaiHub":"mdaihub"}
{"level":"info","timestamp":"2026-02-26T23:55:11.139Z","msg":"-- Finished MdaiHub reconciliation --","controller":"mdaihub","controllerGroup":"hub.mydecisive.ai","controllerKind":"MdaiHub","MdaiHub":{"name":"mdaihub","namespace":"mdai"},"namespace":"mdai","name":"mdaihub","reconcileID":"ec62df65-16ee-4ae4-acc3-b8ab010550fa"}
{"level":"info","timestamp":"2026-02-26T23:55:17.743Z","msg":"-- Requeueing MdaiIngress triggered by otel collector","collector name":"gateway-pii","namespace":"mdai"}
{"level":"info","timestamp":"2026-02-26T23:55:17.743Z","msg":"No MdaiIngress found","namespace":"mdai"}
{"level":"info","timestamp":"2026-02-26T23:55:17.743Z","msg":"requeueByLabels called","object":"gateway-pii"}
{"level":"info","timestamp":"2026-02-26T23:55:17.743Z","msg":"OpenTelemetryCollector for MdaiHub found with hubNameFromLabel","hubNameFromLabel":"mdaihub"}
{"level":"info","timestamp":"2026-02-26T23:55:17.743Z","msg":"-- Requeueing MdaiHub triggered by otel collector","hubNameFromLabel":"mdaihub","otelCollector":"gateway-pii","hubNamespace":"mdai"}
{"level":"info","timestamp":"2026-02-26T23:55:17.744Z","msg":"-- Starting MdaiHub reconciliation --","controller":"mdaihub","controllerGroup":"hub.mydecisive.ai","controllerKind":"MdaiHub","MdaiHub":{"name":"mdaihub","namespace":"mdai"},"namespace":"mdai","name":"mdaihub","reconcileID":"7f8c197c-bdcf-4f42-bc71-7ce818a32308","namespace":{"name":"mdaihub","namespace":"mdai"},"name":"mdaihub"}
{"level":"info","timestamp":"2026-02-26T23:55:17.744Z","msg":"EnsurePrometheusRuleSynchronized","controller":"mdaihub","controllerGroup":"hub.mydecisive.ai","controllerKind":"MdaiHub","MdaiHub":{"name":"mdaihub","namespace":"mdai"},"namespace":"mdai","name":"mdaihub","reconcileID":"7f8c197c-bdcf-4f42-bc71-7ce818a32308"}
{"level":"info","timestamp":"2026-02-26T23:55:17.744Z","msg":"No evaluations found, skipping PrometheusRule creation","controller":"mdaihub","controllerGroup":"hub.mydecisive.ai","controllerKind":"MdaiHub","MdaiHub":{"name":"mdaihub","namespace":"mdai"},"namespace":"mdai","name":"mdaihub","reconcileID":"7f8c197c-bdcf-4f42-bc71-7ce818a32308"}
{"level":"info","timestamp":"2026-02-26T23:55:17.744Z","msg":"No automations defined in the MDAI CR","controller":"mdaihub","controllerGroup":"hub.mydecisive.ai","controllerKind":"MdaiHub","MdaiHub":{"name":"mdaihub","namespace":"mdai"},"namespace":"mdai","name":"mdaihub","reconcileID":"7f8c197c-bdcf-4f42-bc71-7ce818a32308","name":"mdaihub"}
{"level":"info","timestamp":"2026-02-26T23:55:17.744Z","msg":"Deleting ConfigMap","controller":"mdaihub","controllerGroup":"hub.mydecisive.ai","controllerKind":"MdaiHub","MdaiHub":{"name":"mdaihub","namespace":"mdai"},"namespace":"mdai","name":"mdaihub","reconcileID":"7f8c197c-bdcf-4f42-bc71-7ce818a32308","name":"mdaihub-automation","namespace":"mdai"}
{"level":"info","timestamp":"2026-02-26T23:55:17.745Z","msg":"ConfigMap not found, skipping deletion","controller":"mdaihub","controllerGroup":"hub.mydecisive.ai","controllerKind":"MdaiHub","MdaiHub":{"name":"mdaihub","namespace":"mdai"},"namespace":"mdai","name":"mdaihub","reconcileID":"7f8c197c-bdcf-4f42-bc71-7ce818a32308","name":"mdaihub-automation","namespace":"mdai"}
{"level":"info","timestamp":"2026-02-26T23:55:17.745Z","msg":"No variables found in the CR, skipping variable synchronization","controller":"mdaihub","controllerGroup":"hub.mydecisive.ai","controllerKind":"MdaiHub","MdaiHub":{"name":"mdaihub","namespace":"mdai"},"namespace":"mdai","name":"mdaihub","reconcileID":"7f8c197c-bdcf-4f42-bc71-7ce818a32308"}
{"level":"info","timestamp":"2026-02-26T23:55:17.746Z","msg":"Status set to done for mdai hub","controller":"mdaihub","controllerGroup":"hub.mydecisive.ai","controllerKind":"MdaiHub","MdaiHub":{"name":"mdaihub","namespace":"mdai"},"namespace":"mdai","name":"mdaihub","reconcileID":"7f8c197c-bdcf-4f42-bc71-7ce818a32308","mdaiHub":"mdaihub"}
{"level":"info","timestamp":"2026-02-26T23:55:17.746Z","msg":"-- Finished MdaiHub reconciliation --","controller":"mdaihub","controllerGroup":"hub.mydecisive.ai","controllerKind":"MdaiHub","MdaiHub":{"name":"mdaihub","namespace":"mdai"},"namespace":"mdai","name":"mdaihub","reconcileID":"7f8c197c-bdcf-4f42-bc71-7ce818a32308"}
{"level":"info","timestamp":"2026-02-26T23:55:17.749Z","logger":"mdaihub-resource","msg":"Defaulting for MdaiHub","name":"mdaihub"}
{"level":"info","timestamp":"2026-02-26T23:55:17.750Z","logger":"mdaihub-resource","msg":"Validation for MdaiHub upon update","name":"mdaihub"}
{"level":"info","timestamp":"2026-02-26T23:55:17.751Z","msg":"-- Starting MdaiHub reconciliation --","controller":"mdaihub","controllerGroup":"hub.mydecisive.ai","controllerKind":"MdaiHub","MdaiHub":{"name":"mdaihub","namespace":"mdai"},"namespace":"mdai","name":"mdaihub","reconcileID":"d2467778-f7e3-4178-9ada-a5facb779502","namespace":{"name":"mdaihub","namespace":"mdai"},"name":"mdaihub"}
{"level":"info","timestamp":"2026-02-26T23:55:17.751Z","msg":"EnsurePrometheusRuleSynchronized","controller":"mdaihub","controllerGroup":"hub.mydecisive.ai","controllerKind":"MdaiHub","MdaiHub":{"name":"mdaihub","namespace":"mdai"},"namespace":"mdai","name":"mdaihub","reconcileID":"d2467778-f7e3-4178-9ada-a5facb779502"}
{"level":"info","timestamp":"2026-02-26T23:55:17.751Z","msg":"No evaluations found, skipping PrometheusRule creation","controller":"mdaihub","controllerGroup":"hub.mydecisive.ai","controllerKind":"MdaiHub","MdaiHub":{"name":"mdaihub","namespace":"mdai"},"namespace":"mdai","name":"mdaihub","reconcileID":"d2467778-f7e3-4178-9ada-a5facb779502"}
{"level":"info","timestamp":"2026-02-26T23:55:17.751Z","msg":"No automations defined in the MDAI CR","controller":"mdaihub","controllerGroup":"hub.mydecisive.ai","controllerKind":"MdaiHub","MdaiHub":{"name":"mdaihub","namespace":"mdai"},"namespace":"mdai","name":"mdaihub","reconcileID":"d2467778-f7e3-4178-9ada-a5facb779502","name":"mdaihub"}
{"level":"info","timestamp":"2026-02-26T23:55:17.751Z","msg":"Deleting ConfigMap","controller":"mdaihub","controllerGroup":"hub.mydecisive.ai","controllerKind":"MdaiHub","MdaiHub":{"name":"mdaihub","namespace":"mdai"},"namespace":"mdai","name":"mdaihub","reconcileID":"d2467778-f7e3-4178-9ada-a5facb779502","name":"mdaihub-automation","namespace":"mdai"}
{"level":"info","timestamp":"2026-02-26T23:55:17.752Z","msg":"ConfigMap not found, skipping deletion","controller":"mdaihub","controllerGroup":"hub.mydecisive.ai","controllerKind":"MdaiHub","MdaiHub":{"name":"mdaihub","namespace":"mdai"},"namespace":"mdai","name":"mdaihub","reconcileID":"d2467778-f7e3-4178-9ada-a5facb779502","name":"mdaihub-automation","namespace":"mdai"}
{"level":"info","timestamp":"2026-02-26T23:55:17.752Z","msg":"Processing variable","controller":"mdaihub","controllerGroup":"hub.mydecisive.ai","controllerKind":"MdaiHub","MdaiHub":{"name":"mdaihub","namespace":"mdai"},"namespace":"mdai","name":"mdaihub","reconcileID":"d2467778-f7e3-4178-9ada-a5facb779502","key":"fields_to_redact"}
{"level":"info","timestamp":"2026-02-26T23:55:17.752Z","msg":"Data received for variable/mdaihub/fields_to_redact: []"}
{"level":"info","timestamp":"2026-02-26T23:55:17.752Z","msg":"Processing variable","controller":"mdaihub","controllerGroup":"hub.mydecisive.ai","controllerKind":"MdaiHub","MdaiHub":{"name":"mdaihub","namespace":"mdai"},"namespace":"mdai","name":"mdaihub","reconcileID":"d2467778-f7e3-4178-9ada-a5facb779502","key":"fields_to_hash"}
{"level":"info","timestamp":"2026-02-26T23:55:17.753Z","msg":"Data received for variable/mdaihub/fields_to_hash: []"}
{"level":"info","timestamp":"2026-02-26T23:55:17.753Z","msg":"Processing variable","controller":"mdaihub","controllerGroup":"hub.mydecisive.ai","controllerKind":"MdaiHub","MdaiHub":{"name":"mdaihub","namespace":"mdai"},"namespace":"mdai","name":"mdaihub","reconcileID":"d2467778-f7e3-4178-9ada-a5facb779502","key":"email_regex"}
{"level":"info","timestamp":"2026-02-26T23:55:17.753Z","msg":"No value found in storage","key":"variable/mdaihub/email_regex"}
{"level":"info","timestamp":"2026-02-26T23:55:17.753Z","msg":"Processing variable","controller":"mdaihub","controllerGroup":"hub.mydecisive.ai","controllerKind":"MdaiHub","MdaiHub":{"name":"mdaihub","namespace":"mdai"},"namespace":"mdai","name":"mdaihub","reconcileID":"d2467778-f7e3-4178-9ada-a5facb779502","key":"cc_regex"}
{"level":"info","timestamp":"2026-02-26T23:55:17.753Z","msg":"No value found in storage","key":"variable/mdaihub/cc_regex"}
{"level":"info","timestamp":"2026-02-26T23:55:17.753Z","msg":"Processing variable","controller":"mdaihub","controllerGroup":"hub.mydecisive.ai","controllerKind":"MdaiHub","MdaiHub":{"name":"mdaihub","namespace":"mdai"},"namespace":"mdai","name":"mdaihub","reconcileID":"d2467778-f7e3-4178-9ada-a5facb779502","key":"phone_regex"}
{"level":"info","timestamp":"2026-02-26T23:55:17.753Z","msg":"No value found in storage","key":"variable/mdaihub/phone_regex"}
{"level":"info","timestamp":"2026-02-26T23:55:17.753Z","msg":"Processing variable","controller":"mdaihub","controllerGroup":"hub.mydecisive.ai","controllerKind":"MdaiHub","MdaiHub":{"name":"mdaihub","namespace":"mdai"},"namespace":"mdai","name":"mdaihub","reconcileID":"d2467778-f7e3-4178-9ada-a5facb779502","key":"address_regex"}
{"level":"info","timestamp":"2026-02-26T23:55:17.753Z","msg":"No value found in storage","key":"variable/mdaihub/address_regex"}
{"level":"info","timestamp":"2026-02-26T23:55:17.753Z","msg":"Processing variable","controller":"mdaihub","controllerGroup":"hub.mydecisive.ai","controllerKind":"MdaiHub","MdaiHub":{"name":"mdaihub","namespace":"mdai"},"namespace":"mdai","name":"mdaihub","reconcileID":"d2467778-f7e3-4178-9ada-a5facb779502","key":"ssn_regex"}
{"level":"info","timestamp":"2026-02-26T23:55:17.753Z","msg":"No value found in storage","key":"variable/mdaihub/ssn_regex"}
{"level":"info","timestamp":"2026-02-26T23:55:17.753Z","msg":"Processing variable","controller":"mdaihub","controllerGroup":"hub.mydecisive.ai","controllerKind":"MdaiHub","MdaiHub":{"name":"mdaihub","namespace":"mdai"},"namespace":"mdai","name":"mdaihub","reconcileID":"d2467778-f7e3-4178-9ada-a5facb779502","key":"name_regex"}
{"level":"info","timestamp":"2026-02-26T23:55:17.753Z","msg":"No value found in storage","key":"variable/mdaihub/name_regex"}
{"level":"info","timestamp":"2026-02-26T23:55:17.753Z","msg":"Processing variable","controller":"mdaihub","controllerGroup":"hub.mydecisive.ai","controllerKind":"MdaiHub","MdaiHub":{"name":"mdaihub","namespace":"mdai"},"namespace":"mdai","name":"mdaihub","reconcileID":"d2467778-f7e3-4178-9ada-a5facb779502","key":"email_template"}
{"level":"info","timestamp":"2026-02-26T23:55:17.753Z","msg":"No value found in storage","key":"variable/mdaihub/email_template"}
{"level":"info","timestamp":"2026-02-26T23:55:17.753Z","msg":"Processing variable","controller":"mdaihub","controllerGroup":"hub.mydecisive.ai","controllerKind":"MdaiHub","MdaiHub":{"name":"mdaihub","namespace":"mdai"},"namespace":"mdai","name":"mdaihub","reconcileID":"d2467778-f7e3-4178-9ada-a5facb779502","key":"cc_template"}
{"level":"info","timestamp":"2026-02-26T23:55:17.753Z","msg":"No value found in storage","key":"variable/mdaihub/cc_template"}
{"level":"info","timestamp":"2026-02-26T23:55:17.753Z","msg":"Processing variable","controller":"mdaihub","controllerGroup":"hub.mydecisive.ai","controllerKind":"MdaiHub","MdaiHub":{"name":"mdaihub","namespace":"mdai"},"namespace":"mdai","name":"mdaihub","reconcileID":"d2467778-f7e3-4178-9ada-a5facb779502","key":"phone_template"}
{"level":"info","timestamp":"2026-02-26T23:55:17.753Z","msg":"No value found in storage","key":"variable/mdaihub/phone_template"}
{"level":"info","timestamp":"2026-02-26T23:55:17.753Z","msg":"Processing variable","controller":"mdaihub","controllerGroup":"hub.mydecisive.ai","controllerKind":"MdaiHub","MdaiHub":{"name":"mdaihub","namespace":"mdai"},"namespace":"mdai","name":"mdaihub","reconcileID":"d2467778-f7e3-4178-9ada-a5facb779502","key":"address_template"}
{"level":"info","timestamp":"2026-02-26T23:55:17.753Z","msg":"No value found in storage","key":"variable/mdaihub/address_template"}
{"level":"info","timestamp":"2026-02-26T23:55:17.753Z","msg":"Processing variable","controller":"mdaihub","controllerGroup":"hub.mydecisive.ai","controllerKind":"MdaiHub","MdaiHub":{"name":"mdaihub","namespace":"mdai"},"namespace":"mdai","name":"mdaihub","reconcileID":"d2467778-f7e3-4178-9ada-a5facb779502","key":"ssn_template"}
{"level":"info","timestamp":"2026-02-26T23:55:17.753Z","msg":"No value found in storage","key":"variable/mdaihub/ssn_template"}
{"level":"info","timestamp":"2026-02-26T23:55:17.753Z","msg":"Processing variable","controller":"mdaihub","controllerGroup":"hub.mydecisive.ai","controllerKind":"MdaiHub","MdaiHub":{"name":"mdaihub","namespace":"mdai"},"namespace":"mdai","name":"mdaihub","reconcileID":"d2467778-f7e3-4178-9ada-a5facb779502","key":"name_template"}
{"level":"info","timestamp":"2026-02-26T23:55:17.754Z","msg":"No value found in storage","key":"variable/mdaihub/name_template"}
{"level":"info","timestamp":"2026-02-26T23:55:17.754Z","msg":"Deleting old valkey keys","controller":"mdaihub","controllerGroup":"hub.mydecisive.ai","controllerKind":"MdaiHub","MdaiHub":{"name":"mdaihub","namespace":"mdai"},"namespace":"mdai","name":"mdaihub","reconcileID":"d2467778-f7e3-4178-9ada-a5facb779502","valkeyKeysToKeep":{"address_regex":{},"address_template":{},"cc_regex":{},"cc_template":{},"email_regex":{},"email_template":{},"fields_to_hash":{},"fields_to_redact":{},"name_regex":{},"name_template":{},"phone_regex":{},"phone_template":{},"ssn_regex":{},"ssn_template":{}}}
{"level":"info","timestamp":"2026-02-26T23:55:17.757Z","msg":"Successfully created or updated ConfigMap","controller":"mdaihub","controllerGroup":"hub.mydecisive.ai","controllerKind":"MdaiHub","MdaiHub":{"name":"mdaihub","namespace":"mdai"},"namespace":"mdai","name":"mdaihub","reconcileID":"d2467778-f7e3-4178-9ada-a5facb779502","name":"mdaihub-manual-variables","namespace":"mdai","operation":"created"}
{"level":"info","timestamp":"2026-02-26T23:55:17.758Z","msg":"<CreateFunc> mdaihub-manual-variables ignored"}
{"level":"info","timestamp":"2026-02-26T23:55:17.761Z","msg":"<UpdateFunc> mdaihub-variables shouldReconcile: false"}
{"level":"info","timestamp":"2026-02-26T23:55:17.761Z","msg":"Successfully created or updated ConfigMap","controller":"mdaihub","controllerGroup":"hub.mydecisive.ai","controllerKind":"MdaiHub","MdaiHub":{"name":"mdaihub","namespace":"mdai"},"namespace":"mdai","name":"mdaihub","reconcileID":"d2467778-f7e3-4178-9ada-a5facb779502","name":"mdaihub-variables","namespace":"mdai","operation":"updated"}
{"level":"info","timestamp":"2026-02-26T23:55:17.761Z","msg":"Successfully created or updated ConfigMap","controller":"mdaihub","controllerGroup":"hub.mydecisive.ai","controllerKind":"MdaiHub","MdaiHub":{"name":"mdaihub","namespace":"mdai"},"namespace":"mdai","name":"mdaihub","reconcileID":"d2467778-f7e3-4178-9ada-a5facb779502","name":"mdaihub-variables","namespace":"mdai","operation":"unchanged"}
{"level":"info","timestamp":"2026-02-26T23:55:17.761Z","msg":"Successfully created or updated ConfigMap","controller":"mdaihub","controllerGroup":"hub.mydecisive.ai","controllerKind":"MdaiHub","MdaiHub":{"name":"mdaihub","namespace":"mdai"},"namespace":"mdai","name":"mdaihub","reconcileID":"d2467778-f7e3-4178-9ada-a5facb779502","name":"mdaihub-variables","namespace":"mdai","operation":"unchanged"}
{"level":"info","timestamp":"2026-02-26T23:55:17.761Z","msg":"Triggering restart of OpenTelemetry Collector","controller":"mdaihub","controllerGroup":"hub.mydecisive.ai","controllerKind":"MdaiHub","MdaiHub":{"name":"mdaihub","namespace":"mdai"},"namespace":"mdai","name":"mdaihub","reconcileID":"d2467778-f7e3-4178-9ada-a5facb779502","name":"gateway-datadog"}
{"level":"warn","timestamp":"2026-02-26T23:55:17.775Z","msg":"VALKEY_AUDIT_STREAM_EXPIRY_MS is deprecated; use VALKEY_AUDIT_STREAM_RETENTION","retention":2592000,"stacktrace":"github.com/decisiveai/mdai-data-core/audit.getStreamRetention\n\tgithub.com/decisiveai/mdai-data-core@v0.2.9/audit/adapter.go:241\ngithub.com/decisiveai/mdai-data-core/audit.NewAuditAdapter\n\tgithub.com/decisiveai/mdai-data-core@v0.2.9/audit/adapter.go:54\ngithub.com/decisiveai/mdai-operator/internal/controller.HubAdapter.restartCollectorAndAudit\n\tgithub.com/decisiveai/mdai-operator/internal/controller/hub_adapter.go:427\ngithub.com/decisiveai/mdai-operator/internal/controller.HubAdapter.syncComputedConfigMapsAndRestart\n\tgithub.com/decisiveai/mdai-operator/internal/controller/hub_adapter.go:458\ngithub.com/decisiveai/mdai-operator/internal/controller.HubAdapter.ensureVariableSynchronized\n\tgithub.com/decisiveai/mdai-operator/internal/controller/hub_adapter.go:507\ngithub.com/decisiveai/mdai-operator/internal/controller.(*MdaiHubReconciler).ReconcileHandler\n\tgithub.com/decisiveai/mdai-operator/internal/controller/mdaihub_controller.go:113\ngithub.com/decisiveai/mdai-operator/internal/controller.(*MdaiHubReconciler).Reconcile\n\tgithub.com/decisiveai/mdai-operator/internal/controller/mdaihub_controller.go:87\nsigs.k8s.io/controller-runtime/pkg/internal/controller.(*Controller[...]).Reconcile\n\tsigs.k8s.io/controller-runtime@v0.20.4/pkg/internal/controller/controller.go:119\nsigs.k8s.io/controller-runtime/pkg/internal/controller.(*Controller[...]).reconcileHandler\n\tsigs.k8s.io/controller-runtime@v0.20.4/pkg/internal/controller/controller.go:334\nsigs.k8s.io/controller-runtime/pkg/internal/controller.(*Controller[...]).processNextWorkItem\n\tsigs.k8s.io/controller-runtime@v0.20.4/pkg/internal/controller/controller.go:294\nsigs.k8s.io/controller-runtime/pkg/internal/controller.(*Controller[...]).Start.func2.2\n\tsigs.k8s.io/controller-runtime@v0.20.4/pkg/internal/controller/controller.go:255"}
{"level":"info","timestamp":"2026-02-26T23:55:17.775Z","msg":"AUDIT: Triggering restart of OpenTelemetry Collector","controller":"mdaihub","controllerGroup":"hub.mydecisive.ai","controllerKind":"MdaiHub","MdaiHub":{"name":"mdaihub","namespace":"mdai"},"namespace":"mdai","name":"mdaihub","reconcileID":"d2467778-f7e3-4178-9ada-a5facb779502","mdai-logstream":"audit","type":"collector_restart","timestamp":"2026-02-26T23:55:17Z","hub_name":"mdaihub","FIELDS_TO_REDACT":"","FIELDS_TO_HASH":""}
{"level":"info","timestamp":"2026-02-26T23:55:17.776Z","msg":"Triggering restart of OpenTelemetry Collector","controller":"mdaihub","controllerGroup":"hub.mydecisive.ai","controllerKind":"MdaiHub","MdaiHub":{"name":"mdaihub","namespace":"mdai"},"namespace":"mdai","name":"mdaihub","reconcileID":"d2467778-f7e3-4178-9ada-a5facb779502","name":"gateway-dynamic-filtration"}
{"level":"warn","timestamp":"2026-02-26T23:55:17.785Z","msg":"VALKEY_AUDIT_STREAM_EXPIRY_MS is deprecated; use VALKEY_AUDIT_STREAM_RETENTION","retention":2592000,"stacktrace":"github.com/decisiveai/mdai-data-core/audit.getStreamRetention\n\tgithub.com/decisiveai/mdai-data-core@v0.2.9/audit/adapter.go:241\ngithub.com/decisiveai/mdai-data-core/audit.NewAuditAdapter\n\tgithub.com/decisiveai/mdai-data-core@v0.2.9/audit/adapter.go:54\ngithub.com/decisiveai/mdai-operator/internal/controller.HubAdapter.restartCollectorAndAudit\n\tgithub.com/decisiveai/mdai-operator/internal/controller/hub_adapter.go:427\ngithub.com/decisiveai/mdai-operator/internal/controller.HubAdapter.syncComputedConfigMapsAndRestart\n\tgithub.com/decisiveai/mdai-operator/internal/controller/hub_adapter.go:458\ngithub.com/decisiveai/mdai-operator/internal/controller.HubAdapter.ensureVariableSynchronized\n\tgithub.com/decisiveai/mdai-operator/internal/controller/hub_adapter.go:507\ngithub.com/decisiveai/mdai-operator/internal/controller.(*MdaiHubReconciler).ReconcileHandler\n\tgithub.com/decisiveai/mdai-operator/internal/controller/mdaihub_controller.go:113\ngithub.com/decisiveai/mdai-operator/internal/controller.(*MdaiHubReconciler).Reconcile\n\tgithub.com/decisiveai/mdai-operator/internal/controller/mdaihub_controller.go:87\nsigs.k8s.io/controller-runtime/pkg/internal/controller.(*Controller[...]).Reconcile\n\tsigs.k8s.io/controller-runtime@v0.20.4/pkg/internal/controller/controller.go:119\nsigs.k8s.io/controller-runtime/pkg/internal/controller.(*Controller[...]).reconcileHandler\n\tsigs.k8s.io/controller-runtime@v0.20.4/pkg/internal/controller/controller.go:334\nsigs.k8s.io/controller-runtime/pkg/internal/controller.(*Controller[...]).processNextWorkItem\n\tsigs.k8s.io/controller-runtime@v0.20.4/pkg/internal/controller/controller.go:294\nsigs.k8s.io/controller-runtime/pkg/internal/controller.(*Controller[...]).Start.func2.2\n\tsigs.k8s.io/controller-runtime@v0.20.4/pkg/internal/controller/controller.go:255"}
{"level":"info","timestamp":"2026-02-26T23:55:17.785Z","msg":"AUDIT: Triggering restart of OpenTelemetry Collector","controller":"mdaihub","controllerGroup":"hub.mydecisive.ai","controllerKind":"MdaiHub","MdaiHub":{"name":"mdaihub","namespace":"mdai"},"namespace":"mdai","name":"mdaihub","reconcileID":"d2467778-f7e3-4178-9ada-a5facb779502","mdai-logstream":"audit","type":"collector_restart","timestamp":"2026-02-26T23:55:17Z","hub_name":"mdaihub","FIELDS_TO_REDACT":"","FIELDS_TO_HASH":""}
{"level":"info","timestamp":"2026-02-26T23:55:17.785Z","msg":"Triggering restart of OpenTelemetry Collector","controller":"mdaihub","controllerGroup":"hub.mydecisive.ai","controllerKind":"MdaiHub","MdaiHub":{"name":"mdaihub","namespace":"mdai"},"namespace":"mdai","name":"mdaihub","reconcileID":"d2467778-f7e3-4178-9ada-a5facb779502","name":"gateway-pii"}
{"level":"info","timestamp":"2026-02-26T23:55:17.794Z","msg":"Conflict while updating OpenTelemetry Collector, will retry","controller":"mdaihub","controllerGroup":"hub.mydecisive.ai","controllerKind":"MdaiHub","MdaiHub":{"name":"mdaihub","namespace":"mdai"},"namespace":"mdai","name":"mdaihub","reconcileID":"d2467778-f7e3-4178-9ada-a5facb779502","name":"gateway-pii"}
{"level":"info","timestamp":"2026-02-26T23:55:17.797Z","msg":"Status set to done for mdai hub","controller":"mdaihub","controllerGroup":"hub.mydecisive.ai","controllerKind":"MdaiHub","MdaiHub":{"name":"mdaihub","namespace":"mdai"},"namespace":"mdai","name":"mdaihub","reconcileID":"d2467778-f7e3-4178-9ada-a5facb779502","mdaiHub":"mdaihub"}
{"level":"info","timestamp":"2026-02-26T23:55:17.797Z","msg":"-- Finished MdaiHub reconciliation --","controller":"mdaihub","controllerGroup":"hub.mydecisive.ai","controllerKind":"MdaiHub","MdaiHub":{"name":"mdaihub","namespace":"mdai"},"namespace":"mdai","name":"mdaihub","reconcileID":"d2467778-f7e3-4178-9ada-a5facb779502"}
{"level":"info","timestamp":"2026-02-26T23:56:05.070Z","logger":"mdaihub-resource","msg":"Defaulting for MdaiHub","name":"mdaihub"}
{"level":"info","timestamp":"2026-02-26T23:56:05.071Z","logger":"mdaihub-resource","msg":"Validation for MdaiHub upon update","name":"mdaihub"}
{"level":"info","timestamp":"2026-02-26T23:56:05.072Z","logger":"mdaihub-resource","msg":"Defaulting for MdaiHub","name":"mdaihub"}
{"level":"info","timestamp":"2026-02-26T23:56:05.073Z","logger":"mdaihub-resource","msg":"Validation for MdaiHub upon update","name":"mdaihub"}
{"level":"info","timestamp":"2026-02-26T23:56:05.074Z","msg":"-- Starting MdaiHub reconciliation --","controller":"mdaihub","controllerGroup":"hub.mydecisive.ai","controllerKind":"MdaiHub","MdaiHub":{"name":"mdaihub","namespace":"mdai"},"namespace":"mdai","name":"mdaihub","reconcileID":"9651ce36-9a63-49c8-b936-1bd2ffe8e245","namespace":{"name":"mdaihub","namespace":"mdai"},"name":"mdaihub"}
{"level":"info","timestamp":"2026-02-26T23:56:05.074Z","msg":"EnsurePrometheusRuleSynchronized","controller":"mdaihub","controllerGroup":"hub.mydecisive.ai","controllerKind":"MdaiHub","MdaiHub":{"name":"mdaihub","namespace":"mdai"},"namespace":"mdai","name":"mdaihub","reconcileID":"9651ce36-9a63-49c8-b936-1bd2ffe8e245"}
{"level":"info","timestamp":"2026-02-26T23:56:05.074Z","msg":"No evaluations found, skipping PrometheusRule creation","controller":"mdaihub","controllerGroup":"hub.mydecisive.ai","controllerKind":"MdaiHub","MdaiHub":{"name":"mdaihub","namespace":"mdai"},"namespace":"mdai","name":"mdaihub","reconcileID":"9651ce36-9a63-49c8-b936-1bd2ffe8e245"}
{"level":"info","timestamp":"2026-02-26T23:56:05.074Z","msg":"No automations defined in the MDAI CR","controller":"mdaihub","controllerGroup":"hub.mydecisive.ai","controllerKind":"MdaiHub","MdaiHub":{"name":"mdaihub","namespace":"mdai"},"namespace":"mdai","name":"mdaihub","reconcileID":"9651ce36-9a63-49c8-b936-1bd2ffe8e245","name":"mdaihub"}
{"level":"info","timestamp":"2026-02-26T23:56:05.074Z","msg":"Deleting ConfigMap","controller":"mdaihub","controllerGroup":"hub.mydecisive.ai","controllerKind":"MdaiHub","MdaiHub":{"name":"mdaihub","namespace":"mdai"},"namespace":"mdai","name":"mdaihub","reconcileID":"9651ce36-9a63-49c8-b936-1bd2ffe8e245","name":"mdaihub-automation","namespace":"mdai"}
{"level":"info","timestamp":"2026-02-26T23:56:05.075Z","msg":"ConfigMap not found, skipping deletion","controller":"mdaihub","controllerGroup":"hub.mydecisive.ai","controllerKind":"MdaiHub","MdaiHub":{"name":"mdaihub","namespace":"mdai"},"namespace":"mdai","name":"mdaihub","reconcileID":"9651ce36-9a63-49c8-b936-1bd2ffe8e245","name":"mdaihub-automation","namespace":"mdai"}
{"level":"info","timestamp":"2026-02-26T23:56:05.075Z","msg":"No variables found in the CR, skipping variable synchronization","controller":"mdaihub","controllerGroup":"hub.mydecisive.ai","controllerKind":"MdaiHub","MdaiHub":{"name":"mdaihub","namespace":"mdai"},"namespace":"mdai","name":"mdaihub","reconcileID":"9651ce36-9a63-49c8-b936-1bd2ffe8e245"}
{"level":"info","timestamp":"2026-02-26T23:56:05.076Z","logger":"mdaihub-resource","msg":"Defaulting for MdaiHub","name":"mdaihub"}
{"level":"info","timestamp":"2026-02-26T23:56:05.077Z","msg":"Status set to done for mdai hub","controller":"mdaihub","controllerGroup":"hub.mydecisive.ai","controllerKind":"MdaiHub","MdaiHub":{"name":"mdaihub","namespace":"mdai"},"namespace":"mdai","name":"mdaihub","reconcileID":"9651ce36-9a63-49c8-b936-1bd2ffe8e245","mdaiHub":"mdaihub"}
{"level":"info","timestamp":"2026-02-26T23:56:05.077Z","msg":"-- Finished MdaiHub reconciliation --","controller":"mdaihub","controllerGroup":"hub.mydecisive.ai","controllerKind":"MdaiHub","MdaiHub":{"name":"mdaihub","namespace":"mdai"},"namespace":"mdai","name":"mdaihub","reconcileID":"9651ce36-9a63-49c8-b936-1bd2ffe8e245"}
{"level":"info","timestamp":"2026-02-26T23:56:05.077Z","logger":"mdaihub-resource","msg":"Validation for MdaiHub upon update","name":"mdaihub"}
{"level":"info","timestamp":"2026-02-26T23:56:05.080Z","msg":"-- Starting MdaiHub reconciliation --","controller":"mdaihub","controllerGroup":"hub.mydecisive.ai","controllerKind":"MdaiHub","MdaiHub":{"name":"mdaihub","namespace":"mdai"},"namespace":"mdai","name":"mdaihub","reconcileID":"eb97d092-17df-43d7-94fe-6c0969b34438","namespace":{"name":"mdaihub","namespace":"mdai"},"name":"mdaihub"}
{"level":"info","timestamp":"2026-02-26T23:56:05.080Z","msg":"EnsurePrometheusRuleSynchronized","controller":"mdaihub","controllerGroup":"hub.mydecisive.ai","controllerKind":"MdaiHub","MdaiHub":{"name":"mdaihub","namespace":"mdai"},"namespace":"mdai","name":"mdaihub","reconcileID":"eb97d092-17df-43d7-94fe-6c0969b34438"}
{"level":"info","timestamp":"2026-02-26T23:56:05.084Z","msg":"Created new PrometheusRule","controller":"mdaihub","controllerGroup":"hub.mydecisive.ai","controllerKind":"MdaiHub","MdaiHub":{"name":"mdaihub","namespace":"mdai"},"namespace":"mdai","name":"mdaihub","reconcileID":"eb97d092-17df-43d7-94fe-6c0969b34438","prometheus_rule_name":"mdai-mdaihub-alert-rules"}
{"level":"info","timestamp":"2026-02-26T23:56:05.093Z","msg":"Creating or updating ConfigMap for automations","controller":"mdaihub","controllerGroup":"hub.mydecisive.ai","controllerKind":"MdaiHub","MdaiHub":{"name":"mdaihub","namespace":"mdai"},"namespace":"mdai","name":"mdaihub","reconcileID":"eb97d092-17df-43d7-94fe-6c0969b34438","name":"mdaihub"}
{"level":"info","timestamp":"2026-02-26T23:56:05.096Z","msg":"Successfully created or updated ConfigMap","controller":"mdaihub","controllerGroup":"hub.mydecisive.ai","controllerKind":"MdaiHub","MdaiHub":{"name":"mdaihub","namespace":"mdai"},"namespace":"mdai","name":"mdaihub","reconcileID":"eb97d092-17df-43d7-94fe-6c0969b34438","name":"mdaihub-automation","namespace":"mdai","operation":"created"}
{"level":"info","timestamp":"2026-02-26T23:56:05.096Z","msg":"Successfully created ConfigMap for automations","controller":"mdaihub","controllerGroup":"hub.mydecisive.ai","controllerKind":"MdaiHub","MdaiHub":{"name":"mdaihub","namespace":"mdai"},"namespace":"mdai","name":"mdaihub","reconcileID":"eb97d092-17df-43d7-94fe-6c0969b34438","name":"mdaihub"}
{"level":"info","timestamp":"2026-02-26T23:56:05.096Z","msg":"Processing variable","controller":"mdaihub","controllerGroup":"hub.mydecisive.ai","controllerKind":"MdaiHub","MdaiHub":{"name":"mdaihub","namespace":"mdai"},"namespace":"mdai","name":"mdaihub","reconcileID":"eb97d092-17df-43d7-94fe-6c0969b34438","key":"service_list"}
{"level":"info","timestamp":"2026-02-26T23:56:05.096Z","msg":"<CreateFunc> mdaihub-automation ignored"}
{"level":"info","timestamp":"2026-02-26T23:56:05.096Z","msg":"Data received for variable/mdaihub/service_list: []"}
{"level":"info","timestamp":"2026-02-26T23:56:05.096Z","msg":"Processing variable","controller":"mdaihub","controllerGroup":"hub.mydecisive.ai","controllerKind":"MdaiHub","MdaiHub":{"name":"mdaihub","namespace":"mdai"},"namespace":"mdai","name":"mdaihub","reconcileID":"eb97d092-17df-43d7-94fe-6c0969b34438","key":"alerting_data_type"}
{"level":"info","timestamp":"2026-02-26T23:56:05.096Z","msg":"No value found in storage","key":"variable/mdaihub/alerting_data_type"}
{"level":"info","timestamp":"2026-02-26T23:56:05.096Z","msg":"Processing variable","controller":"mdaihub","controllerGroup":"hub.mydecisive.ai","controllerKind":"MdaiHub","MdaiHub":{"name":"mdaihub","namespace":"mdai"},"namespace":"mdai","name":"mdaihub","reconcileID":"eb97d092-17df-43d7-94fe-6c0969b34438","key":"alerting_triggered"}
{"level":"info","timestamp":"2026-02-26T23:56:05.096Z","msg":"No value found in storage","key":"variable/mdaihub/alerting_triggered"}
{"level":"info","timestamp":"2026-02-26T23:56:05.096Z","msg":"Deleting old valkey keys","controller":"mdaihub","controllerGroup":"hub.mydecisive.ai","controllerKind":"MdaiHub","MdaiHub":{"name":"mdaihub","namespace":"mdai"},"namespace":"mdai","name":"mdaihub","reconcileID":"eb97d092-17df-43d7-94fe-6c0969b34438","valkeyKeysToKeep":{"alerting_data_type":{},"alerting_triggered":{},"service_list":{}}}
{"level":"info","timestamp":"2026-02-26T23:56:05.096Z","msg":"No manual variables defined in the MDAI CR","controller":"mdaihub","controllerGroup":"hub.mydecisive.ai","controllerKind":"MdaiHub","MdaiHub":{"name":"mdaihub","namespace":"mdai"},"namespace":"mdai","name":"mdaihub","reconcileID":"eb97d092-17df-43d7-94fe-6c0969b34438","name":"mdaihub"}
{"level":"info","timestamp":"2026-02-26T23:56:05.096Z","msg":"Deleting ConfigMap","controller":"mdaihub","controllerGroup":"hub.mydecisive.ai","controllerKind":"MdaiHub","MdaiHub":{"name":"mdaihub","namespace":"mdai"},"namespace":"mdai","name":"mdaihub","reconcileID":"eb97d092-17df-43d7-94fe-6c0969b34438","name":"mdaihub-manual-variables","namespace":"mdai"}
{"level":"info","timestamp":"2026-02-26T23:56:05.100Z","msg":"<DeleteFunc> mdaihub-manual-variables ignored"}
{"level":"info","timestamp":"2026-02-26T23:56:05.102Z","msg":"Successfully created or updated ConfigMap","controller":"mdaihub","controllerGroup":"hub.mydecisive.ai","controllerKind":"MdaiHub","MdaiHub":{"name":"mdaihub","namespace":"mdai"},"namespace":"mdai","name":"mdaihub","reconcileID":"eb97d092-17df-43d7-94fe-6c0969b34438","name":"mdaihub-variables","namespace":"mdai","operation":"updated"}
{"level":"info","timestamp":"2026-02-26T23:56:05.102Z","msg":"<UpdateFunc> mdaihub-variables shouldReconcile: false"}
{"level":"error","timestamp":"2026-02-26T23:56:05.103Z","msg":"Failed to create or update ConfigMap","controller":"mdaihub","controllerGroup":"hub.mydecisive.ai","controllerKind":"MdaiHub","MdaiHub":{"name":"mdaihub","namespace":"mdai"},"namespace":"mdai","name":"mdaihub","reconcileID":"eb97d092-17df-43d7-94fe-6c0969b34438","name":"mdaihub-variables","namespace":"mdai","error":"Operation cannot be fulfilled on configmaps \"mdaihub-variables\": the object has been modified; please apply your changes to the latest version and try again","stacktrace":"github.com/go-logr/logr.Logger.Error\n\tgithub.com/go-logr/logr@v1.4.3/logr.go:301\ngithub.com/decisiveai/mdai-operator/internal/controller.HubAdapter.createOrUpdateEnvConfigMap\n\tgithub.com/decisiveai/mdai-operator/internal/controller/hub_adapter.go:671\ngithub.com/decisiveai/mdai-operator/internal/controller.HubAdapter.syncComputedConfigMapsAndRestart\n\tgithub.com/decisiveai/mdai-operator/internal/controller/hub_adapter.go:446\ngithub.com/decisiveai/mdai-operator/internal/controller.HubAdapter.ensureVariableSynchronized\n\tgithub.com/decisiveai/mdai-operator/internal/controller/hub_adapter.go:507\ngithub.com/decisiveai/mdai-operator/internal/controller.(*MdaiHubReconciler).ReconcileHandler\n\tgithub.com/decisiveai/mdai-operator/internal/controller/mdaihub_controller.go:113\ngithub.com/decisiveai/mdai-operator/internal/controller.(*MdaiHubReconciler).Reconcile\n\tgithub.com/decisiveai/mdai-operator/internal/controller/mdaihub_controller.go:87\nsigs.k8s.io/controller-runtime/pkg/internal/controller.(*Controller[...]).Reconcile\n\tsigs.k8s.io/controller-runtime@v0.20.4/pkg/internal/controller/controller.go:119\nsigs.k8s.io/controller-runtime/pkg/internal/controller.(*Controller[...]).reconcileHandler\n\tsigs.k8s.io/controller-runtime@v0.20.4/pkg/internal/controller/controller.go:334\nsigs.k8s.io/controller-runtime/pkg/internal/controller.(*Controller[...]).processNextWorkItem\n\tsigs.k8s.io/controller-runtime@v0.20.4/pkg/internal/controller/controller.go:294\nsigs.k8s.io/controller-runtime/pkg/internal/controller.(*Controller[...]).Start.func2.2\n\tsigs.k8s.io/controller-runtime@v0.20.4/pkg/internal/controller/controller.go:255"}
{"level":"error","timestamp":"2026-02-26T23:56:05.103Z","msg":"Reconciler error","controller":"mdaihub","controllerGroup":"hub.mydecisive.ai","controllerKind":"MdaiHub","MdaiHub":{"name":"mdaihub","namespace":"mdai"},"namespace":"mdai","name":"mdaihub","reconcileID":"eb97d092-17df-43d7-94fe-6c0969b34438","error":"failed to create or update ConfigMap: Operation cannot be fulfilled on configmaps \"mdaihub-variables\": the object has been modified; please apply your changes to the latest version and try again","stacktrace":"github.com/go-logr/logr.Logger.Error\n\tgithub.com/go-logr/logr@v1.4.3/logr.go:301\nsigs.k8s.io/controller-runtime/pkg/internal/controller.(*Controller[...]).reconcileHandler\n\tsigs.k8s.io/controller-runtime@v0.20.4/pkg/internal/controller/controller.go:347\nsigs.k8s.io/controller-runtime/pkg/internal/controller.(*Controller[...]).processNextWorkItem\n\tsigs.k8s.io/controller-runtime@v0.20.4/pkg/internal/controller/controller.go:294\nsigs.k8s.io/controller-runtime/pkg/internal/controller.(*Controller[...]).Start.func2.2\n\tsigs.k8s.io/controller-runtime@v0.20.4/pkg/internal/controller/controller.go:255"}
{"level":"info","timestamp":"2026-02-26T23:56:05.108Z","msg":"-- Starting MdaiHub reconciliation --","controller":"mdaihub","controllerGroup":"hub.mydecisive.ai","controllerKind":"MdaiHub","MdaiHub":{"name":"mdaihub","namespace":"mdai"},"namespace":"mdai","name":"mdaihub","reconcileID":"436f6ff4-ca8e-49f2-9ab5-95f3d90ba705","namespace":{"name":"mdaihub","namespace":"mdai"},"name":"mdaihub"}
{"level":"info","timestamp":"2026-02-26T23:56:05.108Z","msg":"EnsurePrometheusRuleSynchronized","controller":"mdaihub","controllerGroup":"hub.mydecisive.ai","controllerKind":"MdaiHub","MdaiHub":{"name":"mdaihub","namespace":"mdai"},"namespace":"mdai","name":"mdaihub","reconcileID":"436f6ff4-ca8e-49f2-9ab5-95f3d90ba705"}
{"level":"info","timestamp":"2026-02-26T23:56:05.112Z","msg":"Creating or updating ConfigMap for automations","controller":"mdaihub","controllerGroup":"hub.mydecisive.ai","controllerKind":"MdaiHub","MdaiHub":{"name":"mdaihub","namespace":"mdai"},"namespace":"mdai","name":"mdaihub","reconcileID":"436f6ff4-ca8e-49f2-9ab5-95f3d90ba705","name":"mdaihub"}
{"level":"info","timestamp":"2026-02-26T23:56:05.112Z","msg":"Successfully created or updated ConfigMap","controller":"mdaihub","controllerGroup":"hub.mydecisive.ai","controllerKind":"MdaiHub","MdaiHub":{"name":"mdaihub","namespace":"mdai"},"namespace":"mdai","name":"mdaihub","reconcileID":"436f6ff4-ca8e-49f2-9ab5-95f3d90ba705","name":"mdaihub-automation","namespace":"mdai","operation":"unchanged"}
{"level":"info","timestamp":"2026-02-26T23:56:05.112Z","msg":"Successfully unchanged ConfigMap for automations","controller":"mdaihub","controllerGroup":"hub.mydecisive.ai","controllerKind":"MdaiHub","MdaiHub":{"name":"mdaihub","namespace":"mdai"},"namespace":"mdai","name":"mdaihub","reconcileID":"436f6ff4-ca8e-49f2-9ab5-95f3d90ba705","name":"mdaihub"}
{"level":"info","timestamp":"2026-02-26T23:56:05.112Z","msg":"Processing variable","controller":"mdaihub","controllerGroup":"hub.mydecisive.ai","controllerKind":"MdaiHub","MdaiHub":{"name":"mdaihub","namespace":"mdai"},"namespace":"mdai","name":"mdaihub","reconcileID":"436f6ff4-ca8e-49f2-9ab5-95f3d90ba705","key":"service_list"}
{"level":"info","timestamp":"2026-02-26T23:56:05.112Z","msg":"Data received for variable/mdaihub/service_list: []"}
{"level":"info","timestamp":"2026-02-26T23:56:05.112Z","msg":"Processing variable","controller":"mdaihub","controllerGroup":"hub.mydecisive.ai","controllerKind":"MdaiHub","MdaiHub":{"name":"mdaihub","namespace":"mdai"},"namespace":"mdai","name":"mdaihub","reconcileID":"436f6ff4-ca8e-49f2-9ab5-95f3d90ba705","key":"alerting_data_type"}
{"level":"info","timestamp":"2026-02-26T23:56:05.112Z","msg":"No value found in storage","key":"variable/mdaihub/alerting_data_type"}
{"level":"info","timestamp":"2026-02-26T23:56:05.112Z","msg":"Processing variable","controller":"mdaihub","controllerGroup":"hub.mydecisive.ai","controllerKind":"MdaiHub","MdaiHub":{"name":"mdaihub","namespace":"mdai"},"namespace":"mdai","name":"mdaihub","reconcileID":"436f6ff4-ca8e-49f2-9ab5-95f3d90ba705","key":"alerting_triggered"}
{"level":"info","timestamp":"2026-02-26T23:56:05.112Z","msg":"No value found in storage","key":"variable/mdaihub/alerting_triggered"}
{"level":"info","timestamp":"2026-02-26T23:56:05.112Z","msg":"Deleting old valkey keys","controller":"mdaihub","controllerGroup":"hub.mydecisive.ai","controllerKind":"MdaiHub","MdaiHub":{"name":"mdaihub","namespace":"mdai"},"namespace":"mdai","name":"mdaihub","reconcileID":"436f6ff4-ca8e-49f2-9ab5-95f3d90ba705","valkeyKeysToKeep":{"alerting_data_type":{},"alerting_triggered":{},"service_list":{}}}
{"level":"info","timestamp":"2026-02-26T23:56:05.112Z","msg":"No manual variables defined in the MDAI CR","controller":"mdaihub","controllerGroup":"hub.mydecisive.ai","controllerKind":"MdaiHub","MdaiHub":{"name":"mdaihub","namespace":"mdai"},"namespace":"mdai","name":"mdaihub","reconcileID":"436f6ff4-ca8e-49f2-9ab5-95f3d90ba705","name":"mdaihub"}
{"level":"info","timestamp":"2026-02-26T23:56:05.112Z","msg":"Deleting ConfigMap","controller":"mdaihub","controllerGroup":"hub.mydecisive.ai","controllerKind":"MdaiHub","MdaiHub":{"name":"mdaihub","namespace":"mdai"},"namespace":"mdai","name":"mdaihub","reconcileID":"436f6ff4-ca8e-49f2-9ab5-95f3d90ba705","name":"mdaihub-manual-variables","namespace":"mdai"}
{"level":"info","timestamp":"2026-02-26T23:56:05.115Z","msg":"ConfigMap not found, skipping deletion","controller":"mdaihub","controllerGroup":"hub.mydecisive.ai","controllerKind":"MdaiHub","MdaiHub":{"name":"mdaihub","namespace":"mdai"},"namespace":"mdai","name":"mdaihub","reconcileID":"436f6ff4-ca8e-49f2-9ab5-95f3d90ba705","name":"mdaihub-manual-variables","namespace":"mdai"}
{"level":"info","timestamp":"2026-02-26T23:56:05.115Z","msg":"Successfully created or updated ConfigMap","controller":"mdaihub","controllerGroup":"hub.mydecisive.ai","controllerKind":"MdaiHub","MdaiHub":{"name":"mdaihub","namespace":"mdai"},"namespace":"mdai","name":"mdaihub","reconcileID":"436f6ff4-ca8e-49f2-9ab5-95f3d90ba705","name":"mdaihub-variables","namespace":"mdai","operation":"unchanged"}
{"level":"info","timestamp":"2026-02-26T23:56:05.115Z","msg":"Successfully created or updated ConfigMap","controller":"mdaihub","controllerGroup":"hub.mydecisive.ai","controllerKind":"MdaiHub","MdaiHub":{"name":"mdaihub","namespace":"mdai"},"namespace":"mdai","name":"mdaihub","reconcileID":"436f6ff4-ca8e-49f2-9ab5-95f3d90ba705","name":"mdaihub-variables","namespace":"mdai","operation":"unchanged"}
{"level":"info","timestamp":"2026-02-26T23:56:05.115Z","msg":"Successfully created or updated ConfigMap","controller":"mdaihub","controllerGroup":"hub.mydecisive.ai","controllerKind":"MdaiHub","MdaiHub":{"name":"mdaihub","namespace":"mdai"},"namespace":"mdai","name":"mdaihub","reconcileID":"436f6ff4-ca8e-49f2-9ab5-95f3d90ba705","name":"mdaihub-variables","namespace":"mdai","operation":"unchanged"}
{"level":"info","timestamp":"2026-02-26T23:56:05.118Z","msg":"Status set to done for mdai hub","controller":"mdaihub","controllerGroup":"hub.mydecisive.ai","controllerKind":"MdaiHub","MdaiHub":{"name":"mdaihub","namespace":"mdai"},"namespace":"mdai","name":"mdaihub","reconcileID":"436f6ff4-ca8e-49f2-9ab5-95f3d90ba705","mdaiHub":"mdaihub"}
{"level":"info","timestamp":"2026-02-26T23:56:05.118Z","msg":"-- Finished MdaiHub reconciliation --","controller":"mdaihub","controllerGroup":"hub.mydecisive.ai","controllerKind":"MdaiHub","MdaiHub":{"name":"mdaihub","namespace":"mdai"},"namespace":"mdai","name":"mdaihub","reconcileID":"436f6ff4-ca8e-49f2-9ab5-95f3d90ba705"}
{"level":"info","timestamp":"2026-02-26T23:56:05.141Z","logger":"mdaihub-resource","msg":"Defaulting for MdaiHub","name":"mdaihub"}
{"level":"info","timestamp":"2026-02-26T23:56:05.142Z","logger":"mdaihub-resource","msg":"Validation for MdaiHub upon update","name":"mdaihub"}
{"level":"info","timestamp":"2026-02-26T23:56:05.145Z","msg":"-- Starting MdaiHub reconciliation --","controller":"mdaihub","controllerGroup":"hub.mydecisive.ai","controllerKind":"MdaiHub","MdaiHub":{"name":"mdaihub","namespace":"mdai"},"namespace":"mdai","name":"mdaihub","reconcileID":"e9eaa84c-69a2-4c77-95a6-1742a3be16fe","namespace":{"name":"mdaihub","namespace":"mdai"},"name":"mdaihub"}
{"level":"info","timestamp":"2026-02-26T23:56:05.145Z","msg":"EnsurePrometheusRuleSynchronized","controller":"mdaihub","controllerGroup":"hub.mydecisive.ai","controllerKind":"MdaiHub","MdaiHub":{"name":"mdaihub","namespace":"mdai"},"namespace":"mdai","name":"mdaihub","reconcileID":"e9eaa84c-69a2-4c77-95a6-1742a3be16fe"}
{"level":"info","timestamp":"2026-02-26T23:56:05.145Z","msg":"No evaluations found, skipping PrometheusRule creation","controller":"mdaihub","controllerGroup":"hub.mydecisive.ai","controllerKind":"MdaiHub","MdaiHub":{"name":"mdaihub","namespace":"mdai"},"namespace":"mdai","name":"mdaihub","reconcileID":"e9eaa84c-69a2-4c77-95a6-1742a3be16fe"}
{"level":"info","timestamp":"2026-02-26T23:56:05.145Z","msg":"Removing existing rules","controller":"mdaihub","controllerGroup":"hub.mydecisive.ai","controllerKind":"MdaiHub","MdaiHub":{"name":"mdaihub","namespace":"mdai"},"namespace":"mdai","name":"mdaihub","reconcileID":"e9eaa84c-69a2-4c77-95a6-1742a3be16fe"}
{"level":"info","timestamp":"2026-02-26T23:56:05.146Z","msg":"Deleted PrometheusRule","controller":"mdaihub","controllerGroup":"hub.mydecisive.ai","controllerKind":"MdaiHub","MdaiHub":{"name":"mdaihub","namespace":"mdai"},"namespace":"mdai","name":"mdaihub","reconcileID":"e9eaa84c-69a2-4c77-95a6-1742a3be16fe","prometheus_rule_name":"mdai-mdaihub-alert-rules"}
{"level":"info","timestamp":"2026-02-26T23:56:05.147Z","msg":"No automations defined in the MDAI CR","controller":"mdaihub","controllerGroup":"hub.mydecisive.ai","controllerKind":"MdaiHub","MdaiHub":{"name":"mdaihub","namespace":"mdai"},"namespace":"mdai","name":"mdaihub","reconcileID":"e9eaa84c-69a2-4c77-95a6-1742a3be16fe","name":"mdaihub"}
{"level":"info","timestamp":"2026-02-26T23:56:05.147Z","msg":"Deleting ConfigMap","controller":"mdaihub","controllerGroup":"hub.mydecisive.ai","controllerKind":"MdaiHub","MdaiHub":{"name":"mdaihub","namespace":"mdai"},"namespace":"mdai","name":"mdaihub","reconcileID":"e9eaa84c-69a2-4c77-95a6-1742a3be16fe","name":"mdaihub-automation","namespace":"mdai"}
{"level":"info","timestamp":"2026-02-26T23:56:05.148Z","msg":"<DeleteFunc> mdaihub-automation ignored"}
{"level":"info","timestamp":"2026-02-26T23:56:05.148Z","msg":"Processing variable","controller":"mdaihub","controllerGroup":"hub.mydecisive.ai","controllerKind":"MdaiHub","MdaiHub":{"name":"mdaihub","namespace":"mdai"},"namespace":"mdai","name":"mdaihub","reconcileID":"e9eaa84c-69a2-4c77-95a6-1742a3be16fe","key":"fields_to_redact"}
{"level":"info","timestamp":"2026-02-26T23:56:05.149Z","msg":"Data received for variable/mdaihub/fields_to_redact: []"}
{"level":"info","timestamp":"2026-02-26T23:56:05.149Z","msg":"Processing variable","controller":"mdaihub","controllerGroup":"hub.mydecisive.ai","controllerKind":"MdaiHub","MdaiHub":{"name":"mdaihub","namespace":"mdai"},"namespace":"mdai","name":"mdaihub","reconcileID":"e9eaa84c-69a2-4c77-95a6-1742a3be16fe","key":"fields_to_hash"}
{"level":"info","timestamp":"2026-02-26T23:56:05.149Z","msg":"Data received for variable/mdaihub/fields_to_hash: []"}
{"level":"info","timestamp":"2026-02-26T23:56:05.149Z","msg":"Processing variable","controller":"mdaihub","controllerGroup":"hub.mydecisive.ai","controllerKind":"MdaiHub","MdaiHub":{"name":"mdaihub","namespace":"mdai"},"namespace":"mdai","name":"mdaihub","reconcileID":"e9eaa84c-69a2-4c77-95a6-1742a3be16fe","key":"email_regex"}
{"level":"info","timestamp":"2026-02-26T23:56:05.149Z","msg":"No value found in storage","key":"variable/mdaihub/email_regex"}
{"level":"info","timestamp":"2026-02-26T23:56:05.149Z","msg":"Processing variable","controller":"mdaihub","controllerGroup":"hub.mydecisive.ai","controllerKind":"MdaiHub","MdaiHub":{"name":"mdaihub","namespace":"mdai"},"namespace":"mdai","name":"mdaihub","reconcileID":"e9eaa84c-69a2-4c77-95a6-1742a3be16fe","key":"cc_regex"}
{"level":"info","timestamp":"2026-02-26T23:56:05.150Z","msg":"No value found in storage","key":"variable/mdaihub/cc_regex"}
{"level":"info","timestamp":"2026-02-26T23:56:05.150Z","msg":"Processing variable","controller":"mdaihub","controllerGroup":"hub.mydecisive.ai","controllerKind":"MdaiHub","MdaiHub":{"name":"mdaihub","namespace":"mdai"},"namespace":"mdai","name":"mdaihub","reconcileID":"e9eaa84c-69a2-4c77-95a6-1742a3be16fe","key":"phone_regex"}
{"level":"info","timestamp":"2026-02-26T23:56:05.150Z","msg":"No value found in storage","key":"variable/mdaihub/phone_regex"}
{"level":"info","timestamp":"2026-02-26T23:56:05.150Z","msg":"Processing variable","controller":"mdaihub","controllerGroup":"hub.mydecisive.ai","controllerKind":"MdaiHub","MdaiHub":{"name":"mdaihub","namespace":"mdai"},"namespace":"mdai","name":"mdaihub","reconcileID":"e9eaa84c-69a2-4c77-95a6-1742a3be16fe","key":"address_regex"}
{"level":"info","timestamp":"2026-02-26T23:56:05.150Z","msg":"No value found in storage","key":"variable/mdaihub/address_regex"}
{"level":"info","timestamp":"2026-02-26T23:56:05.150Z","msg":"Processing variable","controller":"mdaihub","controllerGroup":"hub.mydecisive.ai","controllerKind":"MdaiHub","MdaiHub":{"name":"mdaihub","namespace":"mdai"},"namespace":"mdai","name":"mdaihub","reconcileID":"e9eaa84c-69a2-4c77-95a6-1742a3be16fe","key":"ssn_regex"}
{"level":"info","timestamp":"2026-02-26T23:56:05.150Z","msg":"No value found in storage","key":"variable/mdaihub/ssn_regex"}
{"level":"info","timestamp":"2026-02-26T23:56:05.150Z","msg":"Processing variable","controller":"mdaihub","controllerGroup":"hub.mydecisive.ai","controllerKind":"MdaiHub","MdaiHub":{"name":"mdaihub","namespace":"mdai"},"namespace":"mdai","name":"mdaihub","reconcileID":"e9eaa84c-69a2-4c77-95a6-1742a3be16fe","key":"name_regex"}
{"level":"info","timestamp":"2026-02-26T23:56:05.150Z","msg":"No value found in storage","key":"variable/mdaihub/name_regex"}
{"level":"info","timestamp":"2026-02-26T23:56:05.150Z","msg":"Processing variable","controller":"mdaihub","controllerGroup":"hub.mydecisive.ai","controllerKind":"MdaiHub","MdaiHub":{"name":"mdaihub","namespace":"mdai"},"namespace":"mdai","name":"mdaihub","reconcileID":"e9eaa84c-69a2-4c77-95a6-1742a3be16fe","key":"email_template"}
{"level":"info","timestamp":"2026-02-26T23:56:05.150Z","msg":"No value found in storage","key":"variable/mdaihub/email_template"}
{"level":"info","timestamp":"2026-02-26T23:56:05.150Z","msg":"Processing variable","controller":"mdaihub","controllerGroup":"hub.mydecisive.ai","controllerKind":"MdaiHub","MdaiHub":{"name":"mdaihub","namespace":"mdai"},"namespace":"mdai","name":"mdaihub","reconcileID":"e9eaa84c-69a2-4c77-95a6-1742a3be16fe","key":"cc_template"}
{"level":"info","timestamp":"2026-02-26T23:56:05.150Z","msg":"No value found in storage","key":"variable/mdaihub/cc_template"}
{"level":"info","timestamp":"2026-02-26T23:56:05.150Z","msg":"Processing variable","controller":"mdaihub","controllerGroup":"hub.mydecisive.ai","controllerKind":"MdaiHub","MdaiHub":{"name":"mdaihub","namespace":"mdai"},"namespace":"mdai","name":"mdaihub","reconcileID":"e9eaa84c-69a2-4c77-95a6-1742a3be16fe","key":"phone_template"}
{"level":"info","timestamp":"2026-02-26T23:56:05.151Z","msg":"No value found in storage","key":"variable/mdaihub/phone_template"}
{"level":"info","timestamp":"2026-02-26T23:56:05.151Z","msg":"Processing variable","controller":"mdaihub","controllerGroup":"hub.mydecisive.ai","controllerKind":"MdaiHub","MdaiHub":{"name":"mdaihub","namespace":"mdai"},"namespace":"mdai","name":"mdaihub","reconcileID":"e9eaa84c-69a2-4c77-95a6-1742a3be16fe","key":"address_template"}
{"level":"info","timestamp":"2026-02-26T23:56:05.151Z","msg":"No value found in storage","key":"variable/mdaihub/address_template"}
{"level":"info","timestamp":"2026-02-26T23:56:05.151Z","msg":"Processing variable","controller":"mdaihub","controllerGroup":"hub.mydecisive.ai","controllerKind":"MdaiHub","MdaiHub":{"name":"mdaihub","namespace":"mdai"},"namespace":"mdai","name":"mdaihub","reconcileID":"e9eaa84c-69a2-4c77-95a6-1742a3be16fe","key":"ssn_template"}
{"level":"info","timestamp":"2026-02-26T23:56:05.151Z","msg":"No value found in storage","key":"variable/mdaihub/ssn_template"}
{"level":"info","timestamp":"2026-02-26T23:56:05.151Z","msg":"Processing variable","controller":"mdaihub","controllerGroup":"hub.mydecisive.ai","controllerKind":"MdaiHub","MdaiHub":{"name":"mdaihub","namespace":"mdai"},"namespace":"mdai","name":"mdaihub","reconcileID":"e9eaa84c-69a2-4c77-95a6-1742a3be16fe","key":"name_template"}
{"level":"info","timestamp":"2026-02-26T23:56:05.151Z","msg":"No value found in storage","key":"variable/mdaihub/name_template"}
{"level":"info","timestamp":"2026-02-26T23:56:05.151Z","msg":"Deleting old valkey keys","controller":"mdaihub","controllerGroup":"hub.mydecisive.ai","controllerKind":"MdaiHub","MdaiHub":{"name":"mdaihub","namespace":"mdai"},"namespace":"mdai","name":"mdaihub","reconcileID":"e9eaa84c-69a2-4c77-95a6-1742a3be16fe","valkeyKeysToKeep":{"address_regex":{},"address_template":{},"cc_regex":{},"cc_template":{},"email_regex":{},"email_template":{},"fields_to_hash":{},"fields_to_redact":{},"name_regex":{},"name_template":{},"phone_regex":{},"phone_template":{},"ssn_regex":{},"ssn_template":{}}}
{"level":"info","timestamp":"2026-02-26T23:56:05.153Z","msg":"<CreateFunc> mdaihub-manual-variables ignored"}
{"level":"info","timestamp":"2026-02-26T23:56:05.153Z","msg":"Successfully created or updated ConfigMap","controller":"mdaihub","controllerGroup":"hub.mydecisive.ai","controllerKind":"MdaiHub","MdaiHub":{"name":"mdaihub","namespace":"mdai"},"namespace":"mdai","name":"mdaihub","reconcileID":"e9eaa84c-69a2-4c77-95a6-1742a3be16fe","name":"mdaihub-manual-variables","namespace":"mdai","operation":"created"}
{"level":"info","timestamp":"2026-02-26T23:56:05.155Z","msg":"Successfully created or updated ConfigMap","controller":"mdaihub","controllerGroup":"hub.mydecisive.ai","controllerKind":"MdaiHub","MdaiHub":{"name":"mdaihub","namespace":"mdai"},"namespace":"mdai","name":"mdaihub","reconcileID":"e9eaa84c-69a2-4c77-95a6-1742a3be16fe","name":"mdaihub-variables","namespace":"mdai","operation":"updated"}
{"level":"info","timestamp":"2026-02-26T23:56:05.155Z","msg":"<UpdateFunc> mdaihub-variables shouldReconcile: false"}
{"level":"error","timestamp":"2026-02-26T23:56:05.156Z","msg":"Failed to create or update ConfigMap","controller":"mdaihub","controllerGroup":"hub.mydecisive.ai","controllerKind":"MdaiHub","MdaiHub":{"name":"mdaihub","namespace":"mdai"},"namespace":"mdai","name":"mdaihub","reconcileID":"e9eaa84c-69a2-4c77-95a6-1742a3be16fe","name":"mdaihub-variables","namespace":"mdai","error":"Operation cannot be fulfilled on configmaps \"mdaihub-variables\": the object has been modified; please apply your changes to the latest version and try again","stacktrace":"github.com/go-logr/logr.Logger.Error\n\tgithub.com/go-logr/logr@v1.4.3/logr.go:301\ngithub.com/decisiveai/mdai-operator/internal/controller.HubAdapter.createOrUpdateEnvConfigMap\n\tgithub.com/decisiveai/mdai-operator/internal/controller/hub_adapter.go:671\ngithub.com/decisiveai/mdai-operator/internal/controller.HubAdapter.syncComputedConfigMapsAndRestart\n\tgithub.com/decisiveai/mdai-operator/internal/controller/hub_adapter.go:446\ngithub.com/decisiveai/mdai-operator/internal/controller.HubAdapter.ensureVariableSynchronized\n\tgithub.com/decisiveai/mdai-operator/internal/controller/hub_adapter.go:507\ngithub.com/decisiveai/mdai-operator/internal/controller.(*MdaiHubReconciler).ReconcileHandler\n\tgithub.com/decisiveai/mdai-operator/internal/controller/mdaihub_controller.go:113\ngithub.com/decisiveai/mdai-operator/internal/controller.(*MdaiHubReconciler).Reconcile\n\tgithub.com/decisiveai/mdai-operator/internal/controller/mdaihub_controller.go:87\nsigs.k8s.io/controller-runtime/pkg/internal/controller.(*Controller[...]).Reconcile\n\tsigs.k8s.io/controller-runtime@v0.20.4/pkg/internal/controller/controller.go:119\nsigs.k8s.io/controller-runtime/pkg/internal/controller.(*Controller[...]).reconcileHandler\n\tsigs.k8s.io/controller-runtime@v0.20.4/pkg/internal/controller/controller.go:334\nsigs.k8s.io/controller-runtime/pkg/internal/controller.(*Controller[...]).processNextWorkItem\n\tsigs.k8s.io/controller-runtime@v0.20.4/pkg/internal/controller/controller.go:294\nsigs.k8s.io/controller-runtime/pkg/internal/controller.(*Controller[...]).Start.func2.2\n\tsigs.k8s.io/controller-runtime@v0.20.4/pkg/internal/controller/controller.go:255"}
{"level":"error","timestamp":"2026-02-26T23:56:05.156Z","msg":"Reconciler error","controller":"mdaihub","controllerGroup":"hub.mydecisive.ai","controllerKind":"MdaiHub","MdaiHub":{"name":"mdaihub","namespace":"mdai"},"namespace":"mdai","name":"mdaihub","reconcileID":"e9eaa84c-69a2-4c77-95a6-1742a3be16fe","error":"failed to create or update ConfigMap: Operation cannot be fulfilled on configmaps \"mdaihub-variables\": the object has been modified; please apply your changes to the latest version and try again","stacktrace":"github.com/go-logr/logr.Logger.Error\n\tgithub.com/go-logr/logr@v1.4.3/logr.go:301\nsigs.k8s.io/controller-runtime/pkg/internal/controller.(*Controller[...]).reconcileHandler\n\tsigs.k8s.io/controller-runtime@v0.20.4/pkg/internal/controller/controller.go:347\nsigs.k8s.io/controller-runtime/pkg/internal/controller.(*Controller[...]).processNextWorkItem\n\tsigs.k8s.io/controller-runtime@v0.20.4/pkg/internal/controller/controller.go:294\nsigs.k8s.io/controller-runtime/pkg/internal/controller.(*Controller[...]).Start.func2.2\n\tsigs.k8s.io/controller-runtime@v0.20.4/pkg/internal/controller/controller.go:255"}
{"level":"info","timestamp":"2026-02-26T23:56:05.163Z","msg":"-- Starting MdaiHub reconciliation --","controller":"mdaihub","controllerGroup":"hub.mydecisive.ai","controllerKind":"MdaiHub","MdaiHub":{"name":"mdaihub","namespace":"mdai"},"namespace":"mdai","name":"mdaihub","reconcileID":"1c1e85f7-371b-4a77-984c-d576783bdbc6","namespace":{"name":"mdaihub","namespace":"mdai"},"name":"mdaihub"}
{"level":"info","timestamp":"2026-02-26T23:56:05.163Z","msg":"EnsurePrometheusRuleSynchronized","controller":"mdaihub","controllerGroup":"hub.mydecisive.ai","controllerKind":"MdaiHub","MdaiHub":{"name":"mdaihub","namespace":"mdai"},"namespace":"mdai","name":"mdaihub","reconcileID":"1c1e85f7-371b-4a77-984c-d576783bdbc6"}
{"level":"info","timestamp":"2026-02-26T23:56:05.163Z","msg":"No evaluations found, skipping PrometheusRule creation","controller":"mdaihub","controllerGroup":"hub.mydecisive.ai","controllerKind":"MdaiHub","MdaiHub":{"name":"mdaihub","namespace":"mdai"},"namespace":"mdai","name":"mdaihub","reconcileID":"1c1e85f7-371b-4a77-984c-d576783bdbc6"}
{"level":"info","timestamp":"2026-02-26T23:56:05.163Z","msg":"No automations defined in the MDAI CR","controller":"mdaihub","controllerGroup":"hub.mydecisive.ai","controllerKind":"MdaiHub","MdaiHub":{"name":"mdaihub","namespace":"mdai"},"namespace":"mdai","name":"mdaihub","reconcileID":"1c1e85f7-371b-4a77-984c-d576783bdbc6","name":"mdaihub"}
{"level":"info","timestamp":"2026-02-26T23:56:05.163Z","msg":"Deleting ConfigMap","controller":"mdaihub","controllerGroup":"hub.mydecisive.ai","controllerKind":"MdaiHub","MdaiHub":{"name":"mdaihub","namespace":"mdai"},"namespace":"mdai","name":"mdaihub","reconcileID":"1c1e85f7-371b-4a77-984c-d576783bdbc6","name":"mdaihub-automation","namespace":"mdai"}
{"level":"info","timestamp":"2026-02-26T23:56:05.164Z","msg":"ConfigMap not found, skipping deletion","controller":"mdaihub","controllerGroup":"hub.mydecisive.ai","controllerKind":"MdaiHub","MdaiHub":{"name":"mdaihub","namespace":"mdai"},"namespace":"mdai","name":"mdaihub","reconcileID":"1c1e85f7-371b-4a77-984c-d576783bdbc6","name":"mdaihub-automation","namespace":"mdai"}
{"level":"info","timestamp":"2026-02-26T23:56:05.164Z","msg":"Processing variable","controller":"mdaihub","controllerGroup":"hub.mydecisive.ai","controllerKind":"MdaiHub","MdaiHub":{"name":"mdaihub","namespace":"mdai"},"namespace":"mdai","name":"mdaihub","reconcileID":"1c1e85f7-371b-4a77-984c-d576783bdbc6","key":"fields_to_redact"}
{"level":"info","timestamp":"2026-02-26T23:56:05.164Z","msg":"Data received for variable/mdaihub/fields_to_redact: []"}
{"level":"info","timestamp":"2026-02-26T23:56:05.164Z","msg":"Processing variable","controller":"mdaihub","controllerGroup":"hub.mydecisive.ai","controllerKind":"MdaiHub","MdaiHub":{"name":"mdaihub","namespace":"mdai"},"namespace":"mdai","name":"mdaihub","reconcileID":"1c1e85f7-371b-4a77-984c-d576783bdbc6","key":"fields_to_hash"}
{"level":"info","timestamp":"2026-02-26T23:56:05.164Z","msg":"Data received for variable/mdaihub/fields_to_hash: []"}
{"level":"info","timestamp":"2026-02-26T23:56:05.164Z","msg":"Processing variable","controller":"mdaihub","controllerGroup":"hub.mydecisive.ai","controllerKind":"MdaiHub","MdaiHub":{"name":"mdaihub","namespace":"mdai"},"namespace":"mdai","name":"mdaihub","reconcileID":"1c1e85f7-371b-4a77-984c-d576783bdbc6","key":"email_regex"}
{"level":"info","timestamp":"2026-02-26T23:56:05.164Z","msg":"No value found in storage","key":"variable/mdaihub/email_regex"}
{"level":"info","timestamp":"2026-02-26T23:56:05.164Z","msg":"Processing variable","controller":"mdaihub","controllerGroup":"hub.mydecisive.ai","controllerKind":"MdaiHub","MdaiHub":{"name":"mdaihub","namespace":"mdai"},"namespace":"mdai","name":"mdaihub","reconcileID":"1c1e85f7-371b-4a77-984c-d576783bdbc6","key":"cc_regex"}
{"level":"info","timestamp":"2026-02-26T23:56:05.164Z","msg":"No value found in storage","key":"variable/mdaihub/cc_regex"}
{"level":"info","timestamp":"2026-02-26T23:56:05.164Z","msg":"Processing variable","controller":"mdaihub","controllerGroup":"hub.mydecisive.ai","controllerKind":"MdaiHub","MdaiHub":{"name":"mdaihub","namespace":"mdai"},"namespace":"mdai","name":"mdaihub","reconcileID":"1c1e85f7-371b-4a77-984c-d576783bdbc6","key":"phone_regex"}
{"level":"info","timestamp":"2026-02-26T23:56:05.164Z","msg":"No value found in storage","key":"variable/mdaihub/phone_regex"}
{"level":"info","timestamp":"2026-02-26T23:56:05.164Z","msg":"Processing variable","controller":"mdaihub","controllerGroup":"hub.mydecisive.ai","controllerKind":"MdaiHub","MdaiHub":{"name":"mdaihub","namespace":"mdai"},"namespace":"mdai","name":"mdaihub","reconcileID":"1c1e85f7-371b-4a77-984c-d576783bdbc6","key":"address_regex"}
{"level":"info","timestamp":"2026-02-26T23:56:05.164Z","msg":"No value found in storage","key":"variable/mdaihub/address_regex"}
{"level":"info","timestamp":"2026-02-26T23:56:05.164Z","msg":"Processing variable","controller":"mdaihub","controllerGroup":"hub.mydecisive.ai","controllerKind":"MdaiHub","MdaiHub":{"name":"mdaihub","namespace":"mdai"},"namespace":"mdai","name":"mdaihub","reconcileID":"1c1e85f7-371b-4a77-984c-d576783bdbc6","key":"ssn_regex"}
{"level":"info","timestamp":"2026-02-26T23:56:05.165Z","msg":"No value found in storage","key":"variable/mdaihub/ssn_regex"}
{"level":"info","timestamp":"2026-02-26T23:56:05.165Z","msg":"Processing variable","controller":"mdaihub","controllerGroup":"hub.mydecisive.ai","controllerKind":"MdaiHub","MdaiHub":{"name":"mdaihub","namespace":"mdai"},"namespace":"mdai","name":"mdaihub","reconcileID":"1c1e85f7-371b-4a77-984c-d576783bdbc6","key":"name_regex"}
{"level":"info","timestamp":"2026-02-26T23:56:05.165Z","msg":"No value found in storage","key":"variable/mdaihub/name_regex"}
{"level":"info","timestamp":"2026-02-26T23:56:05.165Z","msg":"Processing variable","controller":"mdaihub","controllerGroup":"hub.mydecisive.ai","controllerKind":"MdaiHub","MdaiHub":{"name":"mdaihub","namespace":"mdai"},"namespace":"mdai","name":"mdaihub","reconcileID":"1c1e85f7-371b-4a77-984c-d576783bdbc6","key":"email_template"}
{"level":"info","timestamp":"2026-02-26T23:56:05.165Z","msg":"No value found in storage","key":"variable/mdaihub/email_template"}
{"level":"info","timestamp":"2026-02-26T23:56:05.165Z","msg":"Processing variable","controller":"mdaihub","controllerGroup":"hub.mydecisive.ai","controllerKind":"MdaiHub","MdaiHub":{"name":"mdaihub","namespace":"mdai"},"namespace":"mdai","name":"mdaihub","reconcileID":"1c1e85f7-371b-4a77-984c-d576783bdbc6","key":"cc_template"}
{"level":"info","timestamp":"2026-02-26T23:56:05.165Z","msg":"No value found in storage","key":"variable/mdaihub/cc_template"}
{"level":"info","timestamp":"2026-02-26T23:56:05.165Z","msg":"Processing variable","controller":"mdaihub","controllerGroup":"hub.mydecisive.ai","controllerKind":"MdaiHub","MdaiHub":{"name":"mdaihub","namespace":"mdai"},"namespace":"mdai","name":"mdaihub","reconcileID":"1c1e85f7-371b-4a77-984c-d576783bdbc6","key":"phone_template"}
{"level":"info","timestamp":"2026-02-26T23:56:05.165Z","msg":"No value found in storage","key":"variable/mdaihub/phone_template"}
{"level":"info","timestamp":"2026-02-26T23:56:05.165Z","msg":"Processing variable","controller":"mdaihub","controllerGroup":"hub.mydecisive.ai","controllerKind":"MdaiHub","MdaiHub":{"name":"mdaihub","namespace":"mdai"},"namespace":"mdai","name":"mdaihub","reconcileID":"1c1e85f7-371b-4a77-984c-d576783bdbc6","key":"address_template"}
{"level":"info","timestamp":"2026-02-26T23:56:05.165Z","msg":"No value found in storage","key":"variable/mdaihub/address_template"}
{"level":"info","timestamp":"2026-02-26T23:56:05.165Z","msg":"Processing variable","controller":"mdaihub","controllerGroup":"hub.mydecisive.ai","controllerKind":"MdaiHub","MdaiHub":{"name":"mdaihub","namespace":"mdai"},"namespace":"mdai","name":"mdaihub","reconcileID":"1c1e85f7-371b-4a77-984c-d576783bdbc6","key":"ssn_template"}
{"level":"info","timestamp":"2026-02-26T23:56:05.165Z","msg":"No value found in storage","key":"variable/mdaihub/ssn_template"}
{"level":"info","timestamp":"2026-02-26T23:56:05.165Z","msg":"Processing variable","controller":"mdaihub","controllerGroup":"hub.mydecisive.ai","controllerKind":"MdaiHub","MdaiHub":{"name":"mdaihub","namespace":"mdai"},"namespace":"mdai","name":"mdaihub","reconcileID":"1c1e85f7-371b-4a77-984c-d576783bdbc6","key":"name_template"}
{"level":"info","timestamp":"2026-02-26T23:56:05.165Z","msg":"No value found in storage","key":"variable/mdaihub/name_template"}
{"level":"info","timestamp":"2026-02-26T23:56:05.165Z","msg":"Deleting old valkey keys","controller":"mdaihub","controllerGroup":"hub.mydecisive.ai","controllerKind":"MdaiHub","MdaiHub":{"name":"mdaihub","namespace":"mdai"},"namespace":"mdai","name":"mdaihub","reconcileID":"1c1e85f7-371b-4a77-984c-d576783bdbc6","valkeyKeysToKeep":{"address_regex":{},"address_template":{},"cc_regex":{},"cc_template":{},"email_regex":{},"email_template":{},"fields_to_hash":{},"fields_to_redact":{},"name_regex":{},"name_template":{},"phone_regex":{},"phone_template":{},"ssn_regex":{},"ssn_template":{}}}
{"level":"info","timestamp":"2026-02-26T23:56:05.166Z","msg":"Successfully created or updated ConfigMap","controller":"mdaihub","controllerGroup":"hub.mydecisive.ai","controllerKind":"MdaiHub","MdaiHub":{"name":"mdaihub","namespace":"mdai"},"namespace":"mdai","name":"mdaihub","reconcileID":"1c1e85f7-371b-4a77-984c-d576783bdbc6","name":"mdaihub-manual-variables","namespace":"mdai","operation":"unchanged"}
{"level":"info","timestamp":"2026-02-26T23:56:05.166Z","msg":"Successfully created or updated ConfigMap","controller":"mdaihub","controllerGroup":"hub.mydecisive.ai","controllerKind":"MdaiHub","MdaiHub":{"name":"mdaihub","namespace":"mdai"},"namespace":"mdai","name":"mdaihub","reconcileID":"1c1e85f7-371b-4a77-984c-d576783bdbc6","name":"mdaihub-variables","namespace":"mdai","operation":"unchanged"}
{"level":"info","timestamp":"2026-02-26T23:56:05.166Z","msg":"Successfully created or updated ConfigMap","controller":"mdaihub","controllerGroup":"hub.mydecisive.ai","controllerKind":"MdaiHub","MdaiHub":{"name":"mdaihub","namespace":"mdai"},"namespace":"mdai","name":"mdaihub","reconcileID":"1c1e85f7-371b-4a77-984c-d576783bdbc6","name":"mdaihub-variables","namespace":"mdai","operation":"unchanged"}
{"level":"info","timestamp":"2026-02-26T23:56:05.166Z","msg":"Successfully created or updated ConfigMap","controller":"mdaihub","controllerGroup":"hub.mydecisive.ai","controllerKind":"MdaiHub","MdaiHub":{"name":"mdaihub","namespace":"mdai"},"namespace":"mdai","name":"mdaihub","reconcileID":"1c1e85f7-371b-4a77-984c-d576783bdbc6","name":"mdaihub-variables","namespace":"mdai","operation":"unchanged"}
{"level":"info","timestamp":"2026-02-26T23:56:05.168Z","msg":"Status set to done for mdai hub","controller":"mdaihub","controllerGroup":"hub.mydecisive.ai","controllerKind":"MdaiHub","MdaiHub":{"name":"mdaihub","namespace":"mdai"},"namespace":"mdai","name":"mdaihub","reconcileID":"1c1e85f7-371b-4a77-984c-d576783bdbc6","mdaiHub":"mdaihub"}
{"level":"info","timestamp":"2026-02-26T23:56:05.168Z","msg":"-- Finished MdaiHub reconciliation --","controller":"mdaihub","controllerGroup":"hub.mydecisive.ai","controllerKind":"MdaiHub","MdaiHub":{"name":"mdaihub","namespace":"mdai"},"namespace":"mdai","name":"mdaihub","reconcileID":"1c1e85f7-371b-4a77-984c-d576783bdbc6"}
{"level":"info","timestamp":"2026-02-26T23:58:47.071Z","logger":"mdaihub-resource","msg":"Defaulting for MdaiHub","name":"mdaihub"}
{"level":"info","timestamp":"2026-02-26T23:58:47.071Z","logger":"mdaihub-resource","msg":"Defaulting for MdaiHub","name":"mdaihub"}
{"level":"info","timestamp":"2026-02-26T23:58:47.073Z","logger":"mdaihub-resource","msg":"Validation for MdaiHub upon update","name":"mdaihub"}
{"level":"info","timestamp":"2026-02-26T23:58:47.073Z","logger":"mdaihub-resource","msg":"Validation for MdaiHub upon update","name":"mdaihub"}
{"level":"info","timestamp":"2026-02-26T23:58:47.075Z","msg":"-- Starting MdaiHub reconciliation --","controller":"mdaihub","controllerGroup":"hub.mydecisive.ai","controllerKind":"MdaiHub","MdaiHub":{"name":"mdaihub","namespace":"mdai"},"namespace":"mdai","name":"mdaihub","reconcileID":"9b260e37-7c0c-414e-9cfc-fab6dce69e2a","namespace":{"name":"mdaihub","namespace":"mdai"},"name":"mdaihub"}
{"level":"info","timestamp":"2026-02-26T23:58:47.075Z","msg":"EnsurePrometheusRuleSynchronized","controller":"mdaihub","controllerGroup":"hub.mydecisive.ai","controllerKind":"MdaiHub","MdaiHub":{"name":"mdaihub","namespace":"mdai"},"namespace":"mdai","name":"mdaihub","reconcileID":"9b260e37-7c0c-414e-9cfc-fab6dce69e2a"}
{"level":"info","timestamp":"2026-02-26T23:58:47.075Z","msg":"No evaluations found, skipping PrometheusRule creation","controller":"mdaihub","controllerGroup":"hub.mydecisive.ai","controllerKind":"MdaiHub","MdaiHub":{"name":"mdaihub","namespace":"mdai"},"namespace":"mdai","name":"mdaihub","reconcileID":"9b260e37-7c0c-414e-9cfc-fab6dce69e2a"}
{"level":"info","timestamp":"2026-02-26T23:58:47.075Z","msg":"No automations defined in the MDAI CR","controller":"mdaihub","controllerGroup":"hub.mydecisive.ai","controllerKind":"MdaiHub","MdaiHub":{"name":"mdaihub","namespace":"mdai"},"namespace":"mdai","name":"mdaihub","reconcileID":"9b260e37-7c0c-414e-9cfc-fab6dce69e2a","name":"mdaihub"}
{"level":"info","timestamp":"2026-02-26T23:58:47.075Z","msg":"Deleting ConfigMap","controller":"mdaihub","controllerGroup":"hub.mydecisive.ai","controllerKind":"MdaiHub","MdaiHub":{"name":"mdaihub","namespace":"mdai"},"namespace":"mdai","name":"mdaihub","reconcileID":"9b260e37-7c0c-414e-9cfc-fab6dce69e2a","name":"mdaihub-automation","namespace":"mdai"}
{"level":"info","timestamp":"2026-02-26T23:58:47.076Z","logger":"mdaihub-resource","msg":"Defaulting for MdaiHub","name":"mdaihub"}
{"level":"info","timestamp":"2026-02-26T23:58:47.077Z","logger":"mdaihub-resource","msg":"Validation for MdaiHub upon update","name":"mdaihub"}
{"level":"info","timestamp":"2026-02-26T23:58:47.077Z","msg":"ConfigMap not found, skipping deletion","controller":"mdaihub","controllerGroup":"hub.mydecisive.ai","controllerKind":"MdaiHub","MdaiHub":{"name":"mdaihub","namespace":"mdai"},"namespace":"mdai","name":"mdaihub","reconcileID":"9b260e37-7c0c-414e-9cfc-fab6dce69e2a","name":"mdaihub-automation","namespace":"mdai"}
{"level":"info","timestamp":"2026-02-26T23:58:47.077Z","msg":"No variables found in the CR, skipping variable synchronization","controller":"mdaihub","controllerGroup":"hub.mydecisive.ai","controllerKind":"MdaiHub","MdaiHub":{"name":"mdaihub","namespace":"mdai"},"namespace":"mdai","name":"mdaihub","reconcileID":"9b260e37-7c0c-414e-9cfc-fab6dce69e2a"}
{"level":"info","timestamp":"2026-02-26T23:58:47.078Z","msg":"Status set to done for mdai hub","controller":"mdaihub","controllerGroup":"hub.mydecisive.ai","controllerKind":"MdaiHub","MdaiHub":{"name":"mdaihub","namespace":"mdai"},"namespace":"mdai","name":"mdaihub","reconcileID":"9b260e37-7c0c-414e-9cfc-fab6dce69e2a","mdaiHub":"mdaihub"}
{"level":"info","timestamp":"2026-02-26T23:58:47.078Z","msg":"-- Finished MdaiHub reconciliation --","controller":"mdaihub","controllerGroup":"hub.mydecisive.ai","controllerKind":"MdaiHub","MdaiHub":{"name":"mdaihub","namespace":"mdai"},"namespace":"mdai","name":"mdaihub","reconcileID":"9b260e37-7c0c-414e-9cfc-fab6dce69e2a"}
{"level":"info","timestamp":"2026-02-26T23:58:47.079Z","msg":"-- Starting MdaiHub reconciliation --","controller":"mdaihub","controllerGroup":"hub.mydecisive.ai","controllerKind":"MdaiHub","MdaiHub":{"name":"mdaihub","namespace":"mdai"},"namespace":"mdai","name":"mdaihub","reconcileID":"d41be655-5ec0-4bf7-bc87-d7c758accb22","namespace":{"name":"mdaihub","namespace":"mdai"},"name":"mdaihub"}
{"level":"info","timestamp":"2026-02-26T23:58:47.079Z","msg":"EnsurePrometheusRuleSynchronized","controller":"mdaihub","controllerGroup":"hub.mydecisive.ai","controllerKind":"MdaiHub","MdaiHub":{"name":"mdaihub","namespace":"mdai"},"namespace":"mdai","name":"mdaihub","reconcileID":"d41be655-5ec0-4bf7-bc87-d7c758accb22"}
{"level":"info","timestamp":"2026-02-26T23:58:47.083Z","msg":"Created new PrometheusRule","controller":"mdaihub","controllerGroup":"hub.mydecisive.ai","controllerKind":"MdaiHub","MdaiHub":{"name":"mdaihub","namespace":"mdai"},"namespace":"mdai","name":"mdaihub","reconcileID":"d41be655-5ec0-4bf7-bc87-d7c758accb22","prometheus_rule_name":"mdai-mdaihub-alert-rules"}
{"level":"info","timestamp":"2026-02-26T23:58:47.088Z","msg":"Creating or updating ConfigMap for automations","controller":"mdaihub","controllerGroup":"hub.mydecisive.ai","controllerKind":"MdaiHub","MdaiHub":{"name":"mdaihub","namespace":"mdai"},"namespace":"mdai","name":"mdaihub","reconcileID":"d41be655-5ec0-4bf7-bc87-d7c758accb22","name":"mdaihub"}
{"level":"info","timestamp":"2026-02-26T23:58:47.090Z","msg":"<CreateFunc> mdaihub-automation ignored"}
{"level":"info","timestamp":"2026-02-26T23:58:47.091Z","msg":"Successfully created or updated ConfigMap","controller":"mdaihub","controllerGroup":"hub.mydecisive.ai","controllerKind":"MdaiHub","MdaiHub":{"name":"mdaihub","namespace":"mdai"},"namespace":"mdai","name":"mdaihub","reconcileID":"d41be655-5ec0-4bf7-bc87-d7c758accb22","name":"mdaihub-automation","namespace":"mdai","operation":"created"}
{"level":"info","timestamp":"2026-02-26T23:58:47.091Z","msg":"Successfully created ConfigMap for automations","controller":"mdaihub","controllerGroup":"hub.mydecisive.ai","controllerKind":"MdaiHub","MdaiHub":{"name":"mdaihub","namespace":"mdai"},"namespace":"mdai","name":"mdaihub","reconcileID":"d41be655-5ec0-4bf7-bc87-d7c758accb22","name":"mdaihub"}
{"level":"info","timestamp":"2026-02-26T23:58:47.091Z","msg":"Processing variable","controller":"mdaihub","controllerGroup":"hub.mydecisive.ai","controllerKind":"MdaiHub","MdaiHub":{"name":"mdaihub","namespace":"mdai"},"namespace":"mdai","name":"mdaihub","reconcileID":"d41be655-5ec0-4bf7-bc87-d7c758accb22","key":"service_list"}
{"level":"info","timestamp":"2026-02-26T23:58:47.091Z","msg":"Data received for variable/mdaihub/service_list: []"}
{"level":"info","timestamp":"2026-02-26T23:58:47.091Z","msg":"Processing variable","controller":"mdaihub","controllerGroup":"hub.mydecisive.ai","controllerKind":"MdaiHub","MdaiHub":{"name":"mdaihub","namespace":"mdai"},"namespace":"mdai","name":"mdaihub","reconcileID":"d41be655-5ec0-4bf7-bc87-d7c758accb22","key":"alerting_data_type"}
{"level":"info","timestamp":"2026-02-26T23:58:47.091Z","msg":"No value found in storage","key":"variable/mdaihub/alerting_data_type"}
{"level":"info","timestamp":"2026-02-26T23:58:47.091Z","msg":"Processing variable","controller":"mdaihub","controllerGroup":"hub.mydecisive.ai","controllerKind":"MdaiHub","MdaiHub":{"name":"mdaihub","namespace":"mdai"},"namespace":"mdai","name":"mdaihub","reconcileID":"d41be655-5ec0-4bf7-bc87-d7c758accb22","key":"alerting_triggered"}
{"level":"info","timestamp":"2026-02-26T23:58:47.091Z","msg":"No value found in storage","key":"variable/mdaihub/alerting_triggered"}
{"level":"info","timestamp":"2026-02-26T23:58:47.091Z","msg":"Deleting old valkey keys","controller":"mdaihub","controllerGroup":"hub.mydecisive.ai","controllerKind":"MdaiHub","MdaiHub":{"name":"mdaihub","namespace":"mdai"},"namespace":"mdai","name":"mdaihub","reconcileID":"d41be655-5ec0-4bf7-bc87-d7c758accb22","valkeyKeysToKeep":{"alerting_data_type":{},"alerting_triggered":{},"service_list":{}}}
{"level":"info","timestamp":"2026-02-26T23:58:47.092Z","msg":"No manual variables defined in the MDAI CR","controller":"mdaihub","controllerGroup":"hub.mydecisive.ai","controllerKind":"MdaiHub","MdaiHub":{"name":"mdaihub","namespace":"mdai"},"namespace":"mdai","name":"mdaihub","reconcileID":"d41be655-5ec0-4bf7-bc87-d7c758accb22","name":"mdaihub"}
{"level":"info","timestamp":"2026-02-26T23:58:47.092Z","msg":"Deleting ConfigMap","controller":"mdaihub","controllerGroup":"hub.mydecisive.ai","controllerKind":"MdaiHub","MdaiHub":{"name":"mdaihub","namespace":"mdai"},"namespace":"mdai","name":"mdaihub","reconcileID":"d41be655-5ec0-4bf7-bc87-d7c758accb22","name":"mdaihub-manual-variables","namespace":"mdai"}
{"level":"info","timestamp":"2026-02-26T23:58:47.094Z","msg":"<DeleteFunc> mdaihub-manual-variables ignored"}
{"level":"info","timestamp":"2026-02-26T23:58:47.096Z","msg":"<UpdateFunc> mdaihub-variables shouldReconcile: false"}
{"level":"info","timestamp":"2026-02-26T23:58:47.097Z","msg":"Successfully created or updated ConfigMap","controller":"mdaihub","controllerGroup":"hub.mydecisive.ai","controllerKind":"MdaiHub","MdaiHub":{"name":"mdaihub","namespace":"mdai"},"namespace":"mdai","name":"mdaihub","reconcileID":"d41be655-5ec0-4bf7-bc87-d7c758accb22","name":"mdaihub-variables","namespace":"mdai","operation":"updated"}
{"level":"info","timestamp":"2026-02-26T23:58:47.097Z","msg":"Successfully created or updated ConfigMap","controller":"mdaihub","controllerGroup":"hub.mydecisive.ai","controllerKind":"MdaiHub","MdaiHub":{"name":"mdaihub","namespace":"mdai"},"namespace":"mdai","name":"mdaihub","reconcileID":"d41be655-5ec0-4bf7-bc87-d7c758accb22","name":"mdaihub-variables","namespace":"mdai","operation":"unchanged"}
{"level":"info","timestamp":"2026-02-26T23:58:47.097Z","msg":"Successfully created or updated ConfigMap","controller":"mdaihub","controllerGroup":"hub.mydecisive.ai","controllerKind":"MdaiHub","MdaiHub":{"name":"mdaihub","namespace":"mdai"},"namespace":"mdai","name":"mdaihub","reconcileID":"d41be655-5ec0-4bf7-bc87-d7c758accb22","name":"mdaihub-variables","namespace":"mdai","operation":"unchanged"}
{"level":"info","timestamp":"2026-02-26T23:58:47.097Z","msg":"Triggering restart of OpenTelemetry Collector","controller":"mdaihub","controllerGroup":"hub.mydecisive.ai","controllerKind":"MdaiHub","MdaiHub":{"name":"mdaihub","namespace":"mdai"},"namespace":"mdai","name":"mdaihub","reconcileID":"d41be655-5ec0-4bf7-bc87-d7c758accb22","name":"gateway-datadog"}
{"level":"warn","timestamp":"2026-02-26T23:58:47.107Z","msg":"VALKEY_AUDIT_STREAM_EXPIRY_MS is deprecated; use VALKEY_AUDIT_STREAM_RETENTION","retention":2592000,"stacktrace":"github.com/decisiveai/mdai-data-core/audit.getStreamRetention\n\tgithub.com/decisiveai/mdai-data-core@v0.2.9/audit/adapter.go:241\ngithub.com/decisiveai/mdai-data-core/audit.NewAuditAdapter\n\tgithub.com/decisiveai/mdai-data-core@v0.2.9/audit/adapter.go:54\ngithub.com/decisiveai/mdai-operator/internal/controller.HubAdapter.restartCollectorAndAudit\n\tgithub.com/decisiveai/mdai-operator/internal/controller/hub_adapter.go:427\ngithub.com/decisiveai/mdai-operator/internal/controller.HubAdapter.syncComputedConfigMapsAndRestart\n\tgithub.com/decisiveai/mdai-operator/internal/controller/hub_adapter.go:458\ngithub.com/decisiveai/mdai-operator/internal/controller.HubAdapter.ensureVariableSynchronized\n\tgithub.com/decisiveai/mdai-operator/internal/controller/hub_adapter.go:507\ngithub.com/decisiveai/mdai-operator/internal/controller.(*MdaiHubReconciler).ReconcileHandler\n\tgithub.com/decisiveai/mdai-operator/internal/controller/mdaihub_controller.go:113\ngithub.com/decisiveai/mdai-operator/internal/controller.(*MdaiHubReconciler).Reconcile\n\tgithub.com/decisiveai/mdai-operator/internal/controller/mdaihub_controller.go:87\nsigs.k8s.io/controller-runtime/pkg/internal/controller.(*Controller[...]).Reconcile\n\tsigs.k8s.io/controller-runtime@v0.20.4/pkg/internal/controller/controller.go:119\nsigs.k8s.io/controller-runtime/pkg/internal/controller.(*Controller[...]).reconcileHandler\n\tsigs.k8s.io/controller-runtime@v0.20.4/pkg/internal/controller/controller.go:334\nsigs.k8s.io/controller-runtime/pkg/internal/controller.(*Controller[...]).processNextWorkItem\n\tsigs.k8s.io/controller-runtime@v0.20.4/pkg/internal/controller/controller.go:294\nsigs.k8s.io/controller-runtime/pkg/internal/controller.(*Controller[...]).Start.func2.2\n\tsigs.k8s.io/controller-runtime@v0.20.4/pkg/internal/controller/controller.go:255"}
{"level":"info","timestamp":"2026-02-26T23:58:47.108Z","msg":"AUDIT: Triggering restart of OpenTelemetry Collector","controller":"mdaihub","controllerGroup":"hub.mydecisive.ai","controllerKind":"MdaiHub","MdaiHub":{"name":"mdaihub","namespace":"mdai"},"namespace":"mdai","name":"mdaihub","reconcileID":"d41be655-5ec0-4bf7-bc87-d7c758accb22","mdai-logstream":"audit","SERVICE_LIST_REGEX":"","type":"collector_restart","timestamp":"2026-02-26T23:58:47Z","hub_name":"mdaihub"}
{"level":"info","timestamp":"2026-02-26T23:58:47.108Z","msg":"Triggering restart of OpenTelemetry Collector","controller":"mdaihub","controllerGroup":"hub.mydecisive.ai","controllerKind":"MdaiHub","MdaiHub":{"name":"mdaihub","namespace":"mdai"},"namespace":"mdai","name":"mdaihub","reconcileID":"d41be655-5ec0-4bf7-bc87-d7c758accb22","name":"gateway-dynamic-filtration"}
{"level":"warn","timestamp":"2026-02-26T23:58:47.116Z","msg":"VALKEY_AUDIT_STREAM_EXPIRY_MS is deprecated; use VALKEY_AUDIT_STREAM_RETENTION","retention":2592000,"stacktrace":"github.com/decisiveai/mdai-data-core/audit.getStreamRetention\n\tgithub.com/decisiveai/mdai-data-core@v0.2.9/audit/adapter.go:241\ngithub.com/decisiveai/mdai-data-core/audit.NewAuditAdapter\n\tgithub.com/decisiveai/mdai-data-core@v0.2.9/audit/adapter.go:54\ngithub.com/decisiveai/mdai-operator/internal/controller.HubAdapter.restartCollectorAndAudit\n\tgithub.com/decisiveai/mdai-operator/internal/controller/hub_adapter.go:427\ngithub.com/decisiveai/mdai-operator/internal/controller.HubAdapter.syncComputedConfigMapsAndRestart\n\tgithub.com/decisiveai/mdai-operator/internal/controller/hub_adapter.go:458\ngithub.com/decisiveai/mdai-operator/internal/controller.HubAdapter.ensureVariableSynchronized\n\tgithub.com/decisiveai/mdai-operator/internal/controller/hub_adapter.go:507\ngithub.com/decisiveai/mdai-operator/internal/controller.(*MdaiHubReconciler).ReconcileHandler\n\tgithub.com/decisiveai/mdai-operator/internal/controller/mdaihub_controller.go:113\ngithub.com/decisiveai/mdai-operator/internal/controller.(*MdaiHubReconciler).Reconcile\n\tgithub.com/decisiveai/mdai-operator/internal/controller/mdaihub_controller.go:87\nsigs.k8s.io/controller-runtime/pkg/internal/controller.(*Controller[...]).Reconcile\n\tsigs.k8s.io/controller-runtime@v0.20.4/pkg/internal/controller/controller.go:119\nsigs.k8s.io/controller-runtime/pkg/internal/controller.(*Controller[...]).reconcileHandler\n\tsigs.k8s.io/controller-runtime@v0.20.4/pkg/internal/controller/controller.go:334\nsigs.k8s.io/controller-runtime/pkg/internal/controller.(*Controller[...]).processNextWorkItem\n\tsigs.k8s.io/controller-runtime@v0.20.4/pkg/internal/controller/controller.go:294\nsigs.k8s.io/controller-runtime/pkg/internal/controller.(*Controller[...]).Start.func2.2\n\tsigs.k8s.io/controller-runtime@v0.20.4/pkg/internal/controller/controller.go:255"}
{"level":"info","timestamp":"2026-02-26T23:58:47.116Z","msg":"AUDIT: Triggering restart of OpenTelemetry Collector","controller":"mdaihub","controllerGroup":"hub.mydecisive.ai","controllerKind":"MdaiHub","MdaiHub":{"name":"mdaihub","namespace":"mdai"},"namespace":"mdai","name":"mdaihub","reconcileID":"d41be655-5ec0-4bf7-bc87-d7c758accb22","mdai-logstream":"audit","type":"collector_restart","timestamp":"2026-02-26T23:58:47Z","hub_name":"mdaihub","SERVICE_LIST_REGEX":""}
{"level":"info","timestamp":"2026-02-26T23:58:47.117Z","msg":"Triggering restart of OpenTelemetry Collector","controller":"mdaihub","controllerGroup":"hub.mydecisive.ai","controllerKind":"MdaiHub","MdaiHub":{"name":"mdaihub","namespace":"mdai"},"namespace":"mdai","name":"mdaihub","reconcileID":"d41be655-5ec0-4bf7-bc87-d7c758accb22","name":"gateway-pii"}
{"level":"warn","timestamp":"2026-02-26T23:58:47.125Z","msg":"VALKEY_AUDIT_STREAM_EXPIRY_MS is deprecated; use VALKEY_AUDIT_STREAM_RETENTION","retention":2592000,"stacktrace":"github.com/decisiveai/mdai-data-core/audit.getStreamRetention\n\tgithub.com/decisiveai/mdai-data-core@v0.2.9/audit/adapter.go:241\ngithub.com/decisiveai/mdai-data-core/audit.NewAuditAdapter\n\tgithub.com/decisiveai/mdai-data-core@v0.2.9/audit/adapter.go:54\ngithub.com/decisiveai/mdai-operator/internal/controller.HubAdapter.restartCollectorAndAudit\n\tgithub.com/decisiveai/mdai-operator/internal/controller/hub_adapter.go:427\ngithub.com/decisiveai/mdai-operator/internal/controller.HubAdapter.syncComputedConfigMapsAndRestart\n\tgithub.com/decisiveai/mdai-operator/internal/controller/hub_adapter.go:458\ngithub.com/decisiveai/mdai-operator/internal/controller.HubAdapter.ensureVariableSynchronized\n\tgithub.com/decisiveai/mdai-operator/internal/controller/hub_adapter.go:507\ngithub.com/decisiveai/mdai-operator/internal/controller.(*MdaiHubReconciler).ReconcileHandler\n\tgithub.com/decisiveai/mdai-operator/internal/controller/mdaihub_controller.go:113\ngithub.com/decisiveai/mdai-operator/internal/controller.(*MdaiHubReconciler).Reconcile\n\tgithub.com/decisiveai/mdai-operator/internal/controller/mdaihub_controller.go:87\nsigs.k8s.io/controller-runtime/pkg/internal/controller.(*Controller[...]).Reconcile\n\tsigs.k8s.io/controller-runtime@v0.20.4/pkg/internal/controller/controller.go:119\nsigs.k8s.io/controller-runtime/pkg/internal/controller.(*Controller[...]).reconcileHandler\n\tsigs.k8s.io/controller-runtime@v0.20.4/pkg/internal/controller/controller.go:334\nsigs.k8s.io/controller-runtime/pkg/internal/controller.(*Controller[...]).processNextWorkItem\n\tsigs.k8s.io/controller-runtime@v0.20.4/pkg/internal/controller/controller.go:294\nsigs.k8s.io/controller-runtime/pkg/internal/controller.(*Controller[...]).Start.func2.2\n\tsigs.k8s.io/controller-runtime@v0.20.4/pkg/internal/controller/controller.go:255"}
{"level":"info","timestamp":"2026-02-26T23:58:47.125Z","msg":"AUDIT: Triggering restart of OpenTelemetry Collector","controller":"mdaihub","controllerGroup":"hub.mydecisive.ai","controllerKind":"MdaiHub","MdaiHub":{"name":"mdaihub","namespace":"mdai"},"namespace":"mdai","name":"mdaihub","reconcileID":"d41be655-5ec0-4bf7-bc87-d7c758accb22","mdai-logstream":"audit","type":"collector_restart","timestamp":"2026-02-26T23:58:47Z","hub_name":"mdaihub","SERVICE_LIST_REGEX":""}
{"level":"info","timestamp":"2026-02-26T23:58:47.129Z","msg":"Status set to done for mdai hub","controller":"mdaihub","controllerGroup":"hub.mydecisive.ai","controllerKind":"MdaiHub","MdaiHub":{"name":"mdaihub","namespace":"mdai"},"namespace":"mdai","name":"mdaihub","reconcileID":"d41be655-5ec0-4bf7-bc87-d7c758accb22","mdaiHub":"mdaihub"}
{"level":"info","timestamp":"2026-02-26T23:58:47.129Z","msg":"-- Finished MdaiHub reconciliation --","controller":"mdaihub","controllerGroup":"hub.mydecisive.ai","controllerKind":"MdaiHub","MdaiHub":{"name":"mdaihub","namespace":"mdai"},"namespace":"mdai","name":"mdaihub","reconcileID":"d41be655-5ec0-4bf7-bc87-d7c758accb22"}
{"level":"info","timestamp":"2026-02-26T23:58:47.141Z","logger":"mdaihub-resource","msg":"Defaulting for MdaiHub","name":"mdaihub"}
{"level":"info","timestamp":"2026-02-26T23:58:47.142Z","logger":"mdaihub-resource","msg":"Validation for MdaiHub upon update","name":"mdaihub"}
{"level":"info","timestamp":"2026-02-26T23:58:47.144Z","msg":"-- Starting MdaiHub reconciliation --","controller":"mdaihub","controllerGroup":"hub.mydecisive.ai","controllerKind":"MdaiHub","MdaiHub":{"name":"mdaihub","namespace":"mdai"},"namespace":"mdai","name":"mdaihub","reconcileID":"d5830ac1-a7c0-4791-a850-6de488481286","namespace":{"name":"mdaihub","namespace":"mdai"},"name":"mdaihub"}
{"level":"info","timestamp":"2026-02-26T23:58:47.144Z","msg":"EnsurePrometheusRuleSynchronized","controller":"mdaihub","controllerGroup":"hub.mydecisive.ai","controllerKind":"MdaiHub","MdaiHub":{"name":"mdaihub","namespace":"mdai"},"namespace":"mdai","name":"mdaihub","reconcileID":"d5830ac1-a7c0-4791-a850-6de488481286"}
{"level":"info","timestamp":"2026-02-26T23:58:47.144Z","msg":"No evaluations found, skipping PrometheusRule creation","controller":"mdaihub","controllerGroup":"hub.mydecisive.ai","controllerKind":"MdaiHub","MdaiHub":{"name":"mdaihub","namespace":"mdai"},"namespace":"mdai","name":"mdaihub","reconcileID":"d5830ac1-a7c0-4791-a850-6de488481286"}
{"level":"info","timestamp":"2026-02-26T23:58:47.144Z","msg":"Removing existing rules","controller":"mdaihub","controllerGroup":"hub.mydecisive.ai","controllerKind":"MdaiHub","MdaiHub":{"name":"mdaihub","namespace":"mdai"},"namespace":"mdai","name":"mdaihub","reconcileID":"d5830ac1-a7c0-4791-a850-6de488481286"}
{"level":"info","timestamp":"2026-02-26T23:58:47.148Z","msg":"Deleted PrometheusRule","controller":"mdaihub","controllerGroup":"hub.mydecisive.ai","controllerKind":"MdaiHub","MdaiHub":{"name":"mdaihub","namespace":"mdai"},"namespace":"mdai","name":"mdaihub","reconcileID":"d5830ac1-a7c0-4791-a850-6de488481286","prometheus_rule_name":"mdai-mdaihub-alert-rules"}
{"level":"info","timestamp":"2026-02-26T23:58:47.148Z","msg":"No automations defined in the MDAI CR","controller":"mdaihub","controllerGroup":"hub.mydecisive.ai","controllerKind":"MdaiHub","MdaiHub":{"name":"mdaihub","namespace":"mdai"},"namespace":"mdai","name":"mdaihub","reconcileID":"d5830ac1-a7c0-4791-a850-6de488481286","name":"mdaihub"}
{"level":"info","timestamp":"2026-02-26T23:58:47.148Z","msg":"Deleting ConfigMap","controller":"mdaihub","controllerGroup":"hub.mydecisive.ai","controllerKind":"MdaiHub","MdaiHub":{"name":"mdaihub","namespace":"mdai"},"namespace":"mdai","name":"mdaihub","reconcileID":"d5830ac1-a7c0-4791-a850-6de488481286","name":"mdaihub-automation","namespace":"mdai"}
{"level":"info","timestamp":"2026-02-26T23:58:47.150Z","msg":"<DeleteFunc> mdaihub-automation ignored"}
{"level":"info","timestamp":"2026-02-26T23:58:47.150Z","msg":"Processing variable","controller":"mdaihub","controllerGroup":"hub.mydecisive.ai","controllerKind":"MdaiHub","MdaiHub":{"name":"mdaihub","namespace":"mdai"},"namespace":"mdai","name":"mdaihub","reconcileID":"d5830ac1-a7c0-4791-a850-6de488481286","key":"fields_to_redact"}
{"level":"info","timestamp":"2026-02-26T23:58:47.151Z","msg":"Data received for variable/mdaihub/fields_to_redact: []"}
{"level":"info","timestamp":"2026-02-26T23:58:47.151Z","msg":"Processing variable","controller":"mdaihub","controllerGroup":"hub.mydecisive.ai","controllerKind":"MdaiHub","MdaiHub":{"name":"mdaihub","namespace":"mdai"},"namespace":"mdai","name":"mdaihub","reconcileID":"d5830ac1-a7c0-4791-a850-6de488481286","key":"fields_to_hash"}
{"level":"info","timestamp":"2026-02-26T23:58:47.151Z","msg":"Data received for variable/mdaihub/fields_to_hash: []"}
{"level":"info","timestamp":"2026-02-26T23:58:47.151Z","msg":"Processing variable","controller":"mdaihub","controllerGroup":"hub.mydecisive.ai","controllerKind":"MdaiHub","MdaiHub":{"name":"mdaihub","namespace":"mdai"},"namespace":"mdai","name":"mdaihub","reconcileID":"d5830ac1-a7c0-4791-a850-6de488481286","key":"email_regex"}
{"level":"info","timestamp":"2026-02-26T23:58:47.151Z","msg":"No value found in storage","key":"variable/mdaihub/email_regex"}
{"level":"info","timestamp":"2026-02-26T23:58:47.151Z","msg":"Processing variable","controller":"mdaihub","controllerGroup":"hub.mydecisive.ai","controllerKind":"MdaiHub","MdaiHub":{"name":"mdaihub","namespace":"mdai"},"namespace":"mdai","name":"mdaihub","reconcileID":"d5830ac1-a7c0-4791-a850-6de488481286","key":"cc_regex"}
{"level":"info","timestamp":"2026-02-26T23:58:47.151Z","msg":"No value found in storage","key":"variable/mdaihub/cc_regex"}
{"level":"info","timestamp":"2026-02-26T23:58:47.151Z","msg":"Processing variable","controller":"mdaihub","controllerGroup":"hub.mydecisive.ai","controllerKind":"MdaiHub","MdaiHub":{"name":"mdaihub","namespace":"mdai"},"namespace":"mdai","name":"mdaihub","reconcileID":"d5830ac1-a7c0-4791-a850-6de488481286","key":"phone_regex"}
{"level":"info","timestamp":"2026-02-26T23:58:47.151Z","msg":"No value found in storage","key":"variable/mdaihub/phone_regex"}
{"level":"info","timestamp":"2026-02-26T23:58:47.151Z","msg":"Processing variable","controller":"mdaihub","controllerGroup":"hub.mydecisive.ai","controllerKind":"MdaiHub","MdaiHub":{"name":"mdaihub","namespace":"mdai"},"namespace":"mdai","name":"mdaihub","reconcileID":"d5830ac1-a7c0-4791-a850-6de488481286","key":"address_regex"}
{"level":"info","timestamp":"2026-02-26T23:58:47.151Z","msg":"No value found in storage","key":"variable/mdaihub/address_regex"}
{"level":"info","timestamp":"2026-02-26T23:58:47.151Z","msg":"Processing variable","controller":"mdaihub","controllerGroup":"hub.mydecisive.ai","controllerKind":"MdaiHub","MdaiHub":{"name":"mdaihub","namespace":"mdai"},"namespace":"mdai","name":"mdaihub","reconcileID":"d5830ac1-a7c0-4791-a850-6de488481286","key":"ssn_regex"}
{"level":"info","timestamp":"2026-02-26T23:58:47.151Z","msg":"No value found in storage","key":"variable/mdaihub/ssn_regex"}
{"level":"info","timestamp":"2026-02-26T23:58:47.151Z","msg":"Processing variable","controller":"mdaihub","controllerGroup":"hub.mydecisive.ai","controllerKind":"MdaiHub","MdaiHub":{"name":"mdaihub","namespace":"mdai"},"namespace":"mdai","name":"mdaihub","reconcileID":"d5830ac1-a7c0-4791-a850-6de488481286","key":"name_regex"}
{"level":"info","timestamp":"2026-02-26T23:58:47.151Z","msg":"No value found in storage","key":"variable/mdaihub/name_regex"}
{"level":"info","timestamp":"2026-02-26T23:58:47.151Z","msg":"Processing variable","controller":"mdaihub","controllerGroup":"hub.mydecisive.ai","controllerKind":"MdaiHub","MdaiHub":{"name":"mdaihub","namespace":"mdai"},"namespace":"mdai","name":"mdaihub","reconcileID":"d5830ac1-a7c0-4791-a850-6de488481286","key":"email_template"}
{"level":"info","timestamp":"2026-02-26T23:58:47.151Z","msg":"No value found in storage","key":"variable/mdaihub/email_template"}
{"level":"info","timestamp":"2026-02-26T23:58:47.151Z","msg":"Processing variable","controller":"mdaihub","controllerGroup":"hub.mydecisive.ai","controllerKind":"MdaiHub","MdaiHub":{"name":"mdaihub","namespace":"mdai"},"namespace":"mdai","name":"mdaihub","reconcileID":"d5830ac1-a7c0-4791-a850-6de488481286","key":"cc_template"}
{"level":"info","timestamp":"2026-02-26T23:58:47.152Z","msg":"No value found in storage","key":"variable/mdaihub/cc_template"}
{"level":"info","timestamp":"2026-02-26T23:58:47.152Z","msg":"Processing variable","controller":"mdaihub","controllerGroup":"hub.mydecisive.ai","controllerKind":"MdaiHub","MdaiHub":{"name":"mdaihub","namespace":"mdai"},"namespace":"mdai","name":"mdaihub","reconcileID":"d5830ac1-a7c0-4791-a850-6de488481286","key":"phone_template"}
{"level":"info","timestamp":"2026-02-26T23:58:47.152Z","msg":"No value found in storage","key":"variable/mdaihub/phone_template"}
{"level":"info","timestamp":"2026-02-26T23:58:47.152Z","msg":"Processing variable","controller":"mdaihub","controllerGroup":"hub.mydecisive.ai","controllerKind":"MdaiHub","MdaiHub":{"name":"mdaihub","namespace":"mdai"},"namespace":"mdai","name":"mdaihub","reconcileID":"d5830ac1-a7c0-4791-a850-6de488481286","key":"address_template"}
{"level":"info","timestamp":"2026-02-26T23:58:47.152Z","msg":"No value found in storage","key":"variable/mdaihub/address_template"}
{"level":"info","timestamp":"2026-02-26T23:58:47.152Z","msg":"Processing variable","controller":"mdaihub","controllerGroup":"hub.mydecisive.ai","controllerKind":"MdaiHub","MdaiHub":{"name":"mdaihub","namespace":"mdai"},"namespace":"mdai","name":"mdaihub","reconcileID":"d5830ac1-a7c0-4791-a850-6de488481286","key":"ssn_template"}
{"level":"info","timestamp":"2026-02-26T23:58:47.152Z","msg":"No value found in storage","key":"variable/mdaihub/ssn_template"}
{"level":"info","timestamp":"2026-02-26T23:58:47.152Z","msg":"Processing variable","controller":"mdaihub","controllerGroup":"hub.mydecisive.ai","controllerKind":"MdaiHub","MdaiHub":{"name":"mdaihub","namespace":"mdai"},"namespace":"mdai","name":"mdaihub","reconcileID":"d5830ac1-a7c0-4791-a850-6de488481286","key":"name_template"}
{"level":"info","timestamp":"2026-02-26T23:58:47.152Z","msg":"No value found in storage","key":"variable/mdaihub/name_template"}
{"level":"info","timestamp":"2026-02-26T23:58:47.152Z","msg":"Deleting old valkey keys","controller":"mdaihub","controllerGroup":"hub.mydecisive.ai","controllerKind":"MdaiHub","MdaiHub":{"name":"mdaihub","namespace":"mdai"},"namespace":"mdai","name":"mdaihub","reconcileID":"d5830ac1-a7c0-4791-a850-6de488481286","valkeyKeysToKeep":{"address_regex":{},"address_template":{},"cc_regex":{},"cc_template":{},"email_regex":{},"email_template":{},"fields_to_hash":{},"fields_to_redact":{},"name_regex":{},"name_template":{},"phone_regex":{},"phone_template":{},"ssn_regex":{},"ssn_template":{}}}
{"level":"info","timestamp":"2026-02-26T23:58:47.155Z","msg":"Successfully created or updated ConfigMap","controller":"mdaihub","controllerGroup":"hub.mydecisive.ai","controllerKind":"MdaiHub","MdaiHub":{"name":"mdaihub","namespace":"mdai"},"namespace":"mdai","name":"mdaihub","reconcileID":"d5830ac1-a7c0-4791-a850-6de488481286","name":"mdaihub-manual-variables","namespace":"mdai","operation":"created"}
{"level":"info","timestamp":"2026-02-26T23:58:47.155Z","msg":"<CreateFunc> mdaihub-manual-variables ignored"}
{"level":"info","timestamp":"2026-02-26T23:58:47.158Z","msg":"Successfully created or updated ConfigMap","controller":"mdaihub","controllerGroup":"hub.mydecisive.ai","controllerKind":"MdaiHub","MdaiHub":{"name":"mdaihub","namespace":"mdai"},"namespace":"mdai","name":"mdaihub","reconcileID":"d5830ac1-a7c0-4791-a850-6de488481286","name":"mdaihub-variables","namespace":"mdai","operation":"updated"}
{"level":"info","timestamp":"2026-02-26T23:58:47.158Z","msg":"<UpdateFunc> mdaihub-variables shouldReconcile: false"}
{"level":"error","timestamp":"2026-02-26T23:58:47.160Z","msg":"Failed to create or update ConfigMap","controller":"mdaihub","controllerGroup":"hub.mydecisive.ai","controllerKind":"MdaiHub","MdaiHub":{"name":"mdaihub","namespace":"mdai"},"namespace":"mdai","name":"mdaihub","reconcileID":"d5830ac1-a7c0-4791-a850-6de488481286","name":"mdaihub-variables","namespace":"mdai","error":"Operation cannot be fulfilled on configmaps \"mdaihub-variables\": the object has been modified; please apply your changes to the latest version and try again","stacktrace":"github.com/go-logr/logr.Logger.Error\n\tgithub.com/go-logr/logr@v1.4.3/logr.go:301\ngithub.com/decisiveai/mdai-operator/internal/controller.HubAdapter.createOrUpdateEnvConfigMap\n\tgithub.com/decisiveai/mdai-operator/internal/controller/hub_adapter.go:671\ngithub.com/decisiveai/mdai-operator/internal/controller.HubAdapter.syncComputedConfigMapsAndRestart\n\tgithub.com/decisiveai/mdai-operator/internal/controller/hub_adapter.go:446\ngithub.com/decisiveai/mdai-operator/internal/controller.HubAdapter.ensureVariableSynchronized\n\tgithub.com/decisiveai/mdai-operator/internal/controller/hub_adapter.go:507\ngithub.com/decisiveai/mdai-operator/internal/controller.(*MdaiHubReconciler).ReconcileHandler\n\tgithub.com/decisiveai/mdai-operator/internal/controller/mdaihub_controller.go:113\ngithub.com/decisiveai/mdai-operator/internal/controller.(*MdaiHubReconciler).Reconcile\n\tgithub.com/decisiveai/mdai-operator/internal/controller/mdaihub_controller.go:87\nsigs.k8s.io/controller-runtime/pkg/internal/controller.(*Controller[...]).Reconcile\n\tsigs.k8s.io/controller-runtime@v0.20.4/pkg/internal/controller/controller.go:119\nsigs.k8s.io/controller-runtime/pkg/internal/controller.(*Controller[...]).reconcileHandler\n\tsigs.k8s.io/controller-runtime@v0.20.4/pkg/internal/controller/controller.go:334\nsigs.k8s.io/controller-runtime/pkg/internal/controller.(*Controller[...]).processNextWorkItem\n\tsigs.k8s.io/controller-runtime@v0.20.4/pkg/internal/controller/controller.go:294\nsigs.k8s.io/controller-runtime/pkg/internal/controller.(*Controller[...]).Start.func2.2\n\tsigs.k8s.io/controller-runtime@v0.20.4/pkg/internal/controller/controller.go:255"}
{"level":"error","timestamp":"2026-02-26T23:58:47.161Z","msg":"Reconciler error","controller":"mdaihub","controllerGroup":"hub.mydecisive.ai","controllerKind":"MdaiHub","MdaiHub":{"name":"mdaihub","namespace":"mdai"},"namespace":"mdai","name":"mdaihub","reconcileID":"d5830ac1-a7c0-4791-a850-6de488481286","error":"failed to create or update ConfigMap: Operation cannot be fulfilled on configmaps \"mdaihub-variables\": the object has been modified; please apply your changes to the latest version and try again","stacktrace":"github.com/go-logr/logr.Logger.Error\n\tgithub.com/go-logr/logr@v1.4.3/logr.go:301\nsigs.k8s.io/controller-runtime/pkg/internal/controller.(*Controller[...]).reconcileHandler\n\tsigs.k8s.io/controller-runtime@v0.20.4/pkg/internal/controller/controller.go:347\nsigs.k8s.io/controller-runtime/pkg/internal/controller.(*Controller[...]).processNextWorkItem\n\tsigs.k8s.io/controller-runtime@v0.20.4/pkg/internal/controller/controller.go:294\nsigs.k8s.io/controller-runtime/pkg/internal/controller.(*Controller[...]).Start.func2.2\n\tsigs.k8s.io/controller-runtime@v0.20.4/pkg/internal/controller/controller.go:255"}
{"level":"info","timestamp":"2026-02-26T23:58:47.168Z","msg":"-- Starting MdaiHub reconciliation --","controller":"mdaihub","controllerGroup":"hub.mydecisive.ai","controllerKind":"MdaiHub","MdaiHub":{"name":"mdaihub","namespace":"mdai"},"namespace":"mdai","name":"mdaihub","reconcileID":"acd91f77-61c3-4b05-89ef-83de67a002b5","namespace":{"name":"mdaihub","namespace":"mdai"},"name":"mdaihub"}
{"level":"info","timestamp":"2026-02-26T23:58:47.168Z","msg":"EnsurePrometheusRuleSynchronized","controller":"mdaihub","controllerGroup":"hub.mydecisive.ai","controllerKind":"MdaiHub","MdaiHub":{"name":"mdaihub","namespace":"mdai"},"namespace":"mdai","name":"mdaihub","reconcileID":"acd91f77-61c3-4b05-89ef-83de67a002b5"}
{"level":"info","timestamp":"2026-02-26T23:58:47.168Z","msg":"No evaluations found, skipping PrometheusRule creation","controller":"mdaihub","controllerGroup":"hub.mydecisive.ai","controllerKind":"MdaiHub","MdaiHub":{"name":"mdaihub","namespace":"mdai"},"namespace":"mdai","name":"mdaihub","reconcileID":"acd91f77-61c3-4b05-89ef-83de67a002b5"}
{"level":"info","timestamp":"2026-02-26T23:58:47.168Z","msg":"No automations defined in the MDAI CR","controller":"mdaihub","controllerGroup":"hub.mydecisive.ai","controllerKind":"MdaiHub","MdaiHub":{"name":"mdaihub","namespace":"mdai"},"namespace":"mdai","name":"mdaihub","reconcileID":"acd91f77-61c3-4b05-89ef-83de67a002b5","name":"mdaihub"}
{"level":"info","timestamp":"2026-02-26T23:58:47.168Z","msg":"Deleting ConfigMap","controller":"mdaihub","controllerGroup":"hub.mydecisive.ai","controllerKind":"MdaiHub","MdaiHub":{"name":"mdaihub","namespace":"mdai"},"namespace":"mdai","name":"mdaihub","reconcileID":"acd91f77-61c3-4b05-89ef-83de67a002b5","name":"mdaihub-automation","namespace":"mdai"}
{"level":"info","timestamp":"2026-02-26T23:58:47.169Z","msg":"ConfigMap not found, skipping deletion","controller":"mdaihub","controllerGroup":"hub.mydecisive.ai","controllerKind":"MdaiHub","MdaiHub":{"name":"mdaihub","namespace":"mdai"},"namespace":"mdai","name":"mdaihub","reconcileID":"acd91f77-61c3-4b05-89ef-83de67a002b5","name":"mdaihub-automation","namespace":"mdai"}
{"level":"info","timestamp":"2026-02-26T23:58:47.169Z","msg":"Processing variable","controller":"mdaihub","controllerGroup":"hub.mydecisive.ai","controllerKind":"MdaiHub","MdaiHub":{"name":"mdaihub","namespace":"mdai"},"namespace":"mdai","name":"mdaihub","reconcileID":"acd91f77-61c3-4b05-89ef-83de67a002b5","key":"fields_to_redact"}
{"level":"info","timestamp":"2026-02-26T23:58:47.169Z","msg":"Data received for variable/mdaihub/fields_to_redact: []"}
{"level":"info","timestamp":"2026-02-26T23:58:47.169Z","msg":"Processing variable","controller":"mdaihub","controllerGroup":"hub.mydecisive.ai","controllerKind":"MdaiHub","MdaiHub":{"name":"mdaihub","namespace":"mdai"},"namespace":"mdai","name":"mdaihub","reconcileID":"acd91f77-61c3-4b05-89ef-83de67a002b5","key":"fields_to_hash"}
{"level":"info","timestamp":"2026-02-26T23:58:47.170Z","msg":"Data received for variable/mdaihub/fields_to_hash: []"}
{"level":"info","timestamp":"2026-02-26T23:58:47.170Z","msg":"Processing variable","controller":"mdaihub","controllerGroup":"hub.mydecisive.ai","controllerKind":"MdaiHub","MdaiHub":{"name":"mdaihub","namespace":"mdai"},"namespace":"mdai","name":"mdaihub","reconcileID":"acd91f77-61c3-4b05-89ef-83de67a002b5","key":"email_regex"}
{"level":"info","timestamp":"2026-02-26T23:58:47.170Z","msg":"No value found in storage","key":"variable/mdaihub/email_regex"}
{"level":"info","timestamp":"2026-02-26T23:58:47.170Z","msg":"Processing variable","controller":"mdaihub","controllerGroup":"hub.mydecisive.ai","controllerKind":"MdaiHub","MdaiHub":{"name":"mdaihub","namespace":"mdai"},"namespace":"mdai","name":"mdaihub","reconcileID":"acd91f77-61c3-4b05-89ef-83de67a002b5","key":"cc_regex"}
{"level":"info","timestamp":"2026-02-26T23:58:47.170Z","msg":"No value found in storage","key":"variable/mdaihub/cc_regex"}
{"level":"info","timestamp":"2026-02-26T23:58:47.170Z","msg":"Processing variable","controller":"mdaihub","controllerGroup":"hub.mydecisive.ai","controllerKind":"MdaiHub","MdaiHub":{"name":"mdaihub","namespace":"mdai"},"namespace":"mdai","name":"mdaihub","reconcileID":"acd91f77-61c3-4b05-89ef-83de67a002b5","key":"phone_regex"}
{"level":"info","timestamp":"2026-02-26T23:58:47.170Z","msg":"No value found in storage","key":"variable/mdaihub/phone_regex"}
{"level":"info","timestamp":"2026-02-26T23:58:47.170Z","msg":"Processing variable","controller":"mdaihub","controllerGroup":"hub.mydecisive.ai","controllerKind":"MdaiHub","MdaiHub":{"name":"mdaihub","namespace":"mdai"},"namespace":"mdai","name":"mdaihub","reconcileID":"acd91f77-61c3-4b05-89ef-83de67a002b5","key":"address_regex"}
{"level":"info","timestamp":"2026-02-26T23:58:47.170Z","msg":"No value found in storage","key":"variable/mdaihub/address_regex"}
{"level":"info","timestamp":"2026-02-26T23:58:47.170Z","msg":"Processing variable","controller":"mdaihub","controllerGroup":"hub.mydecisive.ai","controllerKind":"MdaiHub","MdaiHub":{"name":"mdaihub","namespace":"mdai"},"namespace":"mdai","name":"mdaihub","reconcileID":"acd91f77-61c3-4b05-89ef-83de67a002b5","key":"ssn_regex"}
{"level":"info","timestamp":"2026-02-26T23:58:47.170Z","msg":"No value found in storage","key":"variable/mdaihub/ssn_regex"}
{"level":"info","timestamp":"2026-02-26T23:58:47.170Z","msg":"Processing variable","controller":"mdaihub","controllerGroup":"hub.mydecisive.ai","controllerKind":"MdaiHub","MdaiHub":{"name":"mdaihub","namespace":"mdai"},"namespace":"mdai","name":"mdaihub","reconcileID":"acd91f77-61c3-4b05-89ef-83de67a002b5","key":"name_regex"}
{"level":"info","timestamp":"2026-02-26T23:58:47.170Z","msg":"No value found in storage","key":"variable/mdaihub/name_regex"}
{"level":"info","timestamp":"2026-02-26T23:58:47.170Z","msg":"Processing variable","controller":"mdaihub","controllerGroup":"hub.mydecisive.ai","controllerKind":"MdaiHub","MdaiHub":{"name":"mdaihub","namespace":"mdai"},"namespace":"mdai","name":"mdaihub","reconcileID":"acd91f77-61c3-4b05-89ef-83de67a002b5","key":"email_template"}
{"level":"info","timestamp":"2026-02-26T23:58:47.171Z","msg":"No value found in storage","key":"variable/mdaihub/email_template"}
{"level":"info","timestamp":"2026-02-26T23:58:47.171Z","msg":"Processing variable","controller":"mdaihub","controllerGroup":"hub.mydecisive.ai","controllerKind":"MdaiHub","MdaiHub":{"name":"mdaihub","namespace":"mdai"},"namespace":"mdai","name":"mdaihub","reconcileID":"acd91f77-61c3-4b05-89ef-83de67a002b5","key":"cc_template"}
{"level":"info","timestamp":"2026-02-26T23:58:47.171Z","msg":"No value found in storage","key":"variable/mdaihub/cc_template"}
{"level":"info","timestamp":"2026-02-26T23:58:47.171Z","msg":"Processing variable","controller":"mdaihub","controllerGroup":"hub.mydecisive.ai","controllerKind":"MdaiHub","MdaiHub":{"name":"mdaihub","namespace":"mdai"},"namespace":"mdai","name":"mdaihub","reconcileID":"acd91f77-61c3-4b05-89ef-83de67a002b5","key":"phone_template"}
{"level":"info","timestamp":"2026-02-26T23:58:47.171Z","msg":"No value found in storage","key":"variable/mdaihub/phone_template"}
{"level":"info","timestamp":"2026-02-26T23:58:47.171Z","msg":"Processing variable","controller":"mdaihub","controllerGroup":"hub.mydecisive.ai","controllerKind":"MdaiHub","MdaiHub":{"name":"mdaihub","namespace":"mdai"},"namespace":"mdai","name":"mdaihub","reconcileID":"acd91f77-61c3-4b05-89ef-83de67a002b5","key":"address_template"}
{"level":"info","timestamp":"2026-02-26T23:58:47.171Z","msg":"No value found in storage","key":"variable/mdaihub/address_template"}
{"level":"info","timestamp":"2026-02-26T23:58:47.171Z","msg":"Processing variable","controller":"mdaihub","controllerGroup":"hub.mydecisive.ai","controllerKind":"MdaiHub","MdaiHub":{"name":"mdaihub","namespace":"mdai"},"namespace":"mdai","name":"mdaihub","reconcileID":"acd91f77-61c3-4b05-89ef-83de67a002b5","key":"ssn_template"}
{"level":"info","timestamp":"2026-02-26T23:58:47.171Z","msg":"No value found in storage","key":"variable/mdaihub/ssn_template"}
{"level":"info","timestamp":"2026-02-26T23:58:47.171Z","msg":"Processing variable","controller":"mdaihub","controllerGroup":"hub.mydecisive.ai","controllerKind":"MdaiHub","MdaiHub":{"name":"mdaihub","namespace":"mdai"},"namespace":"mdai","name":"mdaihub","reconcileID":"acd91f77-61c3-4b05-89ef-83de67a002b5","key":"name_template"}
{"level":"info","timestamp":"2026-02-26T23:58:47.171Z","msg":"No value found in storage","key":"variable/mdaihub/name_template"}
{"level":"info","timestamp":"2026-02-26T23:58:47.171Z","msg":"Deleting old valkey keys","controller":"mdaihub","controllerGroup":"hub.mydecisive.ai","controllerKind":"MdaiHub","MdaiHub":{"name":"mdaihub","namespace":"mdai"},"namespace":"mdai","name":"mdaihub","reconcileID":"acd91f77-61c3-4b05-89ef-83de67a002b5","valkeyKeysToKeep":{"address_regex":{},"address_template":{},"cc_regex":{},"cc_template":{},"email_regex":{},"email_template":{},"fields_to_hash":{},"fields_to_redact":{},"name_regex":{},"name_template":{},"phone_regex":{},"phone_template":{},"ssn_regex":{},"ssn_template":{}}}
{"level":"info","timestamp":"2026-02-26T23:58:47.171Z","msg":"Successfully created or updated ConfigMap","controller":"mdaihub","controllerGroup":"hub.mydecisive.ai","controllerKind":"MdaiHub","MdaiHub":{"name":"mdaihub","namespace":"mdai"},"namespace":"mdai","name":"mdaihub","reconcileID":"acd91f77-61c3-4b05-89ef-83de67a002b5","name":"mdaihub-manual-variables","namespace":"mdai","operation":"unchanged"}
{"level":"info","timestamp":"2026-02-26T23:58:47.172Z","msg":"Successfully created or updated ConfigMap","controller":"mdaihub","controllerGroup":"hub.mydecisive.ai","controllerKind":"MdaiHub","MdaiHub":{"name":"mdaihub","namespace":"mdai"},"namespace":"mdai","name":"mdaihub","reconcileID":"acd91f77-61c3-4b05-89ef-83de67a002b5","name":"mdaihub-variables","namespace":"mdai","operation":"unchanged"}
{"level":"info","timestamp":"2026-02-26T23:58:47.172Z","msg":"Successfully created or updated ConfigMap","controller":"mdaihub","controllerGroup":"hub.mydecisive.ai","controllerKind":"MdaiHub","MdaiHub":{"name":"mdaihub","namespace":"mdai"},"namespace":"mdai","name":"mdaihub","reconcileID":"acd91f77-61c3-4b05-89ef-83de67a002b5","name":"mdaihub-variables","namespace":"mdai","operation":"unchanged"}
{"level":"info","timestamp":"2026-02-26T23:58:47.172Z","msg":"Successfully created or updated ConfigMap","controller":"mdaihub","controllerGroup":"hub.mydecisive.ai","controllerKind":"MdaiHub","MdaiHub":{"name":"mdaihub","namespace":"mdai"},"namespace":"mdai","name":"mdaihub","reconcileID":"acd91f77-61c3-4b05-89ef-83de67a002b5","name":"mdaihub-variables","namespace":"mdai","operation":"unchanged"}
{"level":"info","timestamp":"2026-02-26T23:58:47.174Z","msg":"Status set to done for mdai hub","controller":"mdaihub","controllerGroup":"hub.mydecisive.ai","controllerKind":"MdaiHub","MdaiHub":{"name":"mdaihub","namespace":"mdai"},"namespace":"mdai","name":"mdaihub","reconcileID":"acd91f77-61c3-4b05-89ef-83de67a002b5","mdaiHub":"mdaihub"}
{"level":"info","timestamp":"2026-02-26T23:58:47.174Z","msg":"-- Finished MdaiHub reconciliation --","controller":"mdaihub","controllerGroup":"hub.mydecisive.ai","controllerKind":"MdaiHub","MdaiHub":{"name":"mdaihub","namespace":"mdai"},"namespace":"mdai","name":"mdaihub","reconcileID":"acd91f77-61c3-4b05-89ef-83de67a002b5"}
{"level":"info","timestamp":"2026-02-27T00:57:36.029Z","logger":"mdaihub-resource","msg":"Defaulting for MdaiHub","name":"mdaihub"}
{"level":"info","timestamp":"2026-02-27T00:57:36.031Z","logger":"mdaihub-resource","msg":"Validation for MdaiHub upon update","name":"mdaihub"}
{"level":"info","timestamp":"2026-02-27T00:57:36.032Z","msg":"-- Starting MdaiHub reconciliation --","controller":"mdaihub","controllerGroup":"hub.mydecisive.ai","controllerKind":"MdaiHub","MdaiHub":{"name":"mdaihub","namespace":"mdai"},"namespace":"mdai","name":"mdaihub","reconcileID":"6356726d-f4ee-4200-8174-991696d9d10f","namespace":{"name":"mdaihub","namespace":"mdai"},"name":"mdaihub"}
{"level":"info","timestamp":"2026-02-27T00:57:36.032Z","msg":"EnsurePrometheusRuleSynchronized","controller":"mdaihub","controllerGroup":"hub.mydecisive.ai","controllerKind":"MdaiHub","MdaiHub":{"name":"mdaihub","namespace":"mdai"},"namespace":"mdai","name":"mdaihub","reconcileID":"6356726d-f4ee-4200-8174-991696d9d10f"}
{"level":"info","timestamp":"2026-02-27T00:57:36.032Z","msg":"No evaluations found, skipping PrometheusRule creation","controller":"mdaihub","controllerGroup":"hub.mydecisive.ai","controllerKind":"MdaiHub","MdaiHub":{"name":"mdaihub","namespace":"mdai"},"namespace":"mdai","name":"mdaihub","reconcileID":"6356726d-f4ee-4200-8174-991696d9d10f"}
{"level":"info","timestamp":"2026-02-27T00:57:36.032Z","msg":"No automations defined in the MDAI CR","controller":"mdaihub","controllerGroup":"hub.mydecisive.ai","controllerKind":"MdaiHub","MdaiHub":{"name":"mdaihub","namespace":"mdai"},"namespace":"mdai","name":"mdaihub","reconcileID":"6356726d-f4ee-4200-8174-991696d9d10f","name":"mdaihub"}
{"level":"info","timestamp":"2026-02-27T00:57:36.032Z","msg":"Deleting ConfigMap","controller":"mdaihub","controllerGroup":"hub.mydecisive.ai","controllerKind":"MdaiHub","MdaiHub":{"name":"mdaihub","namespace":"mdai"},"namespace":"mdai","name":"mdaihub","reconcileID":"6356726d-f4ee-4200-8174-991696d9d10f","name":"mdaihub-automation","namespace":"mdai"}
{"level":"info","timestamp":"2026-02-27T00:57:36.034Z","msg":"ConfigMap not found, skipping deletion","controller":"mdaihub","controllerGroup":"hub.mydecisive.ai","controllerKind":"MdaiHub","MdaiHub":{"name":"mdaihub","namespace":"mdai"},"namespace":"mdai","name":"mdaihub","reconcileID":"6356726d-f4ee-4200-8174-991696d9d10f","name":"mdaihub-automation","namespace":"mdai"}
{"level":"info","timestamp":"2026-02-27T00:57:36.034Z","msg":"No variables found in the CR, skipping variable synchronization","controller":"mdaihub","controllerGroup":"hub.mydecisive.ai","controllerKind":"MdaiHub","MdaiHub":{"name":"mdaihub","namespace":"mdai"},"namespace":"mdai","name":"mdaihub","reconcileID":"6356726d-f4ee-4200-8174-991696d9d10f"}
{"level":"info","timestamp":"2026-02-27T00:57:36.035Z","msg":"Status set to done for mdai hub","controller":"mdaihub","controllerGroup":"hub.mydecisive.ai","controllerKind":"MdaiHub","MdaiHub":{"name":"mdaihub","namespace":"mdai"},"namespace":"mdai","name":"mdaihub","reconcileID":"6356726d-f4ee-4200-8174-991696d9d10f","mdaiHub":"mdaihub"}
{"level":"info","timestamp":"2026-02-27T00:57:36.035Z","msg":"-- Finished MdaiHub reconciliation --","controller":"mdaihub","controllerGroup":"hub.mydecisive.ai","controllerKind":"MdaiHub","MdaiHub":{"name":"mdaihub","namespace":"mdai"},"namespace":"mdai","name":"mdaihub","reconcileID":"6356726d-f4ee-4200-8174-991696d9d10f"}
{"level":"info","timestamp":"2026-02-27T00:57:36.223Z","logger":"mdaihub-resource","msg":"Defaulting for MdaiHub","name":"mdaihub"}
{"level":"info","timestamp":"2026-02-27T00:57:36.224Z","logger":"mdaihub-resource","msg":"Validation for MdaiHub upon update","name":"mdaihub"}
{"level":"info","timestamp":"2026-02-27T00:57:36.225Z","msg":"-- Starting MdaiHub reconciliation --","controller":"mdaihub","controllerGroup":"hub.mydecisive.ai","controllerKind":"MdaiHub","MdaiHub":{"name":"mdaihub","namespace":"mdai"},"namespace":"mdai","name":"mdaihub","reconcileID":"d4e8289c-e742-45ba-82fc-120b514b4530","namespace":{"name":"mdaihub","namespace":"mdai"},"name":"mdaihub"}
{"level":"info","timestamp":"2026-02-27T00:57:36.225Z","msg":"EnsurePrometheusRuleSynchronized","controller":"mdaihub","controllerGroup":"hub.mydecisive.ai","controllerKind":"MdaiHub","MdaiHub":{"name":"mdaihub","namespace":"mdai"},"namespace":"mdai","name":"mdaihub","reconcileID":"d4e8289c-e742-45ba-82fc-120b514b4530"}
{"level":"info","timestamp":"2026-02-27T00:57:36.226Z","msg":"No evaluations found, skipping PrometheusRule creation","controller":"mdaihub","controllerGroup":"hub.mydecisive.ai","controllerKind":"MdaiHub","MdaiHub":{"name":"mdaihub","namespace":"mdai"},"namespace":"mdai","name":"mdaihub","reconcileID":"d4e8289c-e742-45ba-82fc-120b514b4530"}
{"level":"info","timestamp":"2026-02-27T00:57:36.226Z","msg":"No automations defined in the MDAI CR","controller":"mdaihub","controllerGroup":"hub.mydecisive.ai","controllerKind":"MdaiHub","MdaiHub":{"name":"mdaihub","namespace":"mdai"},"namespace":"mdai","name":"mdaihub","reconcileID":"d4e8289c-e742-45ba-82fc-120b514b4530","name":"mdaihub"}
{"level":"info","timestamp":"2026-02-27T00:57:36.226Z","msg":"Deleting ConfigMap","controller":"mdaihub","controllerGroup":"hub.mydecisive.ai","controllerKind":"MdaiHub","MdaiHub":{"name":"mdaihub","namespace":"mdai"},"namespace":"mdai","name":"mdaihub","reconcileID":"d4e8289c-e742-45ba-82fc-120b514b4530","name":"mdaihub-automation","namespace":"mdai"}
{"level":"info","timestamp":"2026-02-27T00:57:36.226Z","msg":"ConfigMap not found, skipping deletion","controller":"mdaihub","controllerGroup":"hub.mydecisive.ai","controllerKind":"MdaiHub","MdaiHub":{"name":"mdaihub","namespace":"mdai"},"namespace":"mdai","name":"mdaihub","reconcileID":"d4e8289c-e742-45ba-82fc-120b514b4530","name":"mdaihub-automation","namespace":"mdai"}
{"level":"info","timestamp":"2026-02-27T00:57:36.226Z","msg":"Processing variable","controller":"mdaihub","controllerGroup":"hub.mydecisive.ai","controllerKind":"MdaiHub","MdaiHub":{"name":"mdaihub","namespace":"mdai"},"namespace":"mdai","name":"mdaihub","reconcileID":"d4e8289c-e742-45ba-82fc-120b514b4530","key":"fields_to_redact"}
{"level":"info","timestamp":"2026-02-27T00:57:36.226Z","msg":"Data received for variable/mdaihub/fields_to_redact: []"}
{"level":"info","timestamp":"2026-02-27T00:57:36.226Z","msg":"Processing variable","controller":"mdaihub","controllerGroup":"hub.mydecisive.ai","controllerKind":"MdaiHub","MdaiHub":{"name":"mdaihub","namespace":"mdai"},"namespace":"mdai","name":"mdaihub","reconcileID":"d4e8289c-e742-45ba-82fc-120b514b4530","key":"fields_to_hash"}
{"level":"info","timestamp":"2026-02-27T00:57:36.226Z","msg":"Data received for variable/mdaihub/fields_to_hash: []"}
{"level":"info","timestamp":"2026-02-27T00:57:36.226Z","msg":"Processing variable","controller":"mdaihub","controllerGroup":"hub.mydecisive.ai","controllerKind":"MdaiHub","MdaiHub":{"name":"mdaihub","namespace":"mdai"},"namespace":"mdai","name":"mdaihub","reconcileID":"d4e8289c-e742-45ba-82fc-120b514b4530","key":"email_regex"}
{"level":"info","timestamp":"2026-02-27T00:57:36.227Z","msg":"No value found in storage","key":"variable/mdaihub/email_regex"}
{"level":"info","timestamp":"2026-02-27T00:57:36.227Z","msg":"Processing variable","controller":"mdaihub","controllerGroup":"hub.mydecisive.ai","controllerKind":"MdaiHub","MdaiHub":{"name":"mdaihub","namespace":"mdai"},"namespace":"mdai","name":"mdaihub","reconcileID":"d4e8289c-e742-45ba-82fc-120b514b4530","key":"cc_regex"}
{"level":"info","timestamp":"2026-02-27T00:57:36.227Z","msg":"No value found in storage","key":"variable/mdaihub/cc_regex"}
{"level":"info","timestamp":"2026-02-27T00:57:36.227Z","msg":"Processing variable","controller":"mdaihub","controllerGroup":"hub.mydecisive.ai","controllerKind":"MdaiHub","MdaiHub":{"name":"mdaihub","namespace":"mdai"},"namespace":"mdai","name":"mdaihub","reconcileID":"d4e8289c-e742-45ba-82fc-120b514b4530","key":"phone_regex"}
{"level":"info","timestamp":"2026-02-27T00:57:36.227Z","msg":"No value found in storage","key":"variable/mdaihub/phone_regex"}
{"level":"info","timestamp":"2026-02-27T00:57:36.227Z","msg":"Processing variable","controller":"mdaihub","controllerGroup":"hub.mydecisive.ai","controllerKind":"MdaiHub","MdaiHub":{"name":"mdaihub","namespace":"mdai"},"namespace":"mdai","name":"mdaihub","reconcileID":"d4e8289c-e742-45ba-82fc-120b514b4530","key":"address_regex"}
{"level":"info","timestamp":"2026-02-27T00:57:36.227Z","msg":"No value found in storage","key":"variable/mdaihub/address_regex"}
{"level":"info","timestamp":"2026-02-27T00:57:36.227Z","msg":"Processing variable","controller":"mdaihub","controllerGroup":"hub.mydecisive.ai","controllerKind":"MdaiHub","MdaiHub":{"name":"mdaihub","namespace":"mdai"},"namespace":"mdai","name":"mdaihub","reconcileID":"d4e8289c-e742-45ba-82fc-120b514b4530","key":"ssn_regex"}
{"level":"info","timestamp":"2026-02-27T00:57:36.227Z","msg":"No value found in storage","key":"variable/mdaihub/ssn_regex"}
{"level":"info","timestamp":"2026-02-27T00:57:36.227Z","msg":"Processing variable","controller":"mdaihub","controllerGroup":"hub.mydecisive.ai","controllerKind":"MdaiHub","MdaiHub":{"name":"mdaihub","namespace":"mdai"},"namespace":"mdai","name":"mdaihub","reconcileID":"d4e8289c-e742-45ba-82fc-120b514b4530","key":"name_regex"}
{"level":"info","timestamp":"2026-02-27T00:57:36.227Z","msg":"No value found in storage","key":"variable/mdaihub/name_regex"}
{"level":"info","timestamp":"2026-02-27T00:57:36.227Z","msg":"Processing variable","controller":"mdaihub","controllerGroup":"hub.mydecisive.ai","controllerKind":"MdaiHub","MdaiHub":{"name":"mdaihub","namespace":"mdai"},"namespace":"mdai","name":"mdaihub","reconcileID":"d4e8289c-e742-45ba-82fc-120b514b4530","key":"email_template"}
{"level":"info","timestamp":"2026-02-27T00:57:36.227Z","msg":"No value found in storage","key":"variable/mdaihub/email_template"}
{"level":"info","timestamp":"2026-02-27T00:57:36.227Z","msg":"Processing variable","controller":"mdaihub","controllerGroup":"hub.mydecisive.ai","controllerKind":"MdaiHub","MdaiHub":{"name":"mdaihub","namespace":"mdai"},"namespace":"mdai","name":"mdaihub","reconcileID":"d4e8289c-e742-45ba-82fc-120b514b4530","key":"cc_template"}
{"level":"info","timestamp":"2026-02-27T00:57:36.227Z","msg":"No value found in storage","key":"variable/mdaihub/cc_template"}
{"level":"info","timestamp":"2026-02-27T00:57:36.227Z","msg":"Processing variable","controller":"mdaihub","controllerGroup":"hub.mydecisive.ai","controllerKind":"MdaiHub","MdaiHub":{"name":"mdaihub","namespace":"mdai"},"namespace":"mdai","name":"mdaihub","reconcileID":"d4e8289c-e742-45ba-82fc-120b514b4530","key":"phone_template"}
{"level":"info","timestamp":"2026-02-27T00:57:36.227Z","msg":"No value found in storage","key":"variable/mdaihub/phone_template"}
{"level":"info","timestamp":"2026-02-27T00:57:36.227Z","msg":"Processing variable","controller":"mdaihub","controllerGroup":"hub.mydecisive.ai","controllerKind":"MdaiHub","MdaiHub":{"name":"mdaihub","namespace":"mdai"},"namespace":"mdai","name":"mdaihub","reconcileID":"d4e8289c-e742-45ba-82fc-120b514b4530","key":"address_template"}
{"level":"info","timestamp":"2026-02-27T00:57:36.227Z","msg":"No value found in storage","key":"variable/mdaihub/address_template"}
{"level":"info","timestamp":"2026-02-27T00:57:36.227Z","msg":"Processing variable","controller":"mdaihub","controllerGroup":"hub.mydecisive.ai","controllerKind":"MdaiHub","MdaiHub":{"name":"mdaihub","namespace":"mdai"},"namespace":"mdai","name":"mdaihub","reconcileID":"d4e8289c-e742-45ba-82fc-120b514b4530","key":"ssn_template"}
{"level":"info","timestamp":"2026-02-27T00:57:36.227Z","msg":"No value found in storage","key":"variable/mdaihub/ssn_template"}
{"level":"info","timestamp":"2026-02-27T00:57:36.227Z","msg":"Processing variable","controller":"mdaihub","controllerGroup":"hub.mydecisive.ai","controllerKind":"MdaiHub","MdaiHub":{"name":"mdaihub","namespace":"mdai"},"namespace":"mdai","name":"mdaihub","reconcileID":"d4e8289c-e742-45ba-82fc-120b514b4530","key":"name_template"}
{"level":"info","timestamp":"2026-02-27T00:57:36.227Z","msg":"No value found in storage","key":"variable/mdaihub/name_template"}
{"level":"info","timestamp":"2026-02-27T00:57:36.227Z","msg":"Deleting old valkey keys","controller":"mdaihub","controllerGroup":"hub.mydecisive.ai","controllerKind":"MdaiHub","MdaiHub":{"name":"mdaihub","namespace":"mdai"},"namespace":"mdai","name":"mdaihub","reconcileID":"d4e8289c-e742-45ba-82fc-120b514b4530","valkeyKeysToKeep":{"address_regex":{},"address_template":{},"cc_regex":{},"cc_template":{},"email_regex":{},"email_template":{},"fields_to_hash":{},"fields_to_redact":{},"name_regex":{},"name_template":{},"phone_regex":{},"phone_template":{},"ssn_regex":{},"ssn_template":{}}}
{"level":"info","timestamp":"2026-02-27T00:57:36.227Z","msg":"Successfully created or updated ConfigMap","controller":"mdaihub","controllerGroup":"hub.mydecisive.ai","controllerKind":"MdaiHub","MdaiHub":{"name":"mdaihub","namespace":"mdai"},"namespace":"mdai","name":"mdaihub","reconcileID":"d4e8289c-e742-45ba-82fc-120b514b4530","name":"mdaihub-manual-variables","namespace":"mdai","operation":"unchanged"}
{"level":"info","timestamp":"2026-02-27T00:57:36.228Z","msg":"Successfully created or updated ConfigMap","controller":"mdaihub","controllerGroup":"hub.mydecisive.ai","controllerKind":"MdaiHub","MdaiHub":{"name":"mdaihub","namespace":"mdai"},"namespace":"mdai","name":"mdaihub","reconcileID":"d4e8289c-e742-45ba-82fc-120b514b4530","name":"mdaihub-variables","namespace":"mdai","operation":"unchanged"}
{"level":"info","timestamp":"2026-02-27T00:57:36.228Z","msg":"Successfully created or updated ConfigMap","controller":"mdaihub","controllerGroup":"hub.mydecisive.ai","controllerKind":"MdaiHub","MdaiHub":{"name":"mdaihub","namespace":"mdai"},"namespace":"mdai","name":"mdaihub","reconcileID":"d4e8289c-e742-45ba-82fc-120b514b4530","name":"mdaihub-variables","namespace":"mdai","operation":"unchanged"}
{"level":"info","timestamp":"2026-02-27T00:57:36.228Z","msg":"Successfully created or updated ConfigMap","controller":"mdaihub","controllerGroup":"hub.mydecisive.ai","controllerKind":"MdaiHub","MdaiHub":{"name":"mdaihub","namespace":"mdai"},"namespace":"mdai","name":"mdaihub","reconcileID":"d4e8289c-e742-45ba-82fc-120b514b4530","name":"mdaihub-variables","namespace":"mdai","operation":"unchanged"}
{"level":"info","timestamp":"2026-02-27T00:57:36.229Z","msg":"Status set to done for mdai hub","controller":"mdaihub","controllerGroup":"hub.mydecisive.ai","controllerKind":"MdaiHub","MdaiHub":{"name":"mdaihub","namespace":"mdai"},"namespace":"mdai","name":"mdaihub","reconcileID":"d4e8289c-e742-45ba-82fc-120b514b4530","mdaiHub":"mdaihub"}
{"level":"info","timestamp":"2026-02-27T00:57:36.229Z","msg":"-- Finished MdaiHub reconciliation --","controller":"mdaihub","controllerGroup":"hub.mydecisive.ai","controllerKind":"MdaiHub","MdaiHub":{"name":"mdaihub","namespace":"mdai"},"namespace":"mdai","name":"mdaihub","reconcileID":"d4e8289c-e742-45ba-82fc-120b514b4530"}
{"level":"info","timestamp":"2026-02-27T00:57:36.368Z","logger":"mdaihub-resource","msg":"Defaulting for MdaiHub","name":"mdaihub"}
{"level":"info","timestamp":"2026-02-27T00:57:36.369Z","logger":"mdaihub-resource","msg":"Validation for MdaiHub upon update","name":"mdaihub"}
{"level":"info","timestamp":"2026-02-27T00:57:36.371Z","msg":"-- Starting MdaiHub reconciliation --","controller":"mdaihub","controllerGroup":"hub.mydecisive.ai","controllerKind":"MdaiHub","MdaiHub":{"name":"mdaihub","namespace":"mdai"},"namespace":"mdai","name":"mdaihub","reconcileID":"133436cc-dc2d-4952-bfff-f3bc3358ffbb","namespace":{"name":"mdaihub","namespace":"mdai"},"name":"mdaihub"}
{"level":"info","timestamp":"2026-02-27T00:57:36.371Z","msg":"EnsurePrometheusRuleSynchronized","controller":"mdaihub","controllerGroup":"hub.mydecisive.ai","controllerKind":"MdaiHub","MdaiHub":{"name":"mdaihub","namespace":"mdai"},"namespace":"mdai","name":"mdaihub","reconcileID":"133436cc-dc2d-4952-bfff-f3bc3358ffbb"}
{"level":"info","timestamp":"2026-02-27T00:57:36.371Z","msg":"No evaluations found, skipping PrometheusRule creation","controller":"mdaihub","controllerGroup":"hub.mydecisive.ai","controllerKind":"MdaiHub","MdaiHub":{"name":"mdaihub","namespace":"mdai"},"namespace":"mdai","name":"mdaihub","reconcileID":"133436cc-dc2d-4952-bfff-f3bc3358ffbb"}
{"level":"info","timestamp":"2026-02-27T00:57:36.371Z","msg":"No automations defined in the MDAI CR","controller":"mdaihub","controllerGroup":"hub.mydecisive.ai","controllerKind":"MdaiHub","MdaiHub":{"name":"mdaihub","namespace":"mdai"},"namespace":"mdai","name":"mdaihub","reconcileID":"133436cc-dc2d-4952-bfff-f3bc3358ffbb","name":"mdaihub"}
{"level":"info","timestamp":"2026-02-27T00:57:36.371Z","msg":"Deleting ConfigMap","controller":"mdaihub","controllerGroup":"hub.mydecisive.ai","controllerKind":"MdaiHub","MdaiHub":{"name":"mdaihub","namespace":"mdai"},"namespace":"mdai","name":"mdaihub","reconcileID":"133436cc-dc2d-4952-bfff-f3bc3358ffbb","name":"mdaihub-automation","namespace":"mdai"}
{"level":"info","timestamp":"2026-02-27T00:57:36.372Z","msg":"ConfigMap not found, skipping deletion","controller":"mdaihub","controllerGroup":"hub.mydecisive.ai","controllerKind":"MdaiHub","MdaiHub":{"name":"mdaihub","namespace":"mdai"},"namespace":"mdai","name":"mdaihub","reconcileID":"133436cc-dc2d-4952-bfff-f3bc3358ffbb","name":"mdaihub-automation","namespace":"mdai"}
{"level":"info","timestamp":"2026-02-27T00:57:36.372Z","msg":"No variables found in the CR, skipping variable synchronization","controller":"mdaihub","controllerGroup":"hub.mydecisive.ai","controllerKind":"MdaiHub","MdaiHub":{"name":"mdaihub","namespace":"mdai"},"namespace":"mdai","name":"mdaihub","reconcileID":"133436cc-dc2d-4952-bfff-f3bc3358ffbb"}
{"level":"info","timestamp":"2026-02-27T00:57:36.374Z","msg":"Status set to done for mdai hub","controller":"mdaihub","controllerGroup":"hub.mydecisive.ai","controllerKind":"MdaiHub","MdaiHub":{"name":"mdaihub","namespace":"mdai"},"namespace":"mdai","name":"mdaihub","reconcileID":"133436cc-dc2d-4952-bfff-f3bc3358ffbb","mdaiHub":"mdaihub"}
{"level":"info","timestamp":"2026-02-27T00:57:36.374Z","msg":"-- Finished MdaiHub reconciliation --","controller":"mdaihub","controllerGroup":"hub.mydecisive.ai","controllerKind":"MdaiHub","MdaiHub":{"name":"mdaihub","namespace":"mdai"},"namespace":"mdai","name":"mdaihub","reconcileID":"133436cc-dc2d-4952-bfff-f3bc3358ffbb"}
{"level":"info","timestamp":"2026-02-27T00:57:36.473Z","logger":"mdaihub-resource","msg":"Defaulting for MdaiHub","name":"mdaihub"}
{"level":"info","timestamp":"2026-02-27T00:57:36.475Z","logger":"mdaihub-resource","msg":"Validation for MdaiHub upon update","name":"mdaihub"}
{"level":"info","timestamp":"2026-02-27T00:57:36.476Z","msg":"-- Starting MdaiHub reconciliation --","controller":"mdaihub","controllerGroup":"hub.mydecisive.ai","controllerKind":"MdaiHub","MdaiHub":{"name":"mdaihub","namespace":"mdai"},"namespace":"mdai","name":"mdaihub","reconcileID":"0ee1ae21-5762-40e2-aac1-f77aa79e15ab","namespace":{"name":"mdaihub","namespace":"mdai"},"name":"mdaihub"}
{"level":"info","timestamp":"2026-02-27T00:57:36.477Z","msg":"EnsurePrometheusRuleSynchronized","controller":"mdaihub","controllerGroup":"hub.mydecisive.ai","controllerKind":"MdaiHub","MdaiHub":{"name":"mdaihub","namespace":"mdai"},"namespace":"mdai","name":"mdaihub","reconcileID":"0ee1ae21-5762-40e2-aac1-f77aa79e15ab"}
{"level":"info","timestamp":"2026-02-27T00:57:36.477Z","msg":"No evaluations found, skipping PrometheusRule creation","controller":"mdaihub","controllerGroup":"hub.mydecisive.ai","controllerKind":"MdaiHub","MdaiHub":{"name":"mdaihub","namespace":"mdai"},"namespace":"mdai","name":"mdaihub","reconcileID":"0ee1ae21-5762-40e2-aac1-f77aa79e15ab"}
{"level":"info","timestamp":"2026-02-27T00:57:36.477Z","msg":"No automations defined in the MDAI CR","controller":"mdaihub","controllerGroup":"hub.mydecisive.ai","controllerKind":"MdaiHub","MdaiHub":{"name":"mdaihub","namespace":"mdai"},"namespace":"mdai","name":"mdaihub","reconcileID":"0ee1ae21-5762-40e2-aac1-f77aa79e15ab","name":"mdaihub"}
{"level":"info","timestamp":"2026-02-27T00:57:36.477Z","msg":"Deleting ConfigMap","controller":"mdaihub","controllerGroup":"hub.mydecisive.ai","controllerKind":"MdaiHub","MdaiHub":{"name":"mdaihub","namespace":"mdai"},"namespace":"mdai","name":"mdaihub","reconcileID":"0ee1ae21-5762-40e2-aac1-f77aa79e15ab","name":"mdaihub-automation","namespace":"mdai"}
{"level":"info","timestamp":"2026-02-27T00:57:36.478Z","msg":"ConfigMap not found, skipping deletion","controller":"mdaihub","controllerGroup":"hub.mydecisive.ai","controllerKind":"MdaiHub","MdaiHub":{"name":"mdaihub","namespace":"mdai"},"namespace":"mdai","name":"mdaihub","reconcileID":"0ee1ae21-5762-40e2-aac1-f77aa79e15ab","name":"mdaihub-automation","namespace":"mdai"}
{"level":"info","timestamp":"2026-02-27T00:57:36.478Z","msg":"Processing variable","controller":"mdaihub","controllerGroup":"hub.mydecisive.ai","controllerKind":"MdaiHub","MdaiHub":{"name":"mdaihub","namespace":"mdai"},"namespace":"mdai","name":"mdaihub","reconcileID":"0ee1ae21-5762-40e2-aac1-f77aa79e15ab","key":"fields_to_redact"}
{"level":"info","timestamp":"2026-02-27T00:57:36.478Z","msg":"Data received for variable/mdaihub/fields_to_redact: []"}
{"level":"info","timestamp":"2026-02-27T00:57:36.478Z","msg":"Processing variable","controller":"mdaihub","controllerGroup":"hub.mydecisive.ai","controllerKind":"MdaiHub","MdaiHub":{"name":"mdaihub","namespace":"mdai"},"namespace":"mdai","name":"mdaihub","reconcileID":"0ee1ae21-5762-40e2-aac1-f77aa79e15ab","key":"fields_to_hash"}
{"level":"info","timestamp":"2026-02-27T00:57:36.478Z","msg":"Data received for variable/mdaihub/fields_to_hash: []"}
{"level":"info","timestamp":"2026-02-27T00:57:36.478Z","msg":"Processing variable","controller":"mdaihub","controllerGroup":"hub.mydecisive.ai","controllerKind":"MdaiHub","MdaiHub":{"name":"mdaihub","namespace":"mdai"},"namespace":"mdai","name":"mdaihub","reconcileID":"0ee1ae21-5762-40e2-aac1-f77aa79e15ab","key":"email_regex"}
{"level":"info","timestamp":"2026-02-27T00:57:36.478Z","msg":"No value found in storage","key":"variable/mdaihub/email_regex"}
{"level":"info","timestamp":"2026-02-27T00:57:36.478Z","msg":"Processing variable","controller":"mdaihub","controllerGroup":"hub.mydecisive.ai","controllerKind":"MdaiHub","MdaiHub":{"name":"mdaihub","namespace":"mdai"},"namespace":"mdai","name":"mdaihub","reconcileID":"0ee1ae21-5762-40e2-aac1-f77aa79e15ab","key":"cc_regex"}
{"level":"info","timestamp":"2026-02-27T00:57:36.478Z","msg":"No value found in storage","key":"variable/mdaihub/cc_regex"}
{"level":"info","timestamp":"2026-02-27T00:57:36.478Z","msg":"Processing variable","controller":"mdaihub","controllerGroup":"hub.mydecisive.ai","controllerKind":"MdaiHub","MdaiHub":{"name":"mdaihub","namespace":"mdai"},"namespace":"mdai","name":"mdaihub","reconcileID":"0ee1ae21-5762-40e2-aac1-f77aa79e15ab","key":"phone_regex"}
{"level":"info","timestamp":"2026-02-27T00:57:36.478Z","msg":"No value found in storage","key":"variable/mdaihub/phone_regex"}
{"level":"info","timestamp":"2026-02-27T00:57:36.478Z","msg":"Processing variable","controller":"mdaihub","controllerGroup":"hub.mydecisive.ai","controllerKind":"MdaiHub","MdaiHub":{"name":"mdaihub","namespace":"mdai"},"namespace":"mdai","name":"mdaihub","reconcileID":"0ee1ae21-5762-40e2-aac1-f77aa79e15ab","key":"address_regex"}
{"level":"info","timestamp":"2026-02-27T00:57:36.478Z","msg":"No value found in storage","key":"variable/mdaihub/address_regex"}
{"level":"info","timestamp":"2026-02-27T00:57:36.478Z","msg":"Processing variable","controller":"mdaihub","controllerGroup":"hub.mydecisive.ai","controllerKind":"MdaiHub","MdaiHub":{"name":"mdaihub","namespace":"mdai"},"namespace":"mdai","name":"mdaihub","reconcileID":"0ee1ae21-5762-40e2-aac1-f77aa79e15ab","key":"ssn_regex"}
{"level":"info","timestamp":"2026-02-27T00:57:36.478Z","msg":"No value found in storage","key":"variable/mdaihub/ssn_regex"}
{"level":"info","timestamp":"2026-02-27T00:57:36.478Z","msg":"Processing variable","controller":"mdaihub","controllerGroup":"hub.mydecisive.ai","controllerKind":"MdaiHub","MdaiHub":{"name":"mdaihub","namespace":"mdai"},"namespace":"mdai","name":"mdaihub","reconcileID":"0ee1ae21-5762-40e2-aac1-f77aa79e15ab","key":"name_regex"}
{"level":"info","timestamp":"2026-02-27T00:57:36.478Z","msg":"No value found in storage","key":"variable/mdaihub/name_regex"}
{"level":"info","timestamp":"2026-02-27T00:57:36.478Z","msg":"Processing variable","controller":"mdaihub","controllerGroup":"hub.mydecisive.ai","controllerKind":"MdaiHub","MdaiHub":{"name":"mdaihub","namespace":"mdai"},"namespace":"mdai","name":"mdaihub","reconcileID":"0ee1ae21-5762-40e2-aac1-f77aa79e15ab","key":"email_template"}
{"level":"info","timestamp":"2026-02-27T00:57:36.479Z","msg":"No value found in storage","key":"variable/mdaihub/email_template"}
{"level":"info","timestamp":"2026-02-27T00:57:36.479Z","msg":"Processing variable","controller":"mdaihub","controllerGroup":"hub.mydecisive.ai","controllerKind":"MdaiHub","MdaiHub":{"name":"mdaihub","namespace":"mdai"},"namespace":"mdai","name":"mdaihub","reconcileID":"0ee1ae21-5762-40e2-aac1-f77aa79e15ab","key":"cc_template"}
{"level":"info","timestamp":"2026-02-27T00:57:36.479Z","msg":"No value found in storage","key":"variable/mdaihub/cc_template"}
{"level":"info","timestamp":"2026-02-27T00:57:36.479Z","msg":"Processing variable","controller":"mdaihub","controllerGroup":"hub.mydecisive.ai","controllerKind":"MdaiHub","MdaiHub":{"name":"mdaihub","namespace":"mdai"},"namespace":"mdai","name":"mdaihub","reconcileID":"0ee1ae21-5762-40e2-aac1-f77aa79e15ab","key":"phone_template"}
{"level":"info","timestamp":"2026-02-27T00:57:36.479Z","msg":"No value found in storage","key":"variable/mdaihub/phone_template"}
{"level":"info","timestamp":"2026-02-27T00:57:36.479Z","msg":"Processing variable","controller":"mdaihub","controllerGroup":"hub.mydecisive.ai","controllerKind":"MdaiHub","MdaiHub":{"name":"mdaihub","namespace":"mdai"},"namespace":"mdai","name":"mdaihub","reconcileID":"0ee1ae21-5762-40e2-aac1-f77aa79e15ab","key":"address_template"}
{"level":"info","timestamp":"2026-02-27T00:57:36.479Z","msg":"No value found in storage","key":"variable/mdaihub/address_template"}
{"level":"info","timestamp":"2026-02-27T00:57:36.479Z","msg":"Processing variable","controller":"mdaihub","controllerGroup":"hub.mydecisive.ai","controllerKind":"MdaiHub","MdaiHub":{"name":"mdaihub","namespace":"mdai"},"namespace":"mdai","name":"mdaihub","reconcileID":"0ee1ae21-5762-40e2-aac1-f77aa79e15ab","key":"ssn_template"}
{"level":"info","timestamp":"2026-02-27T00:57:36.479Z","msg":"No value found in storage","key":"variable/mdaihub/ssn_template"}
{"level":"info","timestamp":"2026-02-27T00:57:36.479Z","msg":"Processing variable","controller":"mdaihub","controllerGroup":"hub.mydecisive.ai","controllerKind":"MdaiHub","MdaiHub":{"name":"mdaihub","namespace":"mdai"},"namespace":"mdai","name":"mdaihub","reconcileID":"0ee1ae21-5762-40e2-aac1-f77aa79e15ab","key":"name_template"}
{"level":"info","timestamp":"2026-02-27T00:57:36.479Z","msg":"No value found in storage","key":"variable/mdaihub/name_template"}
{"level":"info","timestamp":"2026-02-27T00:57:36.479Z","msg":"Deleting old valkey keys","controller":"mdaihub","controllerGroup":"hub.mydecisive.ai","controllerKind":"MdaiHub","MdaiHub":{"name":"mdaihub","namespace":"mdai"},"namespace":"mdai","name":"mdaihub","reconcileID":"0ee1ae21-5762-40e2-aac1-f77aa79e15ab","valkeyKeysToKeep":{"address_regex":{},"address_template":{},"cc_regex":{},"cc_template":{},"email_regex":{},"email_template":{},"fields_to_hash":{},"fields_to_redact":{},"name_regex":{},"name_template":{},"phone_regex":{},"phone_template":{},"ssn_regex":{},"ssn_template":{}}}
{"level":"info","timestamp":"2026-02-27T00:57:36.479Z","msg":"Successfully created or updated ConfigMap","controller":"mdaihub","controllerGroup":"hub.mydecisive.ai","controllerKind":"MdaiHub","MdaiHub":{"name":"mdaihub","namespace":"mdai"},"namespace":"mdai","name":"mdaihub","reconcileID":"0ee1ae21-5762-40e2-aac1-f77aa79e15ab","name":"mdaihub-manual-variables","namespace":"mdai","operation":"unchanged"}
{"level":"info","timestamp":"2026-02-27T00:57:36.479Z","msg":"Successfully created or updated ConfigMap","controller":"mdaihub","controllerGroup":"hub.mydecisive.ai","controllerKind":"MdaiHub","MdaiHub":{"name":"mdaihub","namespace":"mdai"},"namespace":"mdai","name":"mdaihub","reconcileID":"0ee1ae21-5762-40e2-aac1-f77aa79e15ab","name":"mdaihub-variables","namespace":"mdai","operation":"unchanged"}
{"level":"info","timestamp":"2026-02-27T00:57:36.479Z","msg":"Successfully created or updated ConfigMap","controller":"mdaihub","controllerGroup":"hub.mydecisive.ai","controllerKind":"MdaiHub","MdaiHub":{"name":"mdaihub","namespace":"mdai"},"namespace":"mdai","name":"mdaihub","reconcileID":"0ee1ae21-5762-40e2-aac1-f77aa79e15ab","name":"mdaihub-variables","namespace":"mdai","operation":"unchanged"}
{"level":"info","timestamp":"2026-02-27T00:57:36.479Z","msg":"Successfully created or updated ConfigMap","controller":"mdaihub","controllerGroup":"hub.mydecisive.ai","controllerKind":"MdaiHub","MdaiHub":{"name":"mdaihub","namespace":"mdai"},"namespace":"mdai","name":"mdaihub","reconcileID":"0ee1ae21-5762-40e2-aac1-f77aa79e15ab","name":"mdaihub-variables","namespace":"mdai","operation":"unchanged"}
{"level":"info","timestamp":"2026-02-27T00:57:36.481Z","msg":"Status set to done for mdai hub","controller":"mdaihub","controllerGroup":"hub.mydecisive.ai","controllerKind":"MdaiHub","MdaiHub":{"name":"mdaihub","namespace":"mdai"},"namespace":"mdai","name":"mdaihub","reconcileID":"0ee1ae21-5762-40e2-aac1-f77aa79e15ab","mdaiHub":"mdaihub"}
{"level":"info","timestamp":"2026-02-27T00:57:36.481Z","msg":"-- Finished MdaiHub reconciliation --","controller":"mdaihub","controllerGroup":"hub.mydecisive.ai","controllerKind":"MdaiHub","MdaiHub":{"name":"mdaihub","namespace":"mdai"},"namespace":"mdai","name":"mdaihub","reconcileID":"0ee1ae21-5762-40e2-aac1-f77aa79e15ab"}
{"level":"info","timestamp":"2026-02-27T00:57:37.215Z","logger":"mdaiobserver-resource","msg":"Validation for MdaiObserver upon update","name":"dynamic-filtration"}
{"level":"info","timestamp":"2026-02-27T00:57:37.229Z","logger":"mdaihub-resource","msg":"Defaulting for MdaiHub","name":"mdaihub"}
{"level":"info","timestamp":"2026-02-27T00:57:37.230Z","logger":"mdaihub-resource","msg":"Validation for MdaiHub upon update","name":"mdaihub"}
{"level":"info","timestamp":"2026-02-27T00:57:37.233Z","msg":"-- Starting MdaiHub reconciliation --","controller":"mdaihub","controllerGroup":"hub.mydecisive.ai","controllerKind":"MdaiHub","MdaiHub":{"name":"mdaihub","namespace":"mdai"},"namespace":"mdai","name":"mdaihub","reconcileID":"8f67cf72-59c0-443c-abc6-3f657cab3f95","namespace":{"name":"mdaihub","namespace":"mdai"},"name":"mdaihub"}
{"level":"info","timestamp":"2026-02-27T00:57:37.233Z","msg":"EnsurePrometheusRuleSynchronized","controller":"mdaihub","controllerGroup":"hub.mydecisive.ai","controllerKind":"MdaiHub","MdaiHub":{"name":"mdaihub","namespace":"mdai"},"namespace":"mdai","name":"mdaihub","reconcileID":"8f67cf72-59c0-443c-abc6-3f657cab3f95"}
{"level":"info","timestamp":"2026-02-27T00:57:37.236Z","msg":"Created new PrometheusRule","controller":"mdaihub","controllerGroup":"hub.mydecisive.ai","controllerKind":"MdaiHub","MdaiHub":{"name":"mdaihub","namespace":"mdai"},"namespace":"mdai","name":"mdaihub","reconcileID":"8f67cf72-59c0-443c-abc6-3f657cab3f95","prometheus_rule_name":"mdai-mdaihub-alert-rules"}
{"level":"info","timestamp":"2026-02-27T00:57:37.240Z","msg":"Creating or updating ConfigMap for automations","controller":"mdaihub","controllerGroup":"hub.mydecisive.ai","controllerKind":"MdaiHub","MdaiHub":{"name":"mdaihub","namespace":"mdai"},"namespace":"mdai","name":"mdaihub","reconcileID":"8f67cf72-59c0-443c-abc6-3f657cab3f95","name":"mdaihub"}
{"level":"info","timestamp":"2026-02-27T00:57:37.242Z","msg":"<CreateFunc> mdaihub-automation ignored"}
{"level":"info","timestamp":"2026-02-27T00:57:37.242Z","msg":"Successfully created or updated ConfigMap","controller":"mdaihub","controllerGroup":"hub.mydecisive.ai","controllerKind":"MdaiHub","MdaiHub":{"name":"mdaihub","namespace":"mdai"},"namespace":"mdai","name":"mdaihub","reconcileID":"8f67cf72-59c0-443c-abc6-3f657cab3f95","name":"mdaihub-automation","namespace":"mdai","operation":"created"}
{"level":"info","timestamp":"2026-02-27T00:57:37.242Z","msg":"Successfully created ConfigMap for automations","controller":"mdaihub","controllerGroup":"hub.mydecisive.ai","controllerKind":"MdaiHub","MdaiHub":{"name":"mdaihub","namespace":"mdai"},"namespace":"mdai","name":"mdaihub","reconcileID":"8f67cf72-59c0-443c-abc6-3f657cab3f95","name":"mdaihub"}
{"level":"info","timestamp":"2026-02-27T00:57:37.242Z","msg":"Processing variable","controller":"mdaihub","controllerGroup":"hub.mydecisive.ai","controllerKind":"MdaiHub","MdaiHub":{"name":"mdaihub","namespace":"mdai"},"namespace":"mdai","name":"mdaihub","reconcileID":"8f67cf72-59c0-443c-abc6-3f657cab3f95","key":"service_list"}
{"level":"info","timestamp":"2026-02-27T00:57:37.242Z","msg":"Data received for variable/mdaihub/service_list: []"}
{"level":"info","timestamp":"2026-02-27T00:57:37.242Z","msg":"Processing variable","controller":"mdaihub","controllerGroup":"hub.mydecisive.ai","controllerKind":"MdaiHub","MdaiHub":{"name":"mdaihub","namespace":"mdai"},"namespace":"mdai","name":"mdaihub","reconcileID":"8f67cf72-59c0-443c-abc6-3f657cab3f95","key":"alerting_data_type"}
{"level":"info","timestamp":"2026-02-27T00:57:37.243Z","msg":"No value found in storage","key":"variable/mdaihub/alerting_data_type"}
{"level":"info","timestamp":"2026-02-27T00:57:37.243Z","msg":"Processing variable","controller":"mdaihub","controllerGroup":"hub.mydecisive.ai","controllerKind":"MdaiHub","MdaiHub":{"name":"mdaihub","namespace":"mdai"},"namespace":"mdai","name":"mdaihub","reconcileID":"8f67cf72-59c0-443c-abc6-3f657cab3f95","key":"alerting_triggered"}
{"level":"info","timestamp":"2026-02-27T00:57:37.243Z","msg":"No value found in storage","key":"variable/mdaihub/alerting_triggered"}
{"level":"info","timestamp":"2026-02-27T00:57:37.243Z","msg":"Deleting old valkey keys","controller":"mdaihub","controllerGroup":"hub.mydecisive.ai","controllerKind":"MdaiHub","MdaiHub":{"name":"mdaihub","namespace":"mdai"},"namespace":"mdai","name":"mdaihub","reconcileID":"8f67cf72-59c0-443c-abc6-3f657cab3f95","valkeyKeysToKeep":{"alerting_data_type":{},"alerting_triggered":{},"service_list":{}}}
{"level":"info","timestamp":"2026-02-27T00:57:37.243Z","msg":"No manual variables defined in the MDAI CR","controller":"mdaihub","controllerGroup":"hub.mydecisive.ai","controllerKind":"MdaiHub","MdaiHub":{"name":"mdaihub","namespace":"mdai"},"namespace":"mdai","name":"mdaihub","reconcileID":"8f67cf72-59c0-443c-abc6-3f657cab3f95","name":"mdaihub"}
{"level":"info","timestamp":"2026-02-27T00:57:37.243Z","msg":"Deleting ConfigMap","controller":"mdaihub","controllerGroup":"hub.mydecisive.ai","controllerKind":"MdaiHub","MdaiHub":{"name":"mdaihub","namespace":"mdai"},"namespace":"mdai","name":"mdaihub","reconcileID":"8f67cf72-59c0-443c-abc6-3f657cab3f95","name":"mdaihub-manual-variables","namespace":"mdai"}
{"level":"info","timestamp":"2026-02-27T00:57:37.245Z","msg":"<DeleteFunc> mdaihub-manual-variables ignored"}
{"level":"info","timestamp":"2026-02-27T00:57:37.247Z","msg":"<UpdateFunc> mdaihub-variables shouldReconcile: false"}
{"level":"info","timestamp":"2026-02-27T00:57:37.247Z","msg":"Successfully created or updated ConfigMap","controller":"mdaihub","controllerGroup":"hub.mydecisive.ai","controllerKind":"MdaiHub","MdaiHub":{"name":"mdaihub","namespace":"mdai"},"namespace":"mdai","name":"mdaihub","reconcileID":"8f67cf72-59c0-443c-abc6-3f657cab3f95","name":"mdaihub-variables","namespace":"mdai","operation":"updated"}
{"level":"info","timestamp":"2026-02-27T00:57:37.247Z","msg":"Successfully created or updated ConfigMap","controller":"mdaihub","controllerGroup":"hub.mydecisive.ai","controllerKind":"MdaiHub","MdaiHub":{"name":"mdaihub","namespace":"mdai"},"namespace":"mdai","name":"mdaihub","reconcileID":"8f67cf72-59c0-443c-abc6-3f657cab3f95","name":"mdaihub-variables","namespace":"mdai","operation":"unchanged"}
{"level":"info","timestamp":"2026-02-27T00:57:37.247Z","msg":"Successfully created or updated ConfigMap","controller":"mdaihub","controllerGroup":"hub.mydecisive.ai","controllerKind":"MdaiHub","MdaiHub":{"name":"mdaihub","namespace":"mdai"},"namespace":"mdai","name":"mdaihub","reconcileID":"8f67cf72-59c0-443c-abc6-3f657cab3f95","name":"mdaihub-variables","namespace":"mdai","operation":"unchanged"}
{"level":"info","timestamp":"2026-02-27T00:57:37.247Z","msg":"Triggering restart of OpenTelemetry Collector","controller":"mdaihub","controllerGroup":"hub.mydecisive.ai","controllerKind":"MdaiHub","MdaiHub":{"name":"mdaihub","namespace":"mdai"},"namespace":"mdai","name":"mdaihub","reconcileID":"8f67cf72-59c0-443c-abc6-3f657cab3f95","name":"gateway-datadog"}
{"level":"warn","timestamp":"2026-02-27T00:57:37.254Z","msg":"VALKEY_AUDIT_STREAM_EXPIRY_MS is deprecated; use VALKEY_AUDIT_STREAM_RETENTION","retention":2592000,"stacktrace":"github.com/decisiveai/mdai-data-core/audit.getStreamRetention\n\tgithub.com/decisiveai/mdai-data-core@v0.2.9/audit/adapter.go:241\ngithub.com/decisiveai/mdai-data-core/audit.NewAuditAdapter\n\tgithub.com/decisiveai/mdai-data-core@v0.2.9/audit/adapter.go:54\ngithub.com/decisiveai/mdai-operator/internal/controller.HubAdapter.restartCollectorAndAudit\n\tgithub.com/decisiveai/mdai-operator/internal/controller/hub_adapter.go:427\ngithub.com/decisiveai/mdai-operator/internal/controller.HubAdapter.syncComputedConfigMapsAndRestart\n\tgithub.com/decisiveai/mdai-operator/internal/controller/hub_adapter.go:458\ngithub.com/decisiveai/mdai-operator/internal/controller.HubAdapter.ensureVariableSynchronized\n\tgithub.com/decisiveai/mdai-operator/internal/controller/hub_adapter.go:507\ngithub.com/decisiveai/mdai-operator/internal/controller.(*MdaiHubReconciler).ReconcileHandler\n\tgithub.com/decisiveai/mdai-operator/internal/controller/mdaihub_controller.go:113\ngithub.com/decisiveai/mdai-operator/internal/controller.(*MdaiHubReconciler).Reconcile\n\tgithub.com/decisiveai/mdai-operator/internal/controller/mdaihub_controller.go:87\nsigs.k8s.io/controller-runtime/pkg/internal/controller.(*Controller[...]).Reconcile\n\tsigs.k8s.io/controller-runtime@v0.20.4/pkg/internal/controller/controller.go:119\nsigs.k8s.io/controller-runtime/pkg/internal/controller.(*Controller[...]).reconcileHandler\n\tsigs.k8s.io/controller-runtime@v0.20.4/pkg/internal/controller/controller.go:334\nsigs.k8s.io/controller-runtime/pkg/internal/controller.(*Controller[...]).processNextWorkItem\n\tsigs.k8s.io/controller-runtime@v0.20.4/pkg/internal/controller/controller.go:294\nsigs.k8s.io/controller-runtime/pkg/internal/controller.(*Controller[...]).Start.func2.2\n\tsigs.k8s.io/controller-runtime@v0.20.4/pkg/internal/controller/controller.go:255"}
{"level":"info","timestamp":"2026-02-27T00:57:37.254Z","msg":"AUDIT: Triggering restart of OpenTelemetry Collector","controller":"mdaihub","controllerGroup":"hub.mydecisive.ai","controllerKind":"MdaiHub","MdaiHub":{"name":"mdaihub","namespace":"mdai"},"namespace":"mdai","name":"mdaihub","reconcileID":"8f67cf72-59c0-443c-abc6-3f657cab3f95","mdai-logstream":"audit","hub_name":"mdaihub","SERVICE_LIST_REGEX":"","type":"collector_restart","timestamp":"2026-02-27T00:57:37Z"}
{"level":"info","timestamp":"2026-02-27T00:57:37.254Z","msg":"Triggering restart of OpenTelemetry Collector","controller":"mdaihub","controllerGroup":"hub.mydecisive.ai","controllerKind":"MdaiHub","MdaiHub":{"name":"mdaihub","namespace":"mdai"},"namespace":"mdai","name":"mdaihub","reconcileID":"8f67cf72-59c0-443c-abc6-3f657cab3f95","name":"gateway-dynamic-filtration"}
{"level":"warn","timestamp":"2026-02-27T00:57:37.262Z","msg":"VALKEY_AUDIT_STREAM_EXPIRY_MS is deprecated; use VALKEY_AUDIT_STREAM_RETENTION","retention":2592000,"stacktrace":"github.com/decisiveai/mdai-data-core/audit.getStreamRetention\n\tgithub.com/decisiveai/mdai-data-core@v0.2.9/audit/adapter.go:241\ngithub.com/decisiveai/mdai-data-core/audit.NewAuditAdapter\n\tgithub.com/decisiveai/mdai-data-core@v0.2.9/audit/adapter.go:54\ngithub.com/decisiveai/mdai-operator/internal/controller.HubAdapter.restartCollectorAndAudit\n\tgithub.com/decisiveai/mdai-operator/internal/controller/hub_adapter.go:427\ngithub.com/decisiveai/mdai-operator/internal/controller.HubAdapter.syncComputedConfigMapsAndRestart\n\tgithub.com/decisiveai/mdai-operator/internal/controller/hub_adapter.go:458\ngithub.com/decisiveai/mdai-operator/internal/controller.HubAdapter.ensureVariableSynchronized\n\tgithub.com/decisiveai/mdai-operator/internal/controller/hub_adapter.go:507\ngithub.com/decisiveai/mdai-operator/internal/controller.(*MdaiHubReconciler).ReconcileHandler\n\tgithub.com/decisiveai/mdai-operator/internal/controller/mdaihub_controller.go:113\ngithub.com/decisiveai/mdai-operator/internal/controller.(*MdaiHubReconciler).Reconcile\n\tgithub.com/decisiveai/mdai-operator/internal/controller/mdaihub_controller.go:87\nsigs.k8s.io/controller-runtime/pkg/internal/controller.(*Controller[...]).Reconcile\n\tsigs.k8s.io/controller-runtime@v0.20.4/pkg/internal/controller/controller.go:119\nsigs.k8s.io/controller-runtime/pkg/internal/controller.(*Controller[...]).reconcileHandler\n\tsigs.k8s.io/controller-runtime@v0.20.4/pkg/internal/controller/controller.go:334\nsigs.k8s.io/controller-runtime/pkg/internal/controller.(*Controller[...]).processNextWorkItem\n\tsigs.k8s.io/controller-runtime@v0.20.4/pkg/internal/controller/controller.go:294\nsigs.k8s.io/controller-runtime/pkg/internal/controller.(*Controller[...]).Start.func2.2\n\tsigs.k8s.io/controller-runtime@v0.20.4/pkg/internal/controller/controller.go:255"}
{"level":"info","timestamp":"2026-02-27T00:57:37.262Z","msg":"AUDIT: Triggering restart of OpenTelemetry Collector","controller":"mdaihub","controllerGroup":"hub.mydecisive.ai","controllerKind":"MdaiHub","MdaiHub":{"name":"mdaihub","namespace":"mdai"},"namespace":"mdai","name":"mdaihub","reconcileID":"8f67cf72-59c0-443c-abc6-3f657cab3f95","mdai-logstream":"audit","SERVICE_LIST_REGEX":"","type":"collector_restart","timestamp":"2026-02-27T00:57:37Z","hub_name":"mdaihub"}
{"level":"info","timestamp":"2026-02-27T00:57:37.262Z","msg":"Triggering restart of OpenTelemetry Collector","controller":"mdaihub","controllerGroup":"hub.mydecisive.ai","controllerKind":"MdaiHub","MdaiHub":{"name":"mdaihub","namespace":"mdai"},"namespace":"mdai","name":"mdaihub","reconcileID":"8f67cf72-59c0-443c-abc6-3f657cab3f95","name":"gateway-pii"}
{"level":"warn","timestamp":"2026-02-27T00:57:37.269Z","msg":"VALKEY_AUDIT_STREAM_EXPIRY_MS is deprecated; use VALKEY_AUDIT_STREAM_RETENTION","retention":2592000,"stacktrace":"github.com/decisiveai/mdai-data-core/audit.getStreamRetention\n\tgithub.com/decisiveai/mdai-data-core@v0.2.9/audit/adapter.go:241\ngithub.com/decisiveai/mdai-data-core/audit.NewAuditAdapter\n\tgithub.com/decisiveai/mdai-data-core@v0.2.9/audit/adapter.go:54\ngithub.com/decisiveai/mdai-operator/internal/controller.HubAdapter.restartCollectorAndAudit\n\tgithub.com/decisiveai/mdai-operator/internal/controller/hub_adapter.go:427\ngithub.com/decisiveai/mdai-operator/internal/controller.HubAdapter.syncComputedConfigMapsAndRestart\n\tgithub.com/decisiveai/mdai-operator/internal/controller/hub_adapter.go:458\ngithub.com/decisiveai/mdai-operator/internal/controller.HubAdapter.ensureVariableSynchronized\n\tgithub.com/decisiveai/mdai-operator/internal/controller/hub_adapter.go:507\ngithub.com/decisiveai/mdai-operator/internal/controller.(*MdaiHubReconciler).ReconcileHandler\n\tgithub.com/decisiveai/mdai-operator/internal/controller/mdaihub_controller.go:113\ngithub.com/decisiveai/mdai-operator/internal/controller.(*MdaiHubReconciler).Reconcile\n\tgithub.com/decisiveai/mdai-operator/internal/controller/mdaihub_controller.go:87\nsigs.k8s.io/controller-runtime/pkg/internal/controller.(*Controller[...]).Reconcile\n\tsigs.k8s.io/controller-runtime@v0.20.4/pkg/internal/controller/controller.go:119\nsigs.k8s.io/controller-runtime/pkg/internal/controller.(*Controller[...]).reconcileHandler\n\tsigs.k8s.io/controller-runtime@v0.20.4/pkg/internal/controller/controller.go:334\nsigs.k8s.io/controller-runtime/pkg/internal/controller.(*Controller[...]).processNextWorkItem\n\tsigs.k8s.io/controller-runtime@v0.20.4/pkg/internal/controller/controller.go:294\nsigs.k8s.io/controller-runtime/pkg/internal/controller.(*Controller[...]).Start.func2.2\n\tsigs.k8s.io/controller-runtime@v0.20.4/pkg/internal/controller/controller.go:255"}
{"level":"info","timestamp":"2026-02-27T00:57:37.270Z","msg":"AUDIT: Triggering restart of OpenTelemetry Collector","controller":"mdaihub","controllerGroup":"hub.mydecisive.ai","controllerKind":"MdaiHub","MdaiHub":{"name":"mdaihub","namespace":"mdai"},"namespace":"mdai","name":"mdaihub","reconcileID":"8f67cf72-59c0-443c-abc6-3f657cab3f95","mdai-logstream":"audit","SERVICE_LIST_REGEX":"","type":"collector_restart","timestamp":"2026-02-27T00:57:37Z","hub_name":"mdaihub"}
{"level":"info","timestamp":"2026-02-27T00:57:37.272Z","msg":"Status set to done for mdai hub","controller":"mdaihub","controllerGroup":"hub.mydecisive.ai","controllerKind":"MdaiHub","MdaiHub":{"name":"mdaihub","namespace":"mdai"},"namespace":"mdai","name":"mdaihub","reconcileID":"8f67cf72-59c0-443c-abc6-3f657cab3f95","mdaiHub":"mdaihub"}
{"level":"info","timestamp":"2026-02-27T00:57:37.272Z","msg":"-- Finished MdaiHub reconciliation --","controller":"mdaihub","controllerGroup":"hub.mydecisive.ai","controllerKind":"MdaiHub","MdaiHub":{"name":"mdaihub","namespace":"mdai"},"namespace":"mdai","name":"mdaihub","reconcileID":"8f67cf72-59c0-443c-abc6-3f657cab3f95"}
{"level":"info","timestamp":"2026-02-27T00:57:37.454Z","logger":"mdaihub-resource","msg":"Defaulting for MdaiHub","name":"mdaihub"}
{"level":"info","timestamp":"2026-02-27T00:57:37.455Z","logger":"mdaihub-resource","msg":"Validation for MdaiHub upon update","name":"mdaihub"}
{"level":"info","timestamp":"2026-02-27T00:57:38.066Z","logger":"mdaihub-resource","msg":"Defaulting for MdaiHub","name":"mdaihub"}
{"level":"info","timestamp":"2026-02-27T00:57:38.067Z","logger":"mdaihub-resource","msg":"Defaulting for MdaiHub","name":"mdaihub"}
{"level":"info","timestamp":"2026-02-27T00:57:38.067Z","logger":"mdaihub-resource","msg":"Validation for MdaiHub upon update","name":"mdaihub"}
{"level":"info","timestamp":"2026-02-27T00:57:38.068Z","logger":"mdaihub-resource","msg":"Validation for MdaiHub upon update","name":"mdaihub"}
{"level":"info","timestamp":"2026-02-27T00:57:38.071Z","msg":"-- Starting MdaiHub reconciliation --","controller":"mdaihub","controllerGroup":"hub.mydecisive.ai","controllerKind":"MdaiHub","MdaiHub":{"name":"mdaihub","namespace":"mdai"},"namespace":"mdai","name":"mdaihub","reconcileID":"9a0d2849-e0a9-400f-9279-7d737f179254","namespace":{"name":"mdaihub","namespace":"mdai"},"name":"mdaihub"}
{"level":"info","timestamp":"2026-02-27T00:57:38.071Z","msg":"EnsurePrometheusRuleSynchronized","controller":"mdaihub","controllerGroup":"hub.mydecisive.ai","controllerKind":"MdaiHub","MdaiHub":{"name":"mdaihub","namespace":"mdai"},"namespace":"mdai","name":"mdaihub","reconcileID":"9a0d2849-e0a9-400f-9279-7d737f179254"}
{"level":"info","timestamp":"2026-02-27T00:57:38.071Z","msg":"No evaluations found, skipping PrometheusRule creation","controller":"mdaihub","controllerGroup":"hub.mydecisive.ai","controllerKind":"MdaiHub","MdaiHub":{"name":"mdaihub","namespace":"mdai"},"namespace":"mdai","name":"mdaihub","reconcileID":"9a0d2849-e0a9-400f-9279-7d737f179254"}
{"level":"info","timestamp":"2026-02-27T00:57:38.071Z","msg":"Removing existing rules","controller":"mdaihub","controllerGroup":"hub.mydecisive.ai","controllerKind":"MdaiHub","MdaiHub":{"name":"mdaihub","namespace":"mdai"},"namespace":"mdai","name":"mdaihub","reconcileID":"9a0d2849-e0a9-400f-9279-7d737f179254"}
{"level":"info","timestamp":"2026-02-27T00:57:38.072Z","logger":"mdaihub-resource","msg":"Defaulting for MdaiHub","name":"mdaihub"}
{"level":"info","timestamp":"2026-02-27T00:57:38.072Z","logger":"mdaihub-resource","msg":"Validation for MdaiHub upon update","name":"mdaihub"}
{"level":"info","timestamp":"2026-02-27T00:57:38.073Z","msg":"Deleted PrometheusRule","controller":"mdaihub","controllerGroup":"hub.mydecisive.ai","controllerKind":"MdaiHub","MdaiHub":{"name":"mdaihub","namespace":"mdai"},"namespace":"mdai","name":"mdaihub","reconcileID":"9a0d2849-e0a9-400f-9279-7d737f179254","prometheus_rule_name":"mdai-mdaihub-alert-rules"}
{"level":"info","timestamp":"2026-02-27T00:57:38.073Z","msg":"No automations defined in the MDAI CR","controller":"mdaihub","controllerGroup":"hub.mydecisive.ai","controllerKind":"MdaiHub","MdaiHub":{"name":"mdaihub","namespace":"mdai"},"namespace":"mdai","name":"mdaihub","reconcileID":"9a0d2849-e0a9-400f-9279-7d737f179254","name":"mdaihub"}
{"level":"info","timestamp":"2026-02-27T00:57:38.073Z","msg":"Deleting ConfigMap","controller":"mdaihub","controllerGroup":"hub.mydecisive.ai","controllerKind":"MdaiHub","MdaiHub":{"name":"mdaihub","namespace":"mdai"},"namespace":"mdai","name":"mdaihub","reconcileID":"9a0d2849-e0a9-400f-9279-7d737f179254","name":"mdaihub-automation","namespace":"mdai"}
{"level":"info","timestamp":"2026-02-27T00:57:38.074Z","msg":"<DeleteFunc> mdaihub-automation ignored"}
{"level":"info","timestamp":"2026-02-27T00:57:38.075Z","msg":"Processing variable","controller":"mdaihub","controllerGroup":"hub.mydecisive.ai","controllerKind":"MdaiHub","MdaiHub":{"name":"mdaihub","namespace":"mdai"},"namespace":"mdai","name":"mdaihub","reconcileID":"9a0d2849-e0a9-400f-9279-7d737f179254","key":"fields_to_redact"}
{"level":"info","timestamp":"2026-02-27T00:57:38.075Z","msg":"Data received for variable/mdaihub/fields_to_redact: []"}
{"level":"info","timestamp":"2026-02-27T00:57:38.075Z","msg":"Processing variable","controller":"mdaihub","controllerGroup":"hub.mydecisive.ai","controllerKind":"MdaiHub","MdaiHub":{"name":"mdaihub","namespace":"mdai"},"namespace":"mdai","name":"mdaihub","reconcileID":"9a0d2849-e0a9-400f-9279-7d737f179254","key":"fields_to_hash"}
{"level":"info","timestamp":"2026-02-27T00:57:38.075Z","msg":"Data received for variable/mdaihub/fields_to_hash: []"}
{"level":"info","timestamp":"2026-02-27T00:57:38.075Z","msg":"Processing variable","controller":"mdaihub","controllerGroup":"hub.mydecisive.ai","controllerKind":"MdaiHub","MdaiHub":{"name":"mdaihub","namespace":"mdai"},"namespace":"mdai","name":"mdaihub","reconcileID":"9a0d2849-e0a9-400f-9279-7d737f179254","key":"email_regex"}
{"level":"info","timestamp":"2026-02-27T00:57:38.075Z","msg":"No value found in storage","key":"variable/mdaihub/email_regex"}
{"level":"info","timestamp":"2026-02-27T00:57:38.075Z","msg":"Processing variable","controller":"mdaihub","controllerGroup":"hub.mydecisive.ai","controllerKind":"MdaiHub","MdaiHub":{"name":"mdaihub","namespace":"mdai"},"namespace":"mdai","name":"mdaihub","reconcileID":"9a0d2849-e0a9-400f-9279-7d737f179254","key":"cc_regex"}
{"level":"info","timestamp":"2026-02-27T00:57:38.075Z","msg":"No value found in storage","key":"variable/mdaihub/cc_regex"}
{"level":"info","timestamp":"2026-02-27T00:57:38.075Z","msg":"Processing variable","controller":"mdaihub","controllerGroup":"hub.mydecisive.ai","controllerKind":"MdaiHub","MdaiHub":{"name":"mdaihub","namespace":"mdai"},"namespace":"mdai","name":"mdaihub","reconcileID":"9a0d2849-e0a9-400f-9279-7d737f179254","key":"phone_regex"}
{"level":"info","timestamp":"2026-02-27T00:57:38.075Z","msg":"No value found in storage","key":"variable/mdaihub/phone_regex"}
{"level":"info","timestamp":"2026-02-27T00:57:38.075Z","msg":"Processing variable","controller":"mdaihub","controllerGroup":"hub.mydecisive.ai","controllerKind":"MdaiHub","MdaiHub":{"name":"mdaihub","namespace":"mdai"},"namespace":"mdai","name":"mdaihub","reconcileID":"9a0d2849-e0a9-400f-9279-7d737f179254","key":"address_regex"}
{"level":"info","timestamp":"2026-02-27T00:57:38.075Z","msg":"No value found in storage","key":"variable/mdaihub/address_regex"}
{"level":"info","timestamp":"2026-02-27T00:57:38.075Z","msg":"Processing variable","controller":"mdaihub","controllerGroup":"hub.mydecisive.ai","controllerKind":"MdaiHub","MdaiHub":{"name":"mdaihub","namespace":"mdai"},"namespace":"mdai","name":"mdaihub","reconcileID":"9a0d2849-e0a9-400f-9279-7d737f179254","key":"ssn_regex"}
{"level":"info","timestamp":"2026-02-27T00:57:38.076Z","msg":"No value found in storage","key":"variable/mdaihub/ssn_regex"}
{"level":"info","timestamp":"2026-02-27T00:57:38.076Z","msg":"Processing variable","controller":"mdaihub","controllerGroup":"hub.mydecisive.ai","controllerKind":"MdaiHub","MdaiHub":{"name":"mdaihub","namespace":"mdai"},"namespace":"mdai","name":"mdaihub","reconcileID":"9a0d2849-e0a9-400f-9279-7d737f179254","key":"name_regex"}
{"level":"info","timestamp":"2026-02-27T00:57:38.076Z","msg":"No value found in storage","key":"variable/mdaihub/name_regex"}
{"level":"info","timestamp":"2026-02-27T00:57:38.076Z","msg":"Processing variable","controller":"mdaihub","controllerGroup":"hub.mydecisive.ai","controllerKind":"MdaiHub","MdaiHub":{"name":"mdaihub","namespace":"mdai"},"namespace":"mdai","name":"mdaihub","reconcileID":"9a0d2849-e0a9-400f-9279-7d737f179254","key":"email_template"}
{"level":"info","timestamp":"2026-02-27T00:57:38.076Z","msg":"No value found in storage","key":"variable/mdaihub/email_template"}
{"level":"info","timestamp":"2026-02-27T00:57:38.076Z","msg":"Processing variable","controller":"mdaihub","controllerGroup":"hub.mydecisive.ai","controllerKind":"MdaiHub","MdaiHub":{"name":"mdaihub","namespace":"mdai"},"namespace":"mdai","name":"mdaihub","reconcileID":"9a0d2849-e0a9-400f-9279-7d737f179254","key":"cc_template"}
{"level":"info","timestamp":"2026-02-27T00:57:38.076Z","msg":"No value found in storage","key":"variable/mdaihub/cc_template"}
{"level":"info","timestamp":"2026-02-27T00:57:38.076Z","msg":"Processing variable","controller":"mdaihub","controllerGroup":"hub.mydecisive.ai","controllerKind":"MdaiHub","MdaiHub":{"name":"mdaihub","namespace":"mdai"},"namespace":"mdai","name":"mdaihub","reconcileID":"9a0d2849-e0a9-400f-9279-7d737f179254","key":"phone_template"}
{"level":"info","timestamp":"2026-02-27T00:57:38.076Z","msg":"No value found in storage","key":"variable/mdaihub/phone_template"}
{"level":"info","timestamp":"2026-02-27T00:57:38.076Z","msg":"Processing variable","controller":"mdaihub","controllerGroup":"hub.mydecisive.ai","controllerKind":"MdaiHub","MdaiHub":{"name":"mdaihub","namespace":"mdai"},"namespace":"mdai","name":"mdaihub","reconcileID":"9a0d2849-e0a9-400f-9279-7d737f179254","key":"address_template"}
{"level":"info","timestamp":"2026-02-27T00:57:38.076Z","msg":"No value found in storage","key":"variable/mdaihub/address_template"}
{"level":"info","timestamp":"2026-02-27T00:57:38.076Z","msg":"Processing variable","controller":"mdaihub","controllerGroup":"hub.mydecisive.ai","controllerKind":"MdaiHub","MdaiHub":{"name":"mdaihub","namespace":"mdai"},"namespace":"mdai","name":"mdaihub","reconcileID":"9a0d2849-e0a9-400f-9279-7d737f179254","key":"ssn_template"}
{"level":"info","timestamp":"2026-02-27T00:57:38.076Z","msg":"No value found in storage","key":"variable/mdaihub/ssn_template"}
{"level":"info","timestamp":"2026-02-27T00:57:38.076Z","msg":"Processing variable","controller":"mdaihub","controllerGroup":"hub.mydecisive.ai","controllerKind":"MdaiHub","MdaiHub":{"name":"mdaihub","namespace":"mdai"},"namespace":"mdai","name":"mdaihub","reconcileID":"9a0d2849-e0a9-400f-9279-7d737f179254","key":"name_template"}
{"level":"info","timestamp":"2026-02-27T00:57:38.076Z","msg":"No value found in storage","key":"variable/mdaihub/name_template"}
{"level":"info","timestamp":"2026-02-27T00:57:38.076Z","msg":"Deleting old valkey keys","controller":"mdaihub","controllerGroup":"hub.mydecisive.ai","controllerKind":"MdaiHub","MdaiHub":{"name":"mdaihub","namespace":"mdai"},"namespace":"mdai","name":"mdaihub","reconcileID":"9a0d2849-e0a9-400f-9279-7d737f179254","valkeyKeysToKeep":{"address_regex":{},"address_template":{},"cc_regex":{},"cc_template":{},"email_regex":{},"email_template":{},"fields_to_hash":{},"fields_to_redact":{},"name_regex":{},"name_template":{},"phone_regex":{},"phone_template":{},"ssn_regex":{},"ssn_template":{}}}
{"level":"info","timestamp":"2026-02-27T00:57:38.080Z","msg":"Successfully created or updated ConfigMap","controller":"mdaihub","controllerGroup":"hub.mydecisive.ai","controllerKind":"MdaiHub","MdaiHub":{"name":"mdaihub","namespace":"mdai"},"namespace":"mdai","name":"mdaihub","reconcileID":"9a0d2849-e0a9-400f-9279-7d737f179254","name":"mdaihub-manual-variables","namespace":"mdai","operation":"created"}
{"level":"info","timestamp":"2026-02-27T00:57:38.080Z","msg":"<CreateFunc> mdaihub-manual-variables ignored"}
{"level":"info","timestamp":"2026-02-27T00:57:38.081Z","msg":"Successfully created or updated ConfigMap","controller":"mdaihub","controllerGroup":"hub.mydecisive.ai","controllerKind":"MdaiHub","MdaiHub":{"name":"mdaihub","namespace":"mdai"},"namespace":"mdai","name":"mdaihub","reconcileID":"9a0d2849-e0a9-400f-9279-7d737f179254","name":"mdaihub-variables","namespace":"mdai","operation":"updated"}
{"level":"info","timestamp":"2026-02-27T00:57:38.081Z","msg":"<UpdateFunc> mdaihub-variables shouldReconcile: false"}
{"level":"info","timestamp":"2026-02-27T00:57:38.081Z","msg":"Successfully created or updated ConfigMap","controller":"mdaihub","controllerGroup":"hub.mydecisive.ai","controllerKind":"MdaiHub","MdaiHub":{"name":"mdaihub","namespace":"mdai"},"namespace":"mdai","name":"mdaihub","reconcileID":"9a0d2849-e0a9-400f-9279-7d737f179254","name":"mdaihub-variables","namespace":"mdai","operation":"unchanged"}
{"level":"info","timestamp":"2026-02-27T00:57:38.081Z","msg":"Successfully created or updated ConfigMap","controller":"mdaihub","controllerGroup":"hub.mydecisive.ai","controllerKind":"MdaiHub","MdaiHub":{"name":"mdaihub","namespace":"mdai"},"namespace":"mdai","name":"mdaihub","reconcileID":"9a0d2849-e0a9-400f-9279-7d737f179254","name":"mdaihub-variables","namespace":"mdai","operation":"unchanged"}
{"level":"info","timestamp":"2026-02-27T00:57:38.082Z","msg":"Triggering restart of OpenTelemetry Collector","controller":"mdaihub","controllerGroup":"hub.mydecisive.ai","controllerKind":"MdaiHub","MdaiHub":{"name":"mdaihub","namespace":"mdai"},"namespace":"mdai","name":"mdaihub","reconcileID":"9a0d2849-e0a9-400f-9279-7d737f179254","name":"gateway-datadog"}
{"level":"warn","timestamp":"2026-02-27T00:57:38.091Z","msg":"VALKEY_AUDIT_STREAM_EXPIRY_MS is deprecated; use VALKEY_AUDIT_STREAM_RETENTION","retention":2592000,"stacktrace":"github.com/decisiveai/mdai-data-core/audit.getStreamRetention\n\tgithub.com/decisiveai/mdai-data-core@v0.2.9/audit/adapter.go:241\ngithub.com/decisiveai/mdai-data-core/audit.NewAuditAdapter\n\tgithub.com/decisiveai/mdai-data-core@v0.2.9/audit/adapter.go:54\ngithub.com/decisiveai/mdai-operator/internal/controller.HubAdapter.restartCollectorAndAudit\n\tgithub.com/decisiveai/mdai-operator/internal/controller/hub_adapter.go:427\ngithub.com/decisiveai/mdai-operator/internal/controller.HubAdapter.syncComputedConfigMapsAndRestart\n\tgithub.com/decisiveai/mdai-operator/internal/controller/hub_adapter.go:458\ngithub.com/decisiveai/mdai-operator/internal/controller.HubAdapter.ensureVariableSynchronized\n\tgithub.com/decisiveai/mdai-operator/internal/controller/hub_adapter.go:507\ngithub.com/decisiveai/mdai-operator/internal/controller.(*MdaiHubReconciler).ReconcileHandler\n\tgithub.com/decisiveai/mdai-operator/internal/controller/mdaihub_controller.go:113\ngithub.com/decisiveai/mdai-operator/internal/controller.(*MdaiHubReconciler).Reconcile\n\tgithub.com/decisiveai/mdai-operator/internal/controller/mdaihub_controller.go:87\nsigs.k8s.io/controller-runtime/pkg/internal/controller.(*Controller[...]).Reconcile\n\tsigs.k8s.io/controller-runtime@v0.20.4/pkg/internal/controller/controller.go:119\nsigs.k8s.io/controller-runtime/pkg/internal/controller.(*Controller[...]).reconcileHandler\n\tsigs.k8s.io/controller-runtime@v0.20.4/pkg/internal/controller/controller.go:334\nsigs.k8s.io/controller-runtime/pkg/internal/controller.(*Controller[...]).processNextWorkItem\n\tsigs.k8s.io/controller-runtime@v0.20.4/pkg/internal/controller/controller.go:294\nsigs.k8s.io/controller-runtime/pkg/internal/controller.(*Controller[...]).Start.func2.2\n\tsigs.k8s.io/controller-runtime@v0.20.4/pkg/internal/controller/controller.go:255"}
{"level":"info","timestamp":"2026-02-27T00:57:38.091Z","msg":"AUDIT: Triggering restart of OpenTelemetry Collector","controller":"mdaihub","controllerGroup":"hub.mydecisive.ai","controllerKind":"MdaiHub","MdaiHub":{"name":"mdaihub","namespace":"mdai"},"namespace":"mdai","name":"mdaihub","reconcileID":"9a0d2849-e0a9-400f-9279-7d737f179254","mdai-logstream":"audit","FIELDS_TO_REDACT":"","FIELDS_TO_HASH":"","type":"collector_restart","timestamp":"2026-02-27T00:57:38Z","hub_name":"mdaihub"}
{"level":"info","timestamp":"2026-02-27T00:57:38.091Z","msg":"Triggering restart of OpenTelemetry Collector","controller":"mdaihub","controllerGroup":"hub.mydecisive.ai","controllerKind":"MdaiHub","MdaiHub":{"name":"mdaihub","namespace":"mdai"},"namespace":"mdai","name":"mdaihub","reconcileID":"9a0d2849-e0a9-400f-9279-7d737f179254","name":"gateway-dynamic-filtration"}
{"level":"warn","timestamp":"2026-02-27T00:57:38.097Z","msg":"VALKEY_AUDIT_STREAM_EXPIRY_MS is deprecated; use VALKEY_AUDIT_STREAM_RETENTION","retention":2592000,"stacktrace":"github.com/decisiveai/mdai-data-core/audit.getStreamRetention\n\tgithub.com/decisiveai/mdai-data-core@v0.2.9/audit/adapter.go:241\ngithub.com/decisiveai/mdai-data-core/audit.NewAuditAdapter\n\tgithub.com/decisiveai/mdai-data-core@v0.2.9/audit/adapter.go:54\ngithub.com/decisiveai/mdai-operator/internal/controller.HubAdapter.restartCollectorAndAudit\n\tgithub.com/decisiveai/mdai-operator/internal/controller/hub_adapter.go:427\ngithub.com/decisiveai/mdai-operator/internal/controller.HubAdapter.syncComputedConfigMapsAndRestart\n\tgithub.com/decisiveai/mdai-operator/internal/controller/hub_adapter.go:458\ngithub.com/decisiveai/mdai-operator/internal/controller.HubAdapter.ensureVariableSynchronized\n\tgithub.com/decisiveai/mdai-operator/internal/controller/hub_adapter.go:507\ngithub.com/decisiveai/mdai-operator/internal/controller.(*MdaiHubReconciler).ReconcileHandler\n\tgithub.com/decisiveai/mdai-operator/internal/controller/mdaihub_controller.go:113\ngithub.com/decisiveai/mdai-operator/internal/controller.(*MdaiHubReconciler).Reconcile\n\tgithub.com/decisiveai/mdai-operator/internal/controller/mdaihub_controller.go:87\nsigs.k8s.io/controller-runtime/pkg/internal/controller.(*Controller[...]).Reconcile\n\tsigs.k8s.io/controller-runtime@v0.20.4/pkg/internal/controller/controller.go:119\nsigs.k8s.io/controller-runtime/pkg/internal/controller.(*Controller[...]).reconcileHandler\n\tsigs.k8s.io/controller-runtime@v0.20.4/pkg/internal/controller/controller.go:334\nsigs.k8s.io/controller-runtime/pkg/internal/controller.(*Controller[...]).processNextWorkItem\n\tsigs.k8s.io/controller-runtime@v0.20.4/pkg/internal/controller/controller.go:294\nsigs.k8s.io/controller-runtime/pkg/internal/controller.(*Controller[...]).Start.func2.2\n\tsigs.k8s.io/controller-runtime@v0.20.4/pkg/internal/controller/controller.go:255"}
{"level":"info","timestamp":"2026-02-27T00:57:38.097Z","msg":"AUDIT: Triggering restart of OpenTelemetry Collector","controller":"mdaihub","controllerGroup":"hub.mydecisive.ai","controllerKind":"MdaiHub","MdaiHub":{"name":"mdaihub","namespace":"mdai"},"namespace":"mdai","name":"mdaihub","reconcileID":"9a0d2849-e0a9-400f-9279-7d737f179254","mdai-logstream":"audit","type":"collector_restart","timestamp":"2026-02-27T00:57:38Z","hub_name":"mdaihub","FIELDS_TO_REDACT":"","FIELDS_TO_HASH":""}
{"level":"info","timestamp":"2026-02-27T00:57:38.098Z","msg":"Triggering restart of OpenTelemetry Collector","controller":"mdaihub","controllerGroup":"hub.mydecisive.ai","controllerKind":"MdaiHub","MdaiHub":{"name":"mdaihub","namespace":"mdai"},"namespace":"mdai","name":"mdaihub","reconcileID":"9a0d2849-e0a9-400f-9279-7d737f179254","name":"gateway-pii"}
{"level":"warn","timestamp":"2026-02-27T00:57:38.106Z","msg":"VALKEY_AUDIT_STREAM_EXPIRY_MS is deprecated; use VALKEY_AUDIT_STREAM_RETENTION","retention":2592000,"stacktrace":"github.com/decisiveai/mdai-data-core/audit.getStreamRetention\n\tgithub.com/decisiveai/mdai-data-core@v0.2.9/audit/adapter.go:241\ngithub.com/decisiveai/mdai-data-core/audit.NewAuditAdapter\n\tgithub.com/decisiveai/mdai-data-core@v0.2.9/audit/adapter.go:54\ngithub.com/decisiveai/mdai-operator/internal/controller.HubAdapter.restartCollectorAndAudit\n\tgithub.com/decisiveai/mdai-operator/internal/controller/hub_adapter.go:427\ngithub.com/decisiveai/mdai-operator/internal/controller.HubAdapter.syncComputedConfigMapsAndRestart\n\tgithub.com/decisiveai/mdai-operator/internal/controller/hub_adapter.go:458\ngithub.com/decisiveai/mdai-operator/internal/controller.HubAdapter.ensureVariableSynchronized\n\tgithub.com/decisiveai/mdai-operator/internal/controller/hub_adapter.go:507\ngithub.com/decisiveai/mdai-operator/internal/controller.(*MdaiHubReconciler).ReconcileHandler\n\tgithub.com/decisiveai/mdai-operator/internal/controller/mdaihub_controller.go:113\ngithub.com/decisiveai/mdai-operator/internal/controller.(*MdaiHubReconciler).Reconcile\n\tgithub.com/decisiveai/mdai-operator/internal/controller/mdaihub_controller.go:87\nsigs.k8s.io/controller-runtime/pkg/internal/controller.(*Controller[...]).Reconcile\n\tsigs.k8s.io/controller-runtime@v0.20.4/pkg/internal/controller/controller.go:119\nsigs.k8s.io/controller-runtime/pkg/internal/controller.(*Controller[...]).reconcileHandler\n\tsigs.k8s.io/controller-runtime@v0.20.4/pkg/internal/controller/controller.go:334\nsigs.k8s.io/controller-runtime/pkg/internal/controller.(*Controller[...]).processNextWorkItem\n\tsigs.k8s.io/controller-runtime@v0.20.4/pkg/internal/controller/controller.go:294\nsigs.k8s.io/controller-runtime/pkg/internal/controller.(*Controller[...]).Start.func2.2\n\tsigs.k8s.io/controller-runtime@v0.20.4/pkg/internal/controller/controller.go:255"}
{"level":"info","timestamp":"2026-02-27T00:57:38.106Z","msg":"AUDIT: Triggering restart of OpenTelemetry Collector","controller":"mdaihub","controllerGroup":"hub.mydecisive.ai","controllerKind":"MdaiHub","MdaiHub":{"name":"mdaihub","namespace":"mdai"},"namespace":"mdai","name":"mdaihub","reconcileID":"9a0d2849-e0a9-400f-9279-7d737f179254","mdai-logstream":"audit","FIELDS_TO_HASH":"","type":"collector_restart","timestamp":"2026-02-27T00:57:38Z","hub_name":"mdaihub","FIELDS_TO_REDACT":""}
{"level":"info","timestamp":"2026-02-27T00:57:38.108Z","msg":"Status set to done for mdai hub","controller":"mdaihub","controllerGroup":"hub.mydecisive.ai","controllerKind":"MdaiHub","MdaiHub":{"name":"mdaihub","namespace":"mdai"},"namespace":"mdai","name":"mdaihub","reconcileID":"9a0d2849-e0a9-400f-9279-7d737f179254","mdaiHub":"mdaihub"}
{"level":"info","timestamp":"2026-02-27T00:57:38.108Z","msg":"-- Finished MdaiHub reconciliation --","controller":"mdaihub","controllerGroup":"hub.mydecisive.ai","controllerKind":"MdaiHub","MdaiHub":{"name":"mdaihub","namespace":"mdai"},"namespace":"mdai","name":"mdaihub","reconcileID":"9a0d2849-e0a9-400f-9279-7d737f179254"}
{"level":"info","timestamp":"2026-02-27T00:57:38.109Z","msg":"-- Starting MdaiHub reconciliation --","controller":"mdaihub","controllerGroup":"hub.mydecisive.ai","controllerKind":"MdaiHub","MdaiHub":{"name":"mdaihub","namespace":"mdai"},"namespace":"mdai","name":"mdaihub","reconcileID":"f46c1d88-1bfb-46b2-b747-c024c8fbc27d","namespace":{"name":"mdaihub","namespace":"mdai"},"name":"mdaihub"}
{"level":"info","timestamp":"2026-02-27T00:57:38.109Z","msg":"EnsurePrometheusRuleSynchronized","controller":"mdaihub","controllerGroup":"hub.mydecisive.ai","controllerKind":"MdaiHub","MdaiHub":{"name":"mdaihub","namespace":"mdai"},"namespace":"mdai","name":"mdaihub","reconcileID":"f46c1d88-1bfb-46b2-b747-c024c8fbc27d"}
{"level":"info","timestamp":"2026-02-27T00:57:38.109Z","msg":"No evaluations found, skipping PrometheusRule creation","controller":"mdaihub","controllerGroup":"hub.mydecisive.ai","controllerKind":"MdaiHub","MdaiHub":{"name":"mdaihub","namespace":"mdai"},"namespace":"mdai","name":"mdaihub","reconcileID":"f46c1d88-1bfb-46b2-b747-c024c8fbc27d"}
{"level":"info","timestamp":"2026-02-27T00:57:38.109Z","msg":"No automations defined in the MDAI CR","controller":"mdaihub","controllerGroup":"hub.mydecisive.ai","controllerKind":"MdaiHub","MdaiHub":{"name":"mdaihub","namespace":"mdai"},"namespace":"mdai","name":"mdaihub","reconcileID":"f46c1d88-1bfb-46b2-b747-c024c8fbc27d","name":"mdaihub"}
{"level":"info","timestamp":"2026-02-27T00:57:38.109Z","msg":"Deleting ConfigMap","controller":"mdaihub","controllerGroup":"hub.mydecisive.ai","controllerKind":"MdaiHub","MdaiHub":{"name":"mdaihub","namespace":"mdai"},"namespace":"mdai","name":"mdaihub","reconcileID":"f46c1d88-1bfb-46b2-b747-c024c8fbc27d","name":"mdaihub-automation","namespace":"mdai"}
{"level":"info","timestamp":"2026-02-27T00:57:38.109Z","msg":"ConfigMap not found, skipping deletion","controller":"mdaihub","controllerGroup":"hub.mydecisive.ai","controllerKind":"MdaiHub","MdaiHub":{"name":"mdaihub","namespace":"mdai"},"namespace":"mdai","name":"mdaihub","reconcileID":"f46c1d88-1bfb-46b2-b747-c024c8fbc27d","name":"mdaihub-automation","namespace":"mdai"}
{"level":"info","timestamp":"2026-02-27T00:57:38.109Z","msg":"No variables found in the CR, skipping variable synchronization","controller":"mdaihub","controllerGroup":"hub.mydecisive.ai","controllerKind":"MdaiHub","MdaiHub":{"name":"mdaihub","namespace":"mdai"},"namespace":"mdai","name":"mdaihub","reconcileID":"f46c1d88-1bfb-46b2-b747-c024c8fbc27d"}
{"level":"info","timestamp":"2026-02-27T00:57:38.111Z","msg":"Status set to done for mdai hub","controller":"mdaihub","controllerGroup":"hub.mydecisive.ai","controllerKind":"MdaiHub","MdaiHub":{"name":"mdaihub","namespace":"mdai"},"namespace":"mdai","name":"mdaihub","reconcileID":"f46c1d88-1bfb-46b2-b747-c024c8fbc27d","mdaiHub":"mdaihub"}
{"level":"info","timestamp":"2026-02-27T00:57:38.111Z","msg":"-- Finished MdaiHub reconciliation --","controller":"mdaihub","controllerGroup":"hub.mydecisive.ai","controllerKind":"MdaiHub","MdaiHub":{"name":"mdaihub","namespace":"mdai"},"namespace":"mdai","name":"mdaihub","reconcileID":"f46c1d88-1bfb-46b2-b747-c024c8fbc27d"}
{"level":"info","timestamp":"2026-02-27T00:57:39.046Z","logger":"mdaihub-resource","msg":"Defaulting for MdaiHub","name":"mdaihub"}
{"level":"info","timestamp":"2026-02-27T00:57:39.047Z","logger":"mdaihub-resource","msg":"Validation for MdaiHub upon update","name":"mdaihub"}
{"level":"info","timestamp":"2026-02-27T00:57:39.049Z","msg":"-- Starting MdaiHub reconciliation --","controller":"mdaihub","controllerGroup":"hub.mydecisive.ai","controllerKind":"MdaiHub","MdaiHub":{"name":"mdaihub","namespace":"mdai"},"namespace":"mdai","name":"mdaihub","reconcileID":"01f5bc16-4de6-4d16-9203-061238166e83","namespace":{"name":"mdaihub","namespace":"mdai"},"name":"mdaihub"}
{"level":"info","timestamp":"2026-02-27T00:57:39.049Z","msg":"EnsurePrometheusRuleSynchronized","controller":"mdaihub","controllerGroup":"hub.mydecisive.ai","controllerKind":"MdaiHub","MdaiHub":{"name":"mdaihub","namespace":"mdai"},"namespace":"mdai","name":"mdaihub","reconcileID":"01f5bc16-4de6-4d16-9203-061238166e83"}
{"level":"info","timestamp":"2026-02-27T00:57:39.051Z","msg":"Created new PrometheusRule","controller":"mdaihub","controllerGroup":"hub.mydecisive.ai","controllerKind":"MdaiHub","MdaiHub":{"name":"mdaihub","namespace":"mdai"},"namespace":"mdai","name":"mdaihub","reconcileID":"01f5bc16-4de6-4d16-9203-061238166e83","prometheus_rule_name":"mdai-mdaihub-alert-rules"}
{"level":"info","timestamp":"2026-02-27T00:57:39.056Z","msg":"Creating or updating ConfigMap for automations","controller":"mdaihub","controllerGroup":"hub.mydecisive.ai","controllerKind":"MdaiHub","MdaiHub":{"name":"mdaihub","namespace":"mdai"},"namespace":"mdai","name":"mdaihub","reconcileID":"01f5bc16-4de6-4d16-9203-061238166e83","name":"mdaihub"}
{"level":"info","timestamp":"2026-02-27T00:57:39.058Z","msg":"Successfully created or updated ConfigMap","controller":"mdaihub","controllerGroup":"hub.mydecisive.ai","controllerKind":"MdaiHub","MdaiHub":{"name":"mdaihub","namespace":"mdai"},"namespace":"mdai","name":"mdaihub","reconcileID":"01f5bc16-4de6-4d16-9203-061238166e83","name":"mdaihub-automation","namespace":"mdai","operation":"created"}
{"level":"info","timestamp":"2026-02-27T00:57:39.058Z","msg":"Successfully created ConfigMap for automations","controller":"mdaihub","controllerGroup":"hub.mydecisive.ai","controllerKind":"MdaiHub","MdaiHub":{"name":"mdaihub","namespace":"mdai"},"namespace":"mdai","name":"mdaihub","reconcileID":"01f5bc16-4de6-4d16-9203-061238166e83","name":"mdaihub"}
{"level":"info","timestamp":"2026-02-27T00:57:39.058Z","msg":"Processing variable","controller":"mdaihub","controllerGroup":"hub.mydecisive.ai","controllerKind":"MdaiHub","MdaiHub":{"name":"mdaihub","namespace":"mdai"},"namespace":"mdai","name":"mdaihub","reconcileID":"01f5bc16-4de6-4d16-9203-061238166e83","key":"service_list"}
{"level":"info","timestamp":"2026-02-27T00:57:39.058Z","msg":"<CreateFunc> mdaihub-automation ignored"}
{"level":"info","timestamp":"2026-02-27T00:57:39.058Z","msg":"Data received for variable/mdaihub/service_list: []"}
{"level":"info","timestamp":"2026-02-27T00:57:39.058Z","msg":"Processing variable","controller":"mdaihub","controllerGroup":"hub.mydecisive.ai","controllerKind":"MdaiHub","MdaiHub":{"name":"mdaihub","namespace":"mdai"},"namespace":"mdai","name":"mdaihub","reconcileID":"01f5bc16-4de6-4d16-9203-061238166e83","key":"alerting_data_type"}
{"level":"info","timestamp":"2026-02-27T00:57:39.058Z","msg":"No value found in storage","key":"variable/mdaihub/alerting_data_type"}
{"level":"info","timestamp":"2026-02-27T00:57:39.058Z","msg":"Processing variable","controller":"mdaihub","controllerGroup":"hub.mydecisive.ai","controllerKind":"MdaiHub","MdaiHub":{"name":"mdaihub","namespace":"mdai"},"namespace":"mdai","name":"mdaihub","reconcileID":"01f5bc16-4de6-4d16-9203-061238166e83","key":"alerting_triggered"}
{"level":"info","timestamp":"2026-02-27T00:57:39.058Z","msg":"No value found in storage","key":"variable/mdaihub/alerting_triggered"}
{"level":"info","timestamp":"2026-02-27T00:57:39.058Z","msg":"Deleting old valkey keys","controller":"mdaihub","controllerGroup":"hub.mydecisive.ai","controllerKind":"MdaiHub","MdaiHub":{"name":"mdaihub","namespace":"mdai"},"namespace":"mdai","name":"mdaihub","reconcileID":"01f5bc16-4de6-4d16-9203-061238166e83","valkeyKeysToKeep":{"alerting_data_type":{},"alerting_triggered":{},"service_list":{}}}
{"level":"info","timestamp":"2026-02-27T00:57:39.059Z","msg":"No manual variables defined in the MDAI CR","controller":"mdaihub","controllerGroup":"hub.mydecisive.ai","controllerKind":"MdaiHub","MdaiHub":{"name":"mdaihub","namespace":"mdai"},"namespace":"mdai","name":"mdaihub","reconcileID":"01f5bc16-4de6-4d16-9203-061238166e83","name":"mdaihub"}
{"level":"info","timestamp":"2026-02-27T00:57:39.059Z","msg":"Deleting ConfigMap","controller":"mdaihub","controllerGroup":"hub.mydecisive.ai","controllerKind":"MdaiHub","MdaiHub":{"name":"mdaihub","namespace":"mdai"},"namespace":"mdai","name":"mdaihub","reconcileID":"01f5bc16-4de6-4d16-9203-061238166e83","name":"mdaihub-manual-variables","namespace":"mdai"}
{"level":"info","timestamp":"2026-02-27T00:57:39.063Z","msg":"<DeleteFunc> mdaihub-manual-variables ignored"}
{"level":"info","timestamp":"2026-02-27T00:57:39.064Z","msg":"<UpdateFunc> mdaihub-variables shouldReconcile: false"}
{"level":"info","timestamp":"2026-02-27T00:57:39.064Z","msg":"Successfully created or updated ConfigMap","controller":"mdaihub","controllerGroup":"hub.mydecisive.ai","controllerKind":"MdaiHub","MdaiHub":{"name":"mdaihub","namespace":"mdai"},"namespace":"mdai","name":"mdaihub","reconcileID":"01f5bc16-4de6-4d16-9203-061238166e83","name":"mdaihub-variables","namespace":"mdai","operation":"updated"}
{"level":"info","timestamp":"2026-02-27T00:57:39.064Z","msg":"Successfully created or updated ConfigMap","controller":"mdaihub","controllerGroup":"hub.mydecisive.ai","controllerKind":"MdaiHub","MdaiHub":{"name":"mdaihub","namespace":"mdai"},"namespace":"mdai","name":"mdaihub","reconcileID":"01f5bc16-4de6-4d16-9203-061238166e83","name":"mdaihub-variables","namespace":"mdai","operation":"unchanged"}
{"level":"info","timestamp":"2026-02-27T00:57:39.064Z","msg":"Successfully created or updated ConfigMap","controller":"mdaihub","controllerGroup":"hub.mydecisive.ai","controllerKind":"MdaiHub","MdaiHub":{"name":"mdaihub","namespace":"mdai"},"namespace":"mdai","name":"mdaihub","reconcileID":"01f5bc16-4de6-4d16-9203-061238166e83","name":"mdaihub-variables","namespace":"mdai","operation":"unchanged"}
{"level":"info","timestamp":"2026-02-27T00:57:39.064Z","msg":"Triggering restart of OpenTelemetry Collector","controller":"mdaihub","controllerGroup":"hub.mydecisive.ai","controllerKind":"MdaiHub","MdaiHub":{"name":"mdaihub","namespace":"mdai"},"namespace":"mdai","name":"mdaihub","reconcileID":"01f5bc16-4de6-4d16-9203-061238166e83","name":"gateway-datadog"}
{"level":"warn","timestamp":"2026-02-27T00:57:39.073Z","msg":"VALKEY_AUDIT_STREAM_EXPIRY_MS is deprecated; use VALKEY_AUDIT_STREAM_RETENTION","retention":2592000,"stacktrace":"github.com/decisiveai/mdai-data-core/audit.getStreamRetention\n\tgithub.com/decisiveai/mdai-data-core@v0.2.9/audit/adapter.go:241\ngithub.com/decisiveai/mdai-data-core/audit.NewAuditAdapter\n\tgithub.com/decisiveai/mdai-data-core@v0.2.9/audit/adapter.go:54\ngithub.com/decisiveai/mdai-operator/internal/controller.HubAdapter.restartCollectorAndAudit\n\tgithub.com/decisiveai/mdai-operator/internal/controller/hub_adapter.go:427\ngithub.com/decisiveai/mdai-operator/internal/controller.HubAdapter.syncComputedConfigMapsAndRestart\n\tgithub.com/decisiveai/mdai-operator/internal/controller/hub_adapter.go:458\ngithub.com/decisiveai/mdai-operator/internal/controller.HubAdapter.ensureVariableSynchronized\n\tgithub.com/decisiveai/mdai-operator/internal/controller/hub_adapter.go:507\ngithub.com/decisiveai/mdai-operator/internal/controller.(*MdaiHubReconciler).ReconcileHandler\n\tgithub.com/decisiveai/mdai-operator/internal/controller/mdaihub_controller.go:113\ngithub.com/decisiveai/mdai-operator/internal/controller.(*MdaiHubReconciler).Reconcile\n\tgithub.com/decisiveai/mdai-operator/internal/controller/mdaihub_controller.go:87\nsigs.k8s.io/controller-runtime/pkg/internal/controller.(*Controller[...]).Reconcile\n\tsigs.k8s.io/controller-runtime@v0.20.4/pkg/internal/controller/controller.go:119\nsigs.k8s.io/controller-runtime/pkg/internal/controller.(*Controller[...]).reconcileHandler\n\tsigs.k8s.io/controller-runtime@v0.20.4/pkg/internal/controller/controller.go:334\nsigs.k8s.io/controller-runtime/pkg/internal/controller.(*Controller[...]).processNextWorkItem\n\tsigs.k8s.io/controller-runtime@v0.20.4/pkg/internal/controller/controller.go:294\nsigs.k8s.io/controller-runtime/pkg/internal/controller.(*Controller[...]).Start.func2.2\n\tsigs.k8s.io/controller-runtime@v0.20.4/pkg/internal/controller/controller.go:255"}
{"level":"info","timestamp":"2026-02-27T00:57:39.073Z","msg":"AUDIT: Triggering restart of OpenTelemetry Collector","controller":"mdaihub","controllerGroup":"hub.mydecisive.ai","controllerKind":"MdaiHub","MdaiHub":{"name":"mdaihub","namespace":"mdai"},"namespace":"mdai","name":"mdaihub","reconcileID":"01f5bc16-4de6-4d16-9203-061238166e83","mdai-logstream":"audit","type":"collector_restart","timestamp":"2026-02-27T00:57:39Z","hub_name":"mdaihub","SERVICE_LIST_REGEX":""}
{"level":"info","timestamp":"2026-02-27T00:57:39.073Z","msg":"Triggering restart of OpenTelemetry Collector","controller":"mdaihub","controllerGroup":"hub.mydecisive.ai","controllerKind":"MdaiHub","MdaiHub":{"name":"mdaihub","namespace":"mdai"},"namespace":"mdai","name":"mdaihub","reconcileID":"01f5bc16-4de6-4d16-9203-061238166e83","name":"gateway-dynamic-filtration"}
{"level":"warn","timestamp":"2026-02-27T00:57:39.079Z","msg":"VALKEY_AUDIT_STREAM_EXPIRY_MS is deprecated; use VALKEY_AUDIT_STREAM_RETENTION","retention":2592000,"stacktrace":"github.com/decisiveai/mdai-data-core/audit.getStreamRetention\n\tgithub.com/decisiveai/mdai-data-core@v0.2.9/audit/adapter.go:241\ngithub.com/decisiveai/mdai-data-core/audit.NewAuditAdapter\n\tgithub.com/decisiveai/mdai-data-core@v0.2.9/audit/adapter.go:54\ngithub.com/decisiveai/mdai-operator/internal/controller.HubAdapter.restartCollectorAndAudit\n\tgithub.com/decisiveai/mdai-operator/internal/controller/hub_adapter.go:427\ngithub.com/decisiveai/mdai-operator/internal/controller.HubAdapter.syncComputedConfigMapsAndRestart\n\tgithub.com/decisiveai/mdai-operator/internal/controller/hub_adapter.go:458\ngithub.com/decisiveai/mdai-operator/internal/controller.HubAdapter.ensureVariableSynchronized\n\tgithub.com/decisiveai/mdai-operator/internal/controller/hub_adapter.go:507\ngithub.com/decisiveai/mdai-operator/internal/controller.(*MdaiHubReconciler).ReconcileHandler\n\tgithub.com/decisiveai/mdai-operator/internal/controller/mdaihub_controller.go:113\ngithub.com/decisiveai/mdai-operator/internal/controller.(*MdaiHubReconciler).Reconcile\n\tgithub.com/decisiveai/mdai-operator/internal/controller/mdaihub_controller.go:87\nsigs.k8s.io/controller-runtime/pkg/internal/controller.(*Controller[...]).Reconcile\n\tsigs.k8s.io/controller-runtime@v0.20.4/pkg/internal/controller/controller.go:119\nsigs.k8s.io/controller-runtime/pkg/internal/controller.(*Controller[...]).reconcileHandler\n\tsigs.k8s.io/controller-runtime@v0.20.4/pkg/internal/controller/controller.go:334\nsigs.k8s.io/controller-runtime/pkg/internal/controller.(*Controller[...]).processNextWorkItem\n\tsigs.k8s.io/controller-runtime@v0.20.4/pkg/internal/controller/controller.go:294\nsigs.k8s.io/controller-runtime/pkg/internal/controller.(*Controller[...]).Start.func2.2\n\tsigs.k8s.io/controller-runtime@v0.20.4/pkg/internal/controller/controller.go:255"}
{"level":"info","timestamp":"2026-02-27T00:57:39.079Z","msg":"AUDIT: Triggering restart of OpenTelemetry Collector","controller":"mdaihub","controllerGroup":"hub.mydecisive.ai","controllerKind":"MdaiHub","MdaiHub":{"name":"mdaihub","namespace":"mdai"},"namespace":"mdai","name":"mdaihub","reconcileID":"01f5bc16-4de6-4d16-9203-061238166e83","mdai-logstream":"audit","SERVICE_LIST_REGEX":"","type":"collector_restart","timestamp":"2026-02-27T00:57:39Z","hub_name":"mdaihub"}
{"level":"info","timestamp":"2026-02-27T00:57:39.079Z","msg":"Triggering restart of OpenTelemetry Collector","controller":"mdaihub","controllerGroup":"hub.mydecisive.ai","controllerKind":"MdaiHub","MdaiHub":{"name":"mdaihub","namespace":"mdai"},"namespace":"mdai","name":"mdaihub","reconcileID":"01f5bc16-4de6-4d16-9203-061238166e83","name":"gateway-pii"}
{"level":"warn","timestamp":"2026-02-27T00:57:39.085Z","msg":"VALKEY_AUDIT_STREAM_EXPIRY_MS is deprecated; use VALKEY_AUDIT_STREAM_RETENTION","retention":2592000,"stacktrace":"github.com/decisiveai/mdai-data-core/audit.getStreamRetention\n\tgithub.com/decisiveai/mdai-data-core@v0.2.9/audit/adapter.go:241\ngithub.com/decisiveai/mdai-data-core/audit.NewAuditAdapter\n\tgithub.com/decisiveai/mdai-data-core@v0.2.9/audit/adapter.go:54\ngithub.com/decisiveai/mdai-operator/internal/controller.HubAdapter.restartCollectorAndAudit\n\tgithub.com/decisiveai/mdai-operator/internal/controller/hub_adapter.go:427\ngithub.com/decisiveai/mdai-operator/internal/controller.HubAdapter.syncComputedConfigMapsAndRestart\n\tgithub.com/decisiveai/mdai-operator/internal/controller/hub_adapter.go:458\ngithub.com/decisiveai/mdai-operator/internal/controller.HubAdapter.ensureVariableSynchronized\n\tgithub.com/decisiveai/mdai-operator/internal/controller/hub_adapter.go:507\ngithub.com/decisiveai/mdai-operator/internal/controller.(*MdaiHubReconciler).ReconcileHandler\n\tgithub.com/decisiveai/mdai-operator/internal/controller/mdaihub_controller.go:113\ngithub.com/decisiveai/mdai-operator/internal/controller.(*MdaiHubReconciler).Reconcile\n\tgithub.com/decisiveai/mdai-operator/internal/controller/mdaihub_controller.go:87\nsigs.k8s.io/controller-runtime/pkg/internal/controller.(*Controller[...]).Reconcile\n\tsigs.k8s.io/controller-runtime@v0.20.4/pkg/internal/controller/controller.go:119\nsigs.k8s.io/controller-runtime/pkg/internal/controller.(*Controller[...]).reconcileHandler\n\tsigs.k8s.io/controller-runtime@v0.20.4/pkg/internal/controller/controller.go:334\nsigs.k8s.io/controller-runtime/pkg/internal/controller.(*Controller[...]).processNextWorkItem\n\tsigs.k8s.io/controller-runtime@v0.20.4/pkg/internal/controller/controller.go:294\nsigs.k8s.io/controller-runtime/pkg/internal/controller.(*Controller[...]).Start.func2.2\n\tsigs.k8s.io/controller-runtime@v0.20.4/pkg/internal/controller/controller.go:255"}
{"level":"info","timestamp":"2026-02-27T00:57:39.085Z","msg":"AUDIT: Triggering restart of OpenTelemetry Collector","controller":"mdaihub","controllerGroup":"hub.mydecisive.ai","controllerKind":"MdaiHub","MdaiHub":{"name":"mdaihub","namespace":"mdai"},"namespace":"mdai","name":"mdaihub","reconcileID":"01f5bc16-4de6-4d16-9203-061238166e83","mdai-logstream":"audit","type":"collector_restart","timestamp":"2026-02-27T00:57:39Z","hub_name":"mdaihub","SERVICE_LIST_REGEX":""}
{"level":"info","timestamp":"2026-02-27T00:57:39.087Z","msg":"Status set to done for mdai hub","controller":"mdaihub","controllerGroup":"hub.mydecisive.ai","controllerKind":"MdaiHub","MdaiHub":{"name":"mdaihub","namespace":"mdai"},"namespace":"mdai","name":"mdaihub","reconcileID":"01f5bc16-4de6-4d16-9203-061238166e83","mdaiHub":"mdaihub"}
{"level":"info","timestamp":"2026-02-27T00:57:39.087Z","msg":"-- Finished MdaiHub reconciliation --","controller":"mdaihub","controllerGroup":"hub.mydecisive.ai","controllerKind":"MdaiHub","MdaiHub":{"name":"mdaihub","namespace":"mdai"},"namespace":"mdai","name":"mdaihub","reconcileID":"01f5bc16-4de6-4d16-9203-061238166e83"}
{"level":"info","timestamp":"2026-02-27T00:57:44.077Z","logger":"mdaihub-resource","msg":"Defaulting for MdaiHub","name":"mdaihub"}
{"level":"info","timestamp":"2026-02-27T00:57:44.078Z","logger":"mdaihub-resource","msg":"Defaulting for MdaiHub","name":"mdaihub"}
{"level":"info","timestamp":"2026-02-27T00:57:44.078Z","logger":"mdaihub-resource","msg":"Validation for MdaiHub upon update","name":"mdaihub"}
{"level":"info","timestamp":"2026-02-27T00:57:44.079Z","logger":"mdaihub-resource","msg":"Validation for MdaiHub upon update","name":"mdaihub"}
{"level":"info","timestamp":"2026-02-27T00:57:44.080Z","msg":"-- Starting MdaiHub reconciliation --","controller":"mdaihub","controllerGroup":"hub.mydecisive.ai","controllerKind":"MdaiHub","MdaiHub":{"name":"mdaihub","namespace":"mdai"},"namespace":"mdai","name":"mdaihub","reconcileID":"28706d94-a9a3-49cd-a12e-0c2df4421ea4","namespace":{"name":"mdaihub","namespace":"mdai"},"name":"mdaihub"}
{"level":"info","timestamp":"2026-02-27T00:57:44.080Z","msg":"EnsurePrometheusRuleSynchronized","controller":"mdaihub","controllerGroup":"hub.mydecisive.ai","controllerKind":"MdaiHub","MdaiHub":{"name":"mdaihub","namespace":"mdai"},"namespace":"mdai","name":"mdaihub","reconcileID":"28706d94-a9a3-49cd-a12e-0c2df4421ea4"}
{"level":"info","timestamp":"2026-02-27T00:57:44.080Z","msg":"No evaluations found, skipping PrometheusRule creation","controller":"mdaihub","controllerGroup":"hub.mydecisive.ai","controllerKind":"MdaiHub","MdaiHub":{"name":"mdaihub","namespace":"mdai"},"namespace":"mdai","name":"mdaihub","reconcileID":"28706d94-a9a3-49cd-a12e-0c2df4421ea4"}
{"level":"info","timestamp":"2026-02-27T00:57:44.080Z","msg":"Removing existing rules","controller":"mdaihub","controllerGroup":"hub.mydecisive.ai","controllerKind":"MdaiHub","MdaiHub":{"name":"mdaihub","namespace":"mdai"},"namespace":"mdai","name":"mdaihub","reconcileID":"28706d94-a9a3-49cd-a12e-0c2df4421ea4"}
{"level":"info","timestamp":"2026-02-27T00:57:44.080Z","logger":"mdaihub-resource","msg":"Defaulting for MdaiHub","name":"mdaihub"}
{"level":"info","timestamp":"2026-02-27T00:57:44.081Z","logger":"mdaihub-resource","msg":"Validation for MdaiHub upon update","name":"mdaihub"}
{"level":"info","timestamp":"2026-02-27T00:57:44.082Z","msg":"Deleted PrometheusRule","controller":"mdaihub","controllerGroup":"hub.mydecisive.ai","controllerKind":"MdaiHub","MdaiHub":{"name":"mdaihub","namespace":"mdai"},"namespace":"mdai","name":"mdaihub","reconcileID":"28706d94-a9a3-49cd-a12e-0c2df4421ea4","prometheus_rule_name":"mdai-mdaihub-alert-rules"}
{"level":"info","timestamp":"2026-02-27T00:57:44.082Z","msg":"No automations defined in the MDAI CR","controller":"mdaihub","controllerGroup":"hub.mydecisive.ai","controllerKind":"MdaiHub","MdaiHub":{"name":"mdaihub","namespace":"mdai"},"namespace":"mdai","name":"mdaihub","reconcileID":"28706d94-a9a3-49cd-a12e-0c2df4421ea4","name":"mdaihub"}
{"level":"info","timestamp":"2026-02-27T00:57:44.082Z","msg":"Deleting ConfigMap","controller":"mdaihub","controllerGroup":"hub.mydecisive.ai","controllerKind":"MdaiHub","MdaiHub":{"name":"mdaihub","namespace":"mdai"},"namespace":"mdai","name":"mdaihub","reconcileID":"28706d94-a9a3-49cd-a12e-0c2df4421ea4","name":"mdaihub-automation","namespace":"mdai"}
{"level":"info","timestamp":"2026-02-27T00:57:44.085Z","msg":"Processing variable","controller":"mdaihub","controllerGroup":"hub.mydecisive.ai","controllerKind":"MdaiHub","MdaiHub":{"name":"mdaihub","namespace":"mdai"},"namespace":"mdai","name":"mdaihub","reconcileID":"28706d94-a9a3-49cd-a12e-0c2df4421ea4","key":"fields_to_redact"}
{"level":"info","timestamp":"2026-02-27T00:57:44.085Z","msg":"<DeleteFunc> mdaihub-automation ignored"}
{"level":"info","timestamp":"2026-02-27T00:57:44.085Z","msg":"Data received for variable/mdaihub/fields_to_redact: []"}
{"level":"info","timestamp":"2026-02-27T00:57:44.085Z","msg":"Processing variable","controller":"mdaihub","controllerGroup":"hub.mydecisive.ai","controllerKind":"MdaiHub","MdaiHub":{"name":"mdaihub","namespace":"mdai"},"namespace":"mdai","name":"mdaihub","reconcileID":"28706d94-a9a3-49cd-a12e-0c2df4421ea4","key":"fields_to_hash"}
{"level":"info","timestamp":"2026-02-27T00:57:44.085Z","msg":"Data received for variable/mdaihub/fields_to_hash: []"}
{"level":"info","timestamp":"2026-02-27T00:57:44.085Z","msg":"Processing variable","controller":"mdaihub","controllerGroup":"hub.mydecisive.ai","controllerKind":"MdaiHub","MdaiHub":{"name":"mdaihub","namespace":"mdai"},"namespace":"mdai","name":"mdaihub","reconcileID":"28706d94-a9a3-49cd-a12e-0c2df4421ea4","key":"email_regex"}
{"level":"info","timestamp":"2026-02-27T00:57:44.085Z","msg":"No value found in storage","key":"variable/mdaihub/email_regex"}
{"level":"info","timestamp":"2026-02-27T00:57:44.085Z","msg":"Processing variable","controller":"mdaihub","controllerGroup":"hub.mydecisive.ai","controllerKind":"MdaiHub","MdaiHub":{"name":"mdaihub","namespace":"mdai"},"namespace":"mdai","name":"mdaihub","reconcileID":"28706d94-a9a3-49cd-a12e-0c2df4421ea4","key":"cc_regex"}
{"level":"info","timestamp":"2026-02-27T00:57:44.085Z","msg":"No value found in storage","key":"variable/mdaihub/cc_regex"}
{"level":"info","timestamp":"2026-02-27T00:57:44.085Z","msg":"Processing variable","controller":"mdaihub","controllerGroup":"hub.mydecisive.ai","controllerKind":"MdaiHub","MdaiHub":{"name":"mdaihub","namespace":"mdai"},"namespace":"mdai","name":"mdaihub","reconcileID":"28706d94-a9a3-49cd-a12e-0c2df4421ea4","key":"phone_regex"}
{"level":"info","timestamp":"2026-02-27T00:57:44.085Z","msg":"No value found in storage","key":"variable/mdaihub/phone_regex"}
{"level":"info","timestamp":"2026-02-27T00:57:44.085Z","msg":"Processing variable","controller":"mdaihub","controllerGroup":"hub.mydecisive.ai","controllerKind":"MdaiHub","MdaiHub":{"name":"mdaihub","namespace":"mdai"},"namespace":"mdai","name":"mdaihub","reconcileID":"28706d94-a9a3-49cd-a12e-0c2df4421ea4","key":"address_regex"}
{"level":"info","timestamp":"2026-02-27T00:57:44.085Z","msg":"No value found in storage","key":"variable/mdaihub/address_regex"}
{"level":"info","timestamp":"2026-02-27T00:57:44.085Z","msg":"Processing variable","controller":"mdaihub","controllerGroup":"hub.mydecisive.ai","controllerKind":"MdaiHub","MdaiHub":{"name":"mdaihub","namespace":"mdai"},"namespace":"mdai","name":"mdaihub","reconcileID":"28706d94-a9a3-49cd-a12e-0c2df4421ea4","key":"ssn_regex"}
{"level":"info","timestamp":"2026-02-27T00:57:44.086Z","msg":"No value found in storage","key":"variable/mdaihub/ssn_regex"}
{"level":"info","timestamp":"2026-02-27T00:57:44.086Z","msg":"Processing variable","controller":"mdaihub","controllerGroup":"hub.mydecisive.ai","controllerKind":"MdaiHub","MdaiHub":{"name":"mdaihub","namespace":"mdai"},"namespace":"mdai","name":"mdaihub","reconcileID":"28706d94-a9a3-49cd-a12e-0c2df4421ea4","key":"name_regex"}
{"level":"info","timestamp":"2026-02-27T00:57:44.086Z","msg":"No value found in storage","key":"variable/mdaihub/name_regex"}
{"level":"info","timestamp":"2026-02-27T00:57:44.086Z","msg":"Processing variable","controller":"mdaihub","controllerGroup":"hub.mydecisive.ai","controllerKind":"MdaiHub","MdaiHub":{"name":"mdaihub","namespace":"mdai"},"namespace":"mdai","name":"mdaihub","reconcileID":"28706d94-a9a3-49cd-a12e-0c2df4421ea4","key":"email_template"}
{"level":"info","timestamp":"2026-02-27T00:57:44.086Z","msg":"No value found in storage","key":"variable/mdaihub/email_template"}
{"level":"info","timestamp":"2026-02-27T00:57:44.086Z","msg":"Processing variable","controller":"mdaihub","controllerGroup":"hub.mydecisive.ai","controllerKind":"MdaiHub","MdaiHub":{"name":"mdaihub","namespace":"mdai"},"namespace":"mdai","name":"mdaihub","reconcileID":"28706d94-a9a3-49cd-a12e-0c2df4421ea4","key":"cc_template"}
{"level":"info","timestamp":"2026-02-27T00:57:44.086Z","msg":"No value found in storage","key":"variable/mdaihub/cc_template"}
{"level":"info","timestamp":"2026-02-27T00:57:44.086Z","msg":"Processing variable","controller":"mdaihub","controllerGroup":"hub.mydecisive.ai","controllerKind":"MdaiHub","MdaiHub":{"name":"mdaihub","namespace":"mdai"},"namespace":"mdai","name":"mdaihub","reconcileID":"28706d94-a9a3-49cd-a12e-0c2df4421ea4","key":"phone_template"}
{"level":"info","timestamp":"2026-02-27T00:57:44.086Z","msg":"No value found in storage","key":"variable/mdaihub/phone_template"}
{"level":"info","timestamp":"2026-02-27T00:57:44.086Z","msg":"Processing variable","controller":"mdaihub","controllerGroup":"hub.mydecisive.ai","controllerKind":"MdaiHub","MdaiHub":{"name":"mdaihub","namespace":"mdai"},"namespace":"mdai","name":"mdaihub","reconcileID":"28706d94-a9a3-49cd-a12e-0c2df4421ea4","key":"address_template"}
{"level":"info","timestamp":"2026-02-27T00:57:44.086Z","msg":"No value found in storage","key":"variable/mdaihub/address_template"}
{"level":"info","timestamp":"2026-02-27T00:57:44.086Z","msg":"Processing variable","controller":"mdaihub","controllerGroup":"hub.mydecisive.ai","controllerKind":"MdaiHub","MdaiHub":{"name":"mdaihub","namespace":"mdai"},"namespace":"mdai","name":"mdaihub","reconcileID":"28706d94-a9a3-49cd-a12e-0c2df4421ea4","key":"ssn_template"}
{"level":"info","timestamp":"2026-02-27T00:57:44.086Z","msg":"No value found in storage","key":"variable/mdaihub/ssn_template"}
{"level":"info","timestamp":"2026-02-27T00:57:44.086Z","msg":"Processing variable","controller":"mdaihub","controllerGroup":"hub.mydecisive.ai","controllerKind":"MdaiHub","MdaiHub":{"name":"mdaihub","namespace":"mdai"},"namespace":"mdai","name":"mdaihub","reconcileID":"28706d94-a9a3-49cd-a12e-0c2df4421ea4","key":"name_template"}
{"level":"info","timestamp":"2026-02-27T00:57:44.086Z","msg":"No value found in storage","key":"variable/mdaihub/name_template"}
{"level":"info","timestamp":"2026-02-27T00:57:44.086Z","msg":"Deleting old valkey keys","controller":"mdaihub","controllerGroup":"hub.mydecisive.ai","controllerKind":"MdaiHub","MdaiHub":{"name":"mdaihub","namespace":"mdai"},"namespace":"mdai","name":"mdaihub","reconcileID":"28706d94-a9a3-49cd-a12e-0c2df4421ea4","valkeyKeysToKeep":{"address_regex":{},"address_template":{},"cc_regex":{},"cc_template":{},"email_regex":{},"email_template":{},"fields_to_hash":{},"fields_to_redact":{},"name_regex":{},"name_template":{},"phone_regex":{},"phone_template":{},"ssn_regex":{},"ssn_template":{}}}
{"level":"info","timestamp":"2026-02-27T00:57:44.089Z","msg":"Successfully created or updated ConfigMap","controller":"mdaihub","controllerGroup":"hub.mydecisive.ai","controllerKind":"MdaiHub","MdaiHub":{"name":"mdaihub","namespace":"mdai"},"namespace":"mdai","name":"mdaihub","reconcileID":"28706d94-a9a3-49cd-a12e-0c2df4421ea4","name":"mdaihub-manual-variables","namespace":"mdai","operation":"created"}
{"level":"info","timestamp":"2026-02-27T00:57:44.089Z","msg":"<CreateFunc> mdaihub-manual-variables ignored"}
{"level":"info","timestamp":"2026-02-27T00:57:44.090Z","msg":"Successfully created or updated ConfigMap","controller":"mdaihub","controllerGroup":"hub.mydecisive.ai","controllerKind":"MdaiHub","MdaiHub":{"name":"mdaihub","namespace":"mdai"},"namespace":"mdai","name":"mdaihub","reconcileID":"28706d94-a9a3-49cd-a12e-0c2df4421ea4","name":"mdaihub-variables","namespace":"mdai","operation":"updated"}
{"level":"info","timestamp":"2026-02-27T00:57:44.090Z","msg":"<UpdateFunc> mdaihub-variables shouldReconcile: false"}
{"level":"error","timestamp":"2026-02-27T00:57:44.091Z","msg":"Failed to create or update ConfigMap","controller":"mdaihub","controllerGroup":"hub.mydecisive.ai","controllerKind":"MdaiHub","MdaiHub":{"name":"mdaihub","namespace":"mdai"},"namespace":"mdai","name":"mdaihub","reconcileID":"28706d94-a9a3-49cd-a12e-0c2df4421ea4","name":"mdaihub-variables","namespace":"mdai","error":"Operation cannot be fulfilled on configmaps \"mdaihub-variables\": the object has been modified; please apply your changes to the latest version and try again","stacktrace":"github.com/go-logr/logr.Logger.Error\n\tgithub.com/go-logr/logr@v1.4.3/logr.go:301\ngithub.com/decisiveai/mdai-operator/internal/controller.HubAdapter.createOrUpdateEnvConfigMap\n\tgithub.com/decisiveai/mdai-operator/internal/controller/hub_adapter.go:671\ngithub.com/decisiveai/mdai-operator/internal/controller.HubAdapter.syncComputedConfigMapsAndRestart\n\tgithub.com/decisiveai/mdai-operator/internal/controller/hub_adapter.go:446\ngithub.com/decisiveai/mdai-operator/internal/controller.HubAdapter.ensureVariableSynchronized\n\tgithub.com/decisiveai/mdai-operator/internal/controller/hub_adapter.go:507\ngithub.com/decisiveai/mdai-operator/internal/controller.(*MdaiHubReconciler).ReconcileHandler\n\tgithub.com/decisiveai/mdai-operator/internal/controller/mdaihub_controller.go:113\ngithub.com/decisiveai/mdai-operator/internal/controller.(*MdaiHubReconciler).Reconcile\n\tgithub.com/decisiveai/mdai-operator/internal/controller/mdaihub_controller.go:87\nsigs.k8s.io/controller-runtime/pkg/internal/controller.(*Controller[...]).Reconcile\n\tsigs.k8s.io/controller-runtime@v0.20.4/pkg/internal/controller/controller.go:119\nsigs.k8s.io/controller-runtime/pkg/internal/controller.(*Controller[...]).reconcileHandler\n\tsigs.k8s.io/controller-runtime@v0.20.4/pkg/internal/controller/controller.go:334\nsigs.k8s.io/controller-runtime/pkg/internal/controller.(*Controller[...]).processNextWorkItem\n\tsigs.k8s.io/controller-runtime@v0.20.4/pkg/internal/controller/controller.go:294\nsigs.k8s.io/controller-runtime/pkg/internal/controller.(*Controller[...]).Start.func2.2\n\tsigs.k8s.io/controller-runtime@v0.20.4/pkg/internal/controller/controller.go:255"}
{"level":"error","timestamp":"2026-02-27T00:57:44.091Z","msg":"Reconciler error","controller":"mdaihub","controllerGroup":"hub.mydecisive.ai","controllerKind":"MdaiHub","MdaiHub":{"name":"mdaihub","namespace":"mdai"},"namespace":"mdai","name":"mdaihub","reconcileID":"28706d94-a9a3-49cd-a12e-0c2df4421ea4","error":"failed to create or update ConfigMap: Operation cannot be fulfilled on configmaps \"mdaihub-variables\": the object has been modified; please apply your changes to the latest version and try again","stacktrace":"github.com/go-logr/logr.Logger.Error\n\tgithub.com/go-logr/logr@v1.4.3/logr.go:301\nsigs.k8s.io/controller-runtime/pkg/internal/controller.(*Controller[...]).reconcileHandler\n\tsigs.k8s.io/controller-runtime@v0.20.4/pkg/internal/controller/controller.go:347\nsigs.k8s.io/controller-runtime/pkg/internal/controller.(*Controller[...]).processNextWorkItem\n\tsigs.k8s.io/controller-runtime@v0.20.4/pkg/internal/controller/controller.go:294\nsigs.k8s.io/controller-runtime/pkg/internal/controller.(*Controller[...]).Start.func2.2\n\tsigs.k8s.io/controller-runtime@v0.20.4/pkg/internal/controller/controller.go:255"}
{"level":"info","timestamp":"2026-02-27T00:57:44.092Z","msg":"-- Starting MdaiHub reconciliation --","controller":"mdaihub","controllerGroup":"hub.mydecisive.ai","controllerKind":"MdaiHub","MdaiHub":{"name":"mdaihub","namespace":"mdai"},"namespace":"mdai","name":"mdaihub","reconcileID":"095b2787-4d08-48f5-8361-1cc9c3fdc8f3","namespace":{"name":"mdaihub","namespace":"mdai"},"name":"mdaihub"}
{"level":"info","timestamp":"2026-02-27T00:57:44.092Z","msg":"EnsurePrometheusRuleSynchronized","controller":"mdaihub","controllerGroup":"hub.mydecisive.ai","controllerKind":"MdaiHub","MdaiHub":{"name":"mdaihub","namespace":"mdai"},"namespace":"mdai","name":"mdaihub","reconcileID":"095b2787-4d08-48f5-8361-1cc9c3fdc8f3"}
{"level":"info","timestamp":"2026-02-27T00:57:44.092Z","msg":"No evaluations found, skipping PrometheusRule creation","controller":"mdaihub","controllerGroup":"hub.mydecisive.ai","controllerKind":"MdaiHub","MdaiHub":{"name":"mdaihub","namespace":"mdai"},"namespace":"mdai","name":"mdaihub","reconcileID":"095b2787-4d08-48f5-8361-1cc9c3fdc8f3"}
{"level":"info","timestamp":"2026-02-27T00:57:44.092Z","msg":"No automations defined in the MDAI CR","controller":"mdaihub","controllerGroup":"hub.mydecisive.ai","controllerKind":"MdaiHub","MdaiHub":{"name":"mdaihub","namespace":"mdai"},"namespace":"mdai","name":"mdaihub","reconcileID":"095b2787-4d08-48f5-8361-1cc9c3fdc8f3","name":"mdaihub"}
{"level":"info","timestamp":"2026-02-27T00:57:44.092Z","msg":"Deleting ConfigMap","controller":"mdaihub","controllerGroup":"hub.mydecisive.ai","controllerKind":"MdaiHub","MdaiHub":{"name":"mdaihub","namespace":"mdai"},"namespace":"mdai","name":"mdaihub","reconcileID":"095b2787-4d08-48f5-8361-1cc9c3fdc8f3","name":"mdaihub-automation","namespace":"mdai"}
{"level":"info","timestamp":"2026-02-27T00:57:44.092Z","msg":"ConfigMap not found, skipping deletion","controller":"mdaihub","controllerGroup":"hub.mydecisive.ai","controllerKind":"MdaiHub","MdaiHub":{"name":"mdaihub","namespace":"mdai"},"namespace":"mdai","name":"mdaihub","reconcileID":"095b2787-4d08-48f5-8361-1cc9c3fdc8f3","name":"mdaihub-automation","namespace":"mdai"}
{"level":"info","timestamp":"2026-02-27T00:57:44.092Z","msg":"No variables found in the CR, skipping variable synchronization","controller":"mdaihub","controllerGroup":"hub.mydecisive.ai","controllerKind":"MdaiHub","MdaiHub":{"name":"mdaihub","namespace":"mdai"},"namespace":"mdai","name":"mdaihub","reconcileID":"095b2787-4d08-48f5-8361-1cc9c3fdc8f3"}
{"level":"info","timestamp":"2026-02-27T00:57:44.094Z","msg":"Status set to done for mdai hub","controller":"mdaihub","controllerGroup":"hub.mydecisive.ai","controllerKind":"MdaiHub","MdaiHub":{"name":"mdaihub","namespace":"mdai"},"namespace":"mdai","name":"mdaihub","reconcileID":"095b2787-4d08-48f5-8361-1cc9c3fdc8f3","mdaiHub":"mdaihub"}
{"level":"info","timestamp":"2026-02-27T00:57:44.094Z","msg":"-- Finished MdaiHub reconciliation --","controller":"mdaihub","controllerGroup":"hub.mydecisive.ai","controllerKind":"MdaiHub","MdaiHub":{"name":"mdaihub","namespace":"mdai"},"namespace":"mdai","name":"mdaihub","reconcileID":"095b2787-4d08-48f5-8361-1cc9c3fdc8f3"}
{"level":"info","timestamp":"2026-02-27T00:57:44.098Z","msg":"-- Starting MdaiHub reconciliation --","controller":"mdaihub","controllerGroup":"hub.mydecisive.ai","controllerKind":"MdaiHub","MdaiHub":{"name":"mdaihub","namespace":"mdai"},"namespace":"mdai","name":"mdaihub","reconcileID":"73d20b7d-7241-4866-b3e9-281d2186c19d","namespace":{"name":"mdaihub","namespace":"mdai"},"name":"mdaihub"}
{"level":"info","timestamp":"2026-02-27T00:57:44.098Z","msg":"EnsurePrometheusRuleSynchronized","controller":"mdaihub","controllerGroup":"hub.mydecisive.ai","controllerKind":"MdaiHub","MdaiHub":{"name":"mdaihub","namespace":"mdai"},"namespace":"mdai","name":"mdaihub","reconcileID":"73d20b7d-7241-4866-b3e9-281d2186c19d"}
{"level":"info","timestamp":"2026-02-27T00:57:44.098Z","msg":"No evaluations found, skipping PrometheusRule creation","controller":"mdaihub","controllerGroup":"hub.mydecisive.ai","controllerKind":"MdaiHub","MdaiHub":{"name":"mdaihub","namespace":"mdai"},"namespace":"mdai","name":"mdaihub","reconcileID":"73d20b7d-7241-4866-b3e9-281d2186c19d"}
{"level":"info","timestamp":"2026-02-27T00:57:44.098Z","msg":"No automations defined in the MDAI CR","controller":"mdaihub","controllerGroup":"hub.mydecisive.ai","controllerKind":"MdaiHub","MdaiHub":{"name":"mdaihub","namespace":"mdai"},"namespace":"mdai","name":"mdaihub","reconcileID":"73d20b7d-7241-4866-b3e9-281d2186c19d","name":"mdaihub"}
{"level":"info","timestamp":"2026-02-27T00:57:44.098Z","msg":"Deleting ConfigMap","controller":"mdaihub","controllerGroup":"hub.mydecisive.ai","controllerKind":"MdaiHub","MdaiHub":{"name":"mdaihub","namespace":"mdai"},"namespace":"mdai","name":"mdaihub","reconcileID":"73d20b7d-7241-4866-b3e9-281d2186c19d","name":"mdaihub-automation","namespace":"mdai"}
{"level":"info","timestamp":"2026-02-27T00:57:44.099Z","msg":"ConfigMap not found, skipping deletion","controller":"mdaihub","controllerGroup":"hub.mydecisive.ai","controllerKind":"MdaiHub","MdaiHub":{"name":"mdaihub","namespace":"mdai"},"namespace":"mdai","name":"mdaihub","reconcileID":"73d20b7d-7241-4866-b3e9-281d2186c19d","name":"mdaihub-automation","namespace":"mdai"}
{"level":"info","timestamp":"2026-02-27T00:57:44.099Z","msg":"No variables found in the CR, skipping variable synchronization","controller":"mdaihub","controllerGroup":"hub.mydecisive.ai","controllerKind":"MdaiHub","MdaiHub":{"name":"mdaihub","namespace":"mdai"},"namespace":"mdai","name":"mdaihub","reconcileID":"73d20b7d-7241-4866-b3e9-281d2186c19d"}
{"level":"info","timestamp":"2026-02-27T00:57:44.100Z","msg":"Status set to done for mdai hub","controller":"mdaihub","controllerGroup":"hub.mydecisive.ai","controllerKind":"MdaiHub","MdaiHub":{"name":"mdaihub","namespace":"mdai"},"namespace":"mdai","name":"mdaihub","reconcileID":"73d20b7d-7241-4866-b3e9-281d2186c19d","mdaiHub":"mdaihub"}
{"level":"info","timestamp":"2026-02-27T00:57:44.100Z","msg":"-- Finished MdaiHub reconciliation --","controller":"mdaihub","controllerGroup":"hub.mydecisive.ai","controllerKind":"MdaiHub","MdaiHub":{"name":"mdaihub","namespace":"mdai"},"namespace":"mdai","name":"mdaihub","reconcileID":"73d20b7d-7241-4866-b3e9-281d2186c19d"}
{"level":"info","timestamp":"2026-02-27T00:57:45.069Z","logger":"mdaihub-resource","msg":"Defaulting for MdaiHub","name":"mdaihub"}
{"level":"info","timestamp":"2026-02-27T00:57:45.070Z","logger":"mdaihub-resource","msg":"Validation for MdaiHub upon update","name":"mdaihub"}
{"level":"info","timestamp":"2026-02-27T00:57:45.072Z","msg":"-- Starting MdaiHub reconciliation --","controller":"mdaihub","controllerGroup":"hub.mydecisive.ai","controllerKind":"MdaiHub","MdaiHub":{"name":"mdaihub","namespace":"mdai"},"namespace":"mdai","name":"mdaihub","reconcileID":"a646a386-5b6a-4db6-9221-7507333747a1","namespace":{"name":"mdaihub","namespace":"mdai"},"name":"mdaihub"}
{"level":"info","timestamp":"2026-02-27T00:57:45.072Z","msg":"EnsurePrometheusRuleSynchronized","controller":"mdaihub","controllerGroup":"hub.mydecisive.ai","controllerKind":"MdaiHub","MdaiHub":{"name":"mdaihub","namespace":"mdai"},"namespace":"mdai","name":"mdaihub","reconcileID":"a646a386-5b6a-4db6-9221-7507333747a1"}
{"level":"info","timestamp":"2026-02-27T00:57:45.074Z","msg":"Created new PrometheusRule","controller":"mdaihub","controllerGroup":"hub.mydecisive.ai","controllerKind":"MdaiHub","MdaiHub":{"name":"mdaihub","namespace":"mdai"},"namespace":"mdai","name":"mdaihub","reconcileID":"a646a386-5b6a-4db6-9221-7507333747a1","prometheus_rule_name":"mdai-mdaihub-alert-rules"}
{"level":"info","timestamp":"2026-02-27T00:57:45.079Z","msg":"Creating or updating ConfigMap for automations","controller":"mdaihub","controllerGroup":"hub.mydecisive.ai","controllerKind":"MdaiHub","MdaiHub":{"name":"mdaihub","namespace":"mdai"},"namespace":"mdai","name":"mdaihub","reconcileID":"a646a386-5b6a-4db6-9221-7507333747a1","name":"mdaihub"}
{"level":"info","timestamp":"2026-02-27T00:57:45.081Z","msg":"<CreateFunc> mdaihub-automation ignored"}
{"level":"info","timestamp":"2026-02-27T00:57:45.081Z","msg":"Successfully created or updated ConfigMap","controller":"mdaihub","controllerGroup":"hub.mydecisive.ai","controllerKind":"MdaiHub","MdaiHub":{"name":"mdaihub","namespace":"mdai"},"namespace":"mdai","name":"mdaihub","reconcileID":"a646a386-5b6a-4db6-9221-7507333747a1","name":"mdaihub-automation","namespace":"mdai","operation":"created"}
{"level":"info","timestamp":"2026-02-27T00:57:45.081Z","msg":"Successfully created ConfigMap for automations","controller":"mdaihub","controllerGroup":"hub.mydecisive.ai","controllerKind":"MdaiHub","MdaiHub":{"name":"mdaihub","namespace":"mdai"},"namespace":"mdai","name":"mdaihub","reconcileID":"a646a386-5b6a-4db6-9221-7507333747a1","name":"mdaihub"}
{"level":"info","timestamp":"2026-02-27T00:57:45.081Z","msg":"Processing variable","controller":"mdaihub","controllerGroup":"hub.mydecisive.ai","controllerKind":"MdaiHub","MdaiHub":{"name":"mdaihub","namespace":"mdai"},"namespace":"mdai","name":"mdaihub","reconcileID":"a646a386-5b6a-4db6-9221-7507333747a1","key":"service_list"}
{"level":"info","timestamp":"2026-02-27T00:57:45.081Z","msg":"Data received for variable/mdaihub/service_list: []"}
{"level":"info","timestamp":"2026-02-27T00:57:45.081Z","msg":"Processing variable","controller":"mdaihub","controllerGroup":"hub.mydecisive.ai","controllerKind":"MdaiHub","MdaiHub":{"name":"mdaihub","namespace":"mdai"},"namespace":"mdai","name":"mdaihub","reconcileID":"a646a386-5b6a-4db6-9221-7507333747a1","key":"alerting_data_type"}
{"level":"info","timestamp":"2026-02-27T00:57:45.081Z","msg":"No value found in storage","key":"variable/mdaihub/alerting_data_type"}
{"level":"info","timestamp":"2026-02-27T00:57:45.081Z","msg":"Processing variable","controller":"mdaihub","controllerGroup":"hub.mydecisive.ai","controllerKind":"MdaiHub","MdaiHub":{"name":"mdaihub","namespace":"mdai"},"namespace":"mdai","name":"mdaihub","reconcileID":"a646a386-5b6a-4db6-9221-7507333747a1","key":"alerting_triggered"}
{"level":"info","timestamp":"2026-02-27T00:57:45.081Z","msg":"No value found in storage","key":"variable/mdaihub/alerting_triggered"}
{"level":"info","timestamp":"2026-02-27T00:57:45.081Z","msg":"Deleting old valkey keys","controller":"mdaihub","controllerGroup":"hub.mydecisive.ai","controllerKind":"MdaiHub","MdaiHub":{"name":"mdaihub","namespace":"mdai"},"namespace":"mdai","name":"mdaihub","reconcileID":"a646a386-5b6a-4db6-9221-7507333747a1","valkeyKeysToKeep":{"alerting_data_type":{},"alerting_triggered":{},"service_list":{}}}
{"level":"info","timestamp":"2026-02-27T00:57:45.082Z","msg":"No manual variables defined in the MDAI CR","controller":"mdaihub","controllerGroup":"hub.mydecisive.ai","controllerKind":"MdaiHub","MdaiHub":{"name":"mdaihub","namespace":"mdai"},"namespace":"mdai","name":"mdaihub","reconcileID":"a646a386-5b6a-4db6-9221-7507333747a1","name":"mdaihub"}
{"level":"info","timestamp":"2026-02-27T00:57:45.082Z","msg":"Deleting ConfigMap","controller":"mdaihub","controllerGroup":"hub.mydecisive.ai","controllerKind":"MdaiHub","MdaiHub":{"name":"mdaihub","namespace":"mdai"},"namespace":"mdai","name":"mdaihub","reconcileID":"a646a386-5b6a-4db6-9221-7507333747a1","name":"mdaihub-manual-variables","namespace":"mdai"}
{"level":"info","timestamp":"2026-02-27T00:57:45.083Z","msg":"<DeleteFunc> mdaihub-manual-variables ignored"}
{"level":"info","timestamp":"2026-02-27T00:57:45.085Z","msg":"Successfully created or updated ConfigMap","controller":"mdaihub","controllerGroup":"hub.mydecisive.ai","controllerKind":"MdaiHub","MdaiHub":{"name":"mdaihub","namespace":"mdai"},"namespace":"mdai","name":"mdaihub","reconcileID":"a646a386-5b6a-4db6-9221-7507333747a1","name":"mdaihub-variables","namespace":"mdai","operation":"updated"}
{"level":"info","timestamp":"2026-02-27T00:57:45.085Z","msg":"<UpdateFunc> mdaihub-variables shouldReconcile: false"}
{"level":"info","timestamp":"2026-02-27T00:57:45.085Z","msg":"Successfully created or updated ConfigMap","controller":"mdaihub","controllerGroup":"hub.mydecisive.ai","controllerKind":"MdaiHub","MdaiHub":{"name":"mdaihub","namespace":"mdai"},"namespace":"mdai","name":"mdaihub","reconcileID":"a646a386-5b6a-4db6-9221-7507333747a1","name":"mdaihub-variables","namespace":"mdai","operation":"unchanged"}
{"level":"info","timestamp":"2026-02-27T00:57:45.085Z","msg":"Successfully created or updated ConfigMap","controller":"mdaihub","controllerGroup":"hub.mydecisive.ai","controllerKind":"MdaiHub","MdaiHub":{"name":"mdaihub","namespace":"mdai"},"namespace":"mdai","name":"mdaihub","reconcileID":"a646a386-5b6a-4db6-9221-7507333747a1","name":"mdaihub-variables","namespace":"mdai","operation":"unchanged"}
{"level":"info","timestamp":"2026-02-27T00:57:45.085Z","msg":"Triggering restart of OpenTelemetry Collector","controller":"mdaihub","controllerGroup":"hub.mydecisive.ai","controllerKind":"MdaiHub","MdaiHub":{"name":"mdaihub","namespace":"mdai"},"namespace":"mdai","name":"mdaihub","reconcileID":"a646a386-5b6a-4db6-9221-7507333747a1","name":"gateway-datadog"}
{"level":"warn","timestamp":"2026-02-27T00:57:45.092Z","msg":"VALKEY_AUDIT_STREAM_EXPIRY_MS is deprecated; use VALKEY_AUDIT_STREAM_RETENTION","retention":2592000,"stacktrace":"github.com/decisiveai/mdai-data-core/audit.getStreamRetention\n\tgithub.com/decisiveai/mdai-data-core@v0.2.9/audit/adapter.go:241\ngithub.com/decisiveai/mdai-data-core/audit.NewAuditAdapter\n\tgithub.com/decisiveai/mdai-data-core@v0.2.9/audit/adapter.go:54\ngithub.com/decisiveai/mdai-operator/internal/controller.HubAdapter.restartCollectorAndAudit\n\tgithub.com/decisiveai/mdai-operator/internal/controller/hub_adapter.go:427\ngithub.com/decisiveai/mdai-operator/internal/controller.HubAdapter.syncComputedConfigMapsAndRestart\n\tgithub.com/decisiveai/mdai-operator/internal/controller/hub_adapter.go:458\ngithub.com/decisiveai/mdai-operator/internal/controller.HubAdapter.ensureVariableSynchronized\n\tgithub.com/decisiveai/mdai-operator/internal/controller/hub_adapter.go:507\ngithub.com/decisiveai/mdai-operator/internal/controller.(*MdaiHubReconciler).ReconcileHandler\n\tgithub.com/decisiveai/mdai-operator/internal/controller/mdaihub_controller.go:113\ngithub.com/decisiveai/mdai-operator/internal/controller.(*MdaiHubReconciler).Reconcile\n\tgithub.com/decisiveai/mdai-operator/internal/controller/mdaihub_controller.go:87\nsigs.k8s.io/controller-runtime/pkg/internal/controller.(*Controller[...]).Reconcile\n\tsigs.k8s.io/controller-runtime@v0.20.4/pkg/internal/controller/controller.go:119\nsigs.k8s.io/controller-runtime/pkg/internal/controller.(*Controller[...]).reconcileHandler\n\tsigs.k8s.io/controller-runtime@v0.20.4/pkg/internal/controller/controller.go:334\nsigs.k8s.io/controller-runtime/pkg/internal/controller.(*Controller[...]).processNextWorkItem\n\tsigs.k8s.io/controller-runtime@v0.20.4/pkg/internal/controller/controller.go:294\nsigs.k8s.io/controller-runtime/pkg/internal/controller.(*Controller[...]).Start.func2.2\n\tsigs.k8s.io/controller-runtime@v0.20.4/pkg/internal/controller/controller.go:255"}
{"level":"info","timestamp":"2026-02-27T00:57:45.092Z","msg":"AUDIT: Triggering restart of OpenTelemetry Collector","controller":"mdaihub","controllerGroup":"hub.mydecisive.ai","controllerKind":"MdaiHub","MdaiHub":{"name":"mdaihub","namespace":"mdai"},"namespace":"mdai","name":"mdaihub","reconcileID":"a646a386-5b6a-4db6-9221-7507333747a1","mdai-logstream":"audit","type":"collector_restart","timestamp":"2026-02-27T00:57:45Z","hub_name":"mdaihub","SERVICE_LIST_REGEX":""}
{"level":"info","timestamp":"2026-02-27T00:57:45.092Z","msg":"Triggering restart of OpenTelemetry Collector","controller":"mdaihub","controllerGroup":"hub.mydecisive.ai","controllerKind":"MdaiHub","MdaiHub":{"name":"mdaihub","namespace":"mdai"},"namespace":"mdai","name":"mdaihub","reconcileID":"a646a386-5b6a-4db6-9221-7507333747a1","name":"gateway-dynamic-filtration"}
{"level":"warn","timestamp":"2026-02-27T00:57:45.100Z","msg":"VALKEY_AUDIT_STREAM_EXPIRY_MS is deprecated; use VALKEY_AUDIT_STREAM_RETENTION","retention":2592000,"stacktrace":"github.com/decisiveai/mdai-data-core/audit.getStreamRetention\n\tgithub.com/decisiveai/mdai-data-core@v0.2.9/audit/adapter.go:241\ngithub.com/decisiveai/mdai-data-core/audit.NewAuditAdapter\n\tgithub.com/decisiveai/mdai-data-core@v0.2.9/audit/adapter.go:54\ngithub.com/decisiveai/mdai-operator/internal/controller.HubAdapter.restartCollectorAndAudit\n\tgithub.com/decisiveai/mdai-operator/internal/controller/hub_adapter.go:427\ngithub.com/decisiveai/mdai-operator/internal/controller.HubAdapter.syncComputedConfigMapsAndRestart\n\tgithub.com/decisiveai/mdai-operator/internal/controller/hub_adapter.go:458\ngithub.com/decisiveai/mdai-operator/internal/controller.HubAdapter.ensureVariableSynchronized\n\tgithub.com/decisiveai/mdai-operator/internal/controller/hub_adapter.go:507\ngithub.com/decisiveai/mdai-operator/internal/controller.(*MdaiHubReconciler).ReconcileHandler\n\tgithub.com/decisiveai/mdai-operator/internal/controller/mdaihub_controller.go:113\ngithub.com/decisiveai/mdai-operator/internal/controller.(*MdaiHubReconciler).Reconcile\n\tgithub.com/decisiveai/mdai-operator/internal/controller/mdaihub_controller.go:87\nsigs.k8s.io/controller-runtime/pkg/internal/controller.(*Controller[...]).Reconcile\n\tsigs.k8s.io/controller-runtime@v0.20.4/pkg/internal/controller/controller.go:119\nsigs.k8s.io/controller-runtime/pkg/internal/controller.(*Controller[...]).reconcileHandler\n\tsigs.k8s.io/controller-runtime@v0.20.4/pkg/internal/controller/controller.go:334\nsigs.k8s.io/controller-runtime/pkg/internal/controller.(*Controller[...]).processNextWorkItem\n\tsigs.k8s.io/controller-runtime@v0.20.4/pkg/internal/controller/controller.go:294\nsigs.k8s.io/controller-runtime/pkg/internal/controller.(*Controller[...]).Start.func2.2\n\tsigs.k8s.io/controller-runtime@v0.20.4/pkg/internal/controller/controller.go:255"}
{"level":"info","timestamp":"2026-02-27T00:57:45.100Z","msg":"AUDIT: Triggering restart of OpenTelemetry Collector","controller":"mdaihub","controllerGroup":"hub.mydecisive.ai","controllerKind":"MdaiHub","MdaiHub":{"name":"mdaihub","namespace":"mdai"},"namespace":"mdai","name":"mdaihub","reconcileID":"a646a386-5b6a-4db6-9221-7507333747a1","mdai-logstream":"audit","SERVICE_LIST_REGEX":"","type":"collector_restart","timestamp":"2026-02-27T00:57:45Z","hub_name":"mdaihub"}
{"level":"info","timestamp":"2026-02-27T00:57:45.100Z","msg":"Triggering restart of OpenTelemetry Collector","controller":"mdaihub","controllerGroup":"hub.mydecisive.ai","controllerKind":"MdaiHub","MdaiHub":{"name":"mdaihub","namespace":"mdai"},"namespace":"mdai","name":"mdaihub","reconcileID":"a646a386-5b6a-4db6-9221-7507333747a1","name":"gateway-pii"}
{"level":"warn","timestamp":"2026-02-27T00:57:45.107Z","msg":"VALKEY_AUDIT_STREAM_EXPIRY_MS is deprecated; use VALKEY_AUDIT_STREAM_RETENTION","retention":2592000,"stacktrace":"github.com/decisiveai/mdai-data-core/audit.getStreamRetention\n\tgithub.com/decisiveai/mdai-data-core@v0.2.9/audit/adapter.go:241\ngithub.com/decisiveai/mdai-data-core/audit.NewAuditAdapter\n\tgithub.com/decisiveai/mdai-data-core@v0.2.9/audit/adapter.go:54\ngithub.com/decisiveai/mdai-operator/internal/controller.HubAdapter.restartCollectorAndAudit\n\tgithub.com/decisiveai/mdai-operator/internal/controller/hub_adapter.go:427\ngithub.com/decisiveai/mdai-operator/internal/controller.HubAdapter.syncComputedConfigMapsAndRestart\n\tgithub.com/decisiveai/mdai-operator/internal/controller/hub_adapter.go:458\ngithub.com/decisiveai/mdai-operator/internal/controller.HubAdapter.ensureVariableSynchronized\n\tgithub.com/decisiveai/mdai-operator/internal/controller/hub_adapter.go:507\ngithub.com/decisiveai/mdai-operator/internal/controller.(*MdaiHubReconciler).ReconcileHandler\n\tgithub.com/decisiveai/mdai-operator/internal/controller/mdaihub_controller.go:113\ngithub.com/decisiveai/mdai-operator/internal/controller.(*MdaiHubReconciler).Reconcile\n\tgithub.com/decisiveai/mdai-operator/internal/controller/mdaihub_controller.go:87\nsigs.k8s.io/controller-runtime/pkg/internal/controller.(*Controller[...]).Reconcile\n\tsigs.k8s.io/controller-runtime@v0.20.4/pkg/internal/controller/controller.go:119\nsigs.k8s.io/controller-runtime/pkg/internal/controller.(*Controller[...]).reconcileHandler\n\tsigs.k8s.io/controller-runtime@v0.20.4/pkg/internal/controller/controller.go:334\nsigs.k8s.io/controller-runtime/pkg/internal/controller.(*Controller[...]).processNextWorkItem\n\tsigs.k8s.io/controller-runtime@v0.20.4/pkg/internal/controller/controller.go:294\nsigs.k8s.io/controller-runtime/pkg/internal/controller.(*Controller[...]).Start.func2.2\n\tsigs.k8s.io/controller-runtime@v0.20.4/pkg/internal/controller/controller.go:255"}
{"level":"info","timestamp":"2026-02-27T00:57:45.107Z","msg":"AUDIT: Triggering restart of OpenTelemetry Collector","controller":"mdaihub","controllerGroup":"hub.mydecisive.ai","controllerKind":"MdaiHub","MdaiHub":{"name":"mdaihub","namespace":"mdai"},"namespace":"mdai","name":"mdaihub","reconcileID":"a646a386-5b6a-4db6-9221-7507333747a1","mdai-logstream":"audit","type":"collector_restart","timestamp":"2026-02-27T00:57:45Z","hub_name":"mdaihub","SERVICE_LIST_REGEX":""}
{"level":"info","timestamp":"2026-02-27T00:57:45.109Z","msg":"Status set to done for mdai hub","controller":"mdaihub","controllerGroup":"hub.mydecisive.ai","controllerKind":"MdaiHub","MdaiHub":{"name":"mdaihub","namespace":"mdai"},"namespace":"mdai","name":"mdaihub","reconcileID":"a646a386-5b6a-4db6-9221-7507333747a1","mdaiHub":"mdaihub"}
{"level":"info","timestamp":"2026-02-27T00:57:45.109Z","msg":"-- Finished MdaiHub reconciliation --","controller":"mdaihub","controllerGroup":"hub.mydecisive.ai","controllerKind":"MdaiHub","MdaiHub":{"name":"mdaihub","namespace":"mdai"},"namespace":"mdai","name":"mdaihub","reconcileID":"a646a386-5b6a-4db6-9221-7507333747a1"}
{"level":"info","timestamp":"2026-02-27T00:58:02.067Z","logger":"mdaihub-resource","msg":"Defaulting for MdaiHub","name":"mdaihub"}
{"level":"info","timestamp":"2026-02-27T00:58:02.068Z","logger":"mdaihub-resource","msg":"Validation for MdaiHub upon update","name":"mdaihub"}
{"level":"info","timestamp":"2026-02-27T00:58:02.070Z","logger":"mdaihub-resource","msg":"Defaulting for MdaiHub","name":"mdaihub"}
{"level":"info","timestamp":"2026-02-27T00:58:02.071Z","logger":"mdaihub-resource","msg":"Validation for MdaiHub upon update","name":"mdaihub"}
{"level":"info","timestamp":"2026-02-27T00:58:02.071Z","msg":"-- Starting MdaiHub reconciliation --","controller":"mdaihub","controllerGroup":"hub.mydecisive.ai","controllerKind":"MdaiHub","MdaiHub":{"name":"mdaihub","namespace":"mdai"},"namespace":"mdai","name":"mdaihub","reconcileID":"3b9e8b7e-eb2c-4377-a339-9fe919b4b244","namespace":{"name":"mdaihub","namespace":"mdai"},"name":"mdaihub"}
{"level":"info","timestamp":"2026-02-27T00:58:02.071Z","msg":"EnsurePrometheusRuleSynchronized","controller":"mdaihub","controllerGroup":"hub.mydecisive.ai","controllerKind":"MdaiHub","MdaiHub":{"name":"mdaihub","namespace":"mdai"},"namespace":"mdai","name":"mdaihub","reconcileID":"3b9e8b7e-eb2c-4377-a339-9fe919b4b244"}
{"level":"info","timestamp":"2026-02-27T00:58:02.071Z","msg":"No evaluations found, skipping PrometheusRule creation","controller":"mdaihub","controllerGroup":"hub.mydecisive.ai","controllerKind":"MdaiHub","MdaiHub":{"name":"mdaihub","namespace":"mdai"},"namespace":"mdai","name":"mdaihub","reconcileID":"3b9e8b7e-eb2c-4377-a339-9fe919b4b244"}
{"level":"info","timestamp":"2026-02-27T00:58:02.071Z","msg":"Removing existing rules","controller":"mdaihub","controllerGroup":"hub.mydecisive.ai","controllerKind":"MdaiHub","MdaiHub":{"name":"mdaihub","namespace":"mdai"},"namespace":"mdai","name":"mdaihub","reconcileID":"3b9e8b7e-eb2c-4377-a339-9fe919b4b244"}
{"level":"info","timestamp":"2026-02-27T00:58:02.072Z","msg":"Deleted PrometheusRule","controller":"mdaihub","controllerGroup":"hub.mydecisive.ai","controllerKind":"MdaiHub","MdaiHub":{"name":"mdaihub","namespace":"mdai"},"namespace":"mdai","name":"mdaihub","reconcileID":"3b9e8b7e-eb2c-4377-a339-9fe919b4b244","prometheus_rule_name":"mdai-mdaihub-alert-rules"}
{"level":"info","timestamp":"2026-02-27T00:58:02.072Z","msg":"No automations defined in the MDAI CR","controller":"mdaihub","controllerGroup":"hub.mydecisive.ai","controllerKind":"MdaiHub","MdaiHub":{"name":"mdaihub","namespace":"mdai"},"namespace":"mdai","name":"mdaihub","reconcileID":"3b9e8b7e-eb2c-4377-a339-9fe919b4b244","name":"mdaihub"}
{"level":"info","timestamp":"2026-02-27T00:58:02.072Z","msg":"Deleting ConfigMap","controller":"mdaihub","controllerGroup":"hub.mydecisive.ai","controllerKind":"MdaiHub","MdaiHub":{"name":"mdaihub","namespace":"mdai"},"namespace":"mdai","name":"mdaihub","reconcileID":"3b9e8b7e-eb2c-4377-a339-9fe919b4b244","name":"mdaihub-automation","namespace":"mdai"}
{"level":"info","timestamp":"2026-02-27T00:58:02.073Z","logger":"mdaihub-resource","msg":"Defaulting for MdaiHub","name":"mdaihub"}
{"level":"info","timestamp":"2026-02-27T00:58:02.074Z","logger":"mdaihub-resource","msg":"Validation for MdaiHub upon update","name":"mdaihub"}
{"level":"info","timestamp":"2026-02-27T00:58:02.074Z","msg":"<DeleteFunc> mdaihub-automation ignored"}
{"level":"info","timestamp":"2026-02-27T00:58:02.074Z","msg":"No variables found in the CR, skipping variable synchronization","controller":"mdaihub","controllerGroup":"hub.mydecisive.ai","controllerKind":"MdaiHub","MdaiHub":{"name":"mdaihub","namespace":"mdai"},"namespace":"mdai","name":"mdaihub","reconcileID":"3b9e8b7e-eb2c-4377-a339-9fe919b4b244"}
{"level":"info","timestamp":"2026-02-27T00:58:02.076Z","msg":"re-queuing due to resource conflict","controller":"mdaihub","controllerGroup":"hub.mydecisive.ai","controllerKind":"MdaiHub","MdaiHub":{"name":"mdaihub","namespace":"mdai"},"namespace":"mdai","name":"mdaihub","reconcileID":"3b9e8b7e-eb2c-4377-a339-9fe919b4b244"}
{"level":"info","timestamp":"2026-02-27T00:58:02.076Z","msg":"-- Finished MdaiHub reconciliation --","controller":"mdaihub","controllerGroup":"hub.mydecisive.ai","controllerKind":"MdaiHub","MdaiHub":{"name":"mdaihub","namespace":"mdai"},"namespace":"mdai","name":"mdaihub","reconcileID":"3b9e8b7e-eb2c-4377-a339-9fe919b4b244"}
{"level":"info","timestamp":"2026-02-27T00:58:02.076Z","msg":"-- Starting MdaiHub reconciliation --","controller":"mdaihub","controllerGroup":"hub.mydecisive.ai","controllerKind":"MdaiHub","MdaiHub":{"name":"mdaihub","namespace":"mdai"},"namespace":"mdai","name":"mdaihub","reconcileID":"39f70c84-bb4e-49a9-8311-c032a81f2dfb","namespace":{"name":"mdaihub","namespace":"mdai"},"name":"mdaihub"}
{"level":"info","timestamp":"2026-02-27T00:58:02.076Z","msg":"EnsurePrometheusRuleSynchronized","controller":"mdaihub","controllerGroup":"hub.mydecisive.ai","controllerKind":"MdaiHub","MdaiHub":{"name":"mdaihub","namespace":"mdai"},"namespace":"mdai","name":"mdaihub","reconcileID":"39f70c84-bb4e-49a9-8311-c032a81f2dfb"}
{"level":"info","timestamp":"2026-02-27T00:58:02.076Z","msg":"No evaluations found, skipping PrometheusRule creation","controller":"mdaihub","controllerGroup":"hub.mydecisive.ai","controllerKind":"MdaiHub","MdaiHub":{"name":"mdaihub","namespace":"mdai"},"namespace":"mdai","name":"mdaihub","reconcileID":"39f70c84-bb4e-49a9-8311-c032a81f2dfb"}
{"level":"info","timestamp":"2026-02-27T00:58:02.076Z","msg":"No automations defined in the MDAI CR","controller":"mdaihub","controllerGroup":"hub.mydecisive.ai","controllerKind":"MdaiHub","MdaiHub":{"name":"mdaihub","namespace":"mdai"},"namespace":"mdai","name":"mdaihub","reconcileID":"39f70c84-bb4e-49a9-8311-c032a81f2dfb","name":"mdaihub"}
{"level":"info","timestamp":"2026-02-27T00:58:02.076Z","msg":"Deleting ConfigMap","controller":"mdaihub","controllerGroup":"hub.mydecisive.ai","controllerKind":"MdaiHub","MdaiHub":{"name":"mdaihub","namespace":"mdai"},"namespace":"mdai","name":"mdaihub","reconcileID":"39f70c84-bb4e-49a9-8311-c032a81f2dfb","name":"mdaihub-automation","namespace":"mdai"}
{"level":"info","timestamp":"2026-02-27T00:58:02.077Z","msg":"ConfigMap not found, skipping deletion","controller":"mdaihub","controllerGroup":"hub.mydecisive.ai","controllerKind":"MdaiHub","MdaiHub":{"name":"mdaihub","namespace":"mdai"},"namespace":"mdai","name":"mdaihub","reconcileID":"39f70c84-bb4e-49a9-8311-c032a81f2dfb","name":"mdaihub-automation","namespace":"mdai"}
{"level":"info","timestamp":"2026-02-27T00:58:02.077Z","msg":"Processing variable","controller":"mdaihub","controllerGroup":"hub.mydecisive.ai","controllerKind":"MdaiHub","MdaiHub":{"name":"mdaihub","namespace":"mdai"},"namespace":"mdai","name":"mdaihub","reconcileID":"39f70c84-bb4e-49a9-8311-c032a81f2dfb","key":"fields_to_redact"}
{"level":"info","timestamp":"2026-02-27T00:58:02.077Z","msg":"Data received for variable/mdaihub/fields_to_redact: []"}
{"level":"info","timestamp":"2026-02-27T00:58:02.077Z","msg":"Processing variable","controller":"mdaihub","controllerGroup":"hub.mydecisive.ai","controllerKind":"MdaiHub","MdaiHub":{"name":"mdaihub","namespace":"mdai"},"namespace":"mdai","name":"mdaihub","reconcileID":"39f70c84-bb4e-49a9-8311-c032a81f2dfb","key":"fields_to_hash"}
{"level":"info","timestamp":"2026-02-27T00:58:02.077Z","msg":"Data received for variable/mdaihub/fields_to_hash: []"}
{"level":"info","timestamp":"2026-02-27T00:58:02.077Z","msg":"Processing variable","controller":"mdaihub","controllerGroup":"hub.mydecisive.ai","controllerKind":"MdaiHub","MdaiHub":{"name":"mdaihub","namespace":"mdai"},"namespace":"mdai","name":"mdaihub","reconcileID":"39f70c84-bb4e-49a9-8311-c032a81f2dfb","key":"email_regex"}
{"level":"info","timestamp":"2026-02-27T00:58:02.078Z","msg":"No value found in storage","key":"variable/mdaihub/email_regex"}
{"level":"info","timestamp":"2026-02-27T00:58:02.078Z","msg":"Processing variable","controller":"mdaihub","controllerGroup":"hub.mydecisive.ai","controllerKind":"MdaiHub","MdaiHub":{"name":"mdaihub","namespace":"mdai"},"namespace":"mdai","name":"mdaihub","reconcileID":"39f70c84-bb4e-49a9-8311-c032a81f2dfb","key":"cc_regex"}
{"level":"info","timestamp":"2026-02-27T00:58:02.078Z","msg":"No value found in storage","key":"variable/mdaihub/cc_regex"}
{"level":"info","timestamp":"2026-02-27T00:58:02.078Z","msg":"Processing variable","controller":"mdaihub","controllerGroup":"hub.mydecisive.ai","controllerKind":"MdaiHub","MdaiHub":{"name":"mdaihub","namespace":"mdai"},"namespace":"mdai","name":"mdaihub","reconcileID":"39f70c84-bb4e-49a9-8311-c032a81f2dfb","key":"phone_regex"}
{"level":"info","timestamp":"2026-02-27T00:58:02.078Z","msg":"No value found in storage","key":"variable/mdaihub/phone_regex"}
{"level":"info","timestamp":"2026-02-27T00:58:02.078Z","msg":"Processing variable","controller":"mdaihub","controllerGroup":"hub.mydecisive.ai","controllerKind":"MdaiHub","MdaiHub":{"name":"mdaihub","namespace":"mdai"},"namespace":"mdai","name":"mdaihub","reconcileID":"39f70c84-bb4e-49a9-8311-c032a81f2dfb","key":"address_regex"}
{"level":"info","timestamp":"2026-02-27T00:58:02.078Z","msg":"No value found in storage","key":"variable/mdaihub/address_regex"}
{"level":"info","timestamp":"2026-02-27T00:58:02.078Z","msg":"Processing variable","controller":"mdaihub","controllerGroup":"hub.mydecisive.ai","controllerKind":"MdaiHub","MdaiHub":{"name":"mdaihub","namespace":"mdai"},"namespace":"mdai","name":"mdaihub","reconcileID":"39f70c84-bb4e-49a9-8311-c032a81f2dfb","key":"ssn_regex"}
{"level":"info","timestamp":"2026-02-27T00:58:02.078Z","msg":"No value found in storage","key":"variable/mdaihub/ssn_regex"}
{"level":"info","timestamp":"2026-02-27T00:58:02.078Z","msg":"Processing variable","controller":"mdaihub","controllerGroup":"hub.mydecisive.ai","controllerKind":"MdaiHub","MdaiHub":{"name":"mdaihub","namespace":"mdai"},"namespace":"mdai","name":"mdaihub","reconcileID":"39f70c84-bb4e-49a9-8311-c032a81f2dfb","key":"name_regex"}
{"level":"info","timestamp":"2026-02-27T00:58:02.078Z","msg":"No value found in storage","key":"variable/mdaihub/name_regex"}
{"level":"info","timestamp":"2026-02-27T00:58:02.078Z","msg":"Processing variable","controller":"mdaihub","controllerGroup":"hub.mydecisive.ai","controllerKind":"MdaiHub","MdaiHub":{"name":"mdaihub","namespace":"mdai"},"namespace":"mdai","name":"mdaihub","reconcileID":"39f70c84-bb4e-49a9-8311-c032a81f2dfb","key":"email_template"}
{"level":"info","timestamp":"2026-02-27T00:58:02.078Z","msg":"No value found in storage","key":"variable/mdaihub/email_template"}
{"level":"info","timestamp":"2026-02-27T00:58:02.078Z","msg":"Processing variable","controller":"mdaihub","controllerGroup":"hub.mydecisive.ai","controllerKind":"MdaiHub","MdaiHub":{"name":"mdaihub","namespace":"mdai"},"namespace":"mdai","name":"mdaihub","reconcileID":"39f70c84-bb4e-49a9-8311-c032a81f2dfb","key":"cc_template"}
{"level":"info","timestamp":"2026-02-27T00:58:02.078Z","msg":"No value found in storage","key":"variable/mdaihub/cc_template"}
{"level":"info","timestamp":"2026-02-27T00:58:02.078Z","msg":"Processing variable","controller":"mdaihub","controllerGroup":"hub.mydecisive.ai","controllerKind":"MdaiHub","MdaiHub":{"name":"mdaihub","namespace":"mdai"},"namespace":"mdai","name":"mdaihub","reconcileID":"39f70c84-bb4e-49a9-8311-c032a81f2dfb","key":"phone_template"}
{"level":"info","timestamp":"2026-02-27T00:58:02.078Z","msg":"No value found in storage","key":"variable/mdaihub/phone_template"}
{"level":"info","timestamp":"2026-02-27T00:58:02.078Z","msg":"Processing variable","controller":"mdaihub","controllerGroup":"hub.mydecisive.ai","controllerKind":"MdaiHub","MdaiHub":{"name":"mdaihub","namespace":"mdai"},"namespace":"mdai","name":"mdaihub","reconcileID":"39f70c84-bb4e-49a9-8311-c032a81f2dfb","key":"address_template"}
{"level":"info","timestamp":"2026-02-27T00:58:02.078Z","msg":"No value found in storage","key":"variable/mdaihub/address_template"}
{"level":"info","timestamp":"2026-02-27T00:58:02.078Z","msg":"Processing variable","controller":"mdaihub","controllerGroup":"hub.mydecisive.ai","controllerKind":"MdaiHub","MdaiHub":{"name":"mdaihub","namespace":"mdai"},"namespace":"mdai","name":"mdaihub","reconcileID":"39f70c84-bb4e-49a9-8311-c032a81f2dfb","key":"ssn_template"}
{"level":"info","timestamp":"2026-02-27T00:58:02.078Z","msg":"No value found in storage","key":"variable/mdaihub/ssn_template"}
{"level":"info","timestamp":"2026-02-27T00:58:02.078Z","msg":"Processing variable","controller":"mdaihub","controllerGroup":"hub.mydecisive.ai","controllerKind":"MdaiHub","MdaiHub":{"name":"mdaihub","namespace":"mdai"},"namespace":"mdai","name":"mdaihub","reconcileID":"39f70c84-bb4e-49a9-8311-c032a81f2dfb","key":"name_template"}
{"level":"info","timestamp":"2026-02-27T00:58:02.078Z","msg":"No value found in storage","key":"variable/mdaihub/name_template"}
{"level":"info","timestamp":"2026-02-27T00:58:02.078Z","msg":"Deleting old valkey keys","controller":"mdaihub","controllerGroup":"hub.mydecisive.ai","controllerKind":"MdaiHub","MdaiHub":{"name":"mdaihub","namespace":"mdai"},"namespace":"mdai","name":"mdaihub","reconcileID":"39f70c84-bb4e-49a9-8311-c032a81f2dfb","valkeyKeysToKeep":{"address_regex":{},"address_template":{},"cc_regex":{},"cc_template":{},"email_regex":{},"email_template":{},"fields_to_hash":{},"fields_to_redact":{},"name_regex":{},"name_template":{},"phone_regex":{},"phone_template":{},"ssn_regex":{},"ssn_template":{}}}
{"level":"info","timestamp":"2026-02-27T00:58:02.081Z","msg":"<CreateFunc> mdaihub-manual-variables ignored"}
{"level":"info","timestamp":"2026-02-27T00:58:02.081Z","msg":"Successfully created or updated ConfigMap","controller":"mdaihub","controllerGroup":"hub.mydecisive.ai","controllerKind":"MdaiHub","MdaiHub":{"name":"mdaihub","namespace":"mdai"},"namespace":"mdai","name":"mdaihub","reconcileID":"39f70c84-bb4e-49a9-8311-c032a81f2dfb","name":"mdaihub-manual-variables","namespace":"mdai","operation":"created"}
{"level":"info","timestamp":"2026-02-27T00:58:02.083Z","msg":"<UpdateFunc> mdaihub-variables shouldReconcile: false"}
{"level":"info","timestamp":"2026-02-27T00:58:02.083Z","msg":"Successfully created or updated ConfigMap","controller":"mdaihub","controllerGroup":"hub.mydecisive.ai","controllerKind":"MdaiHub","MdaiHub":{"name":"mdaihub","namespace":"mdai"},"namespace":"mdai","name":"mdaihub","reconcileID":"39f70c84-bb4e-49a9-8311-c032a81f2dfb","name":"mdaihub-variables","namespace":"mdai","operation":"updated"}
{"level":"info","timestamp":"2026-02-27T00:58:02.083Z","msg":"Successfully created or updated ConfigMap","controller":"mdaihub","controllerGroup":"hub.mydecisive.ai","controllerKind":"MdaiHub","MdaiHub":{"name":"mdaihub","namespace":"mdai"},"namespace":"mdai","name":"mdaihub","reconcileID":"39f70c84-bb4e-49a9-8311-c032a81f2dfb","name":"mdaihub-variables","namespace":"mdai","operation":"unchanged"}
{"level":"info","timestamp":"2026-02-27T00:58:02.084Z","msg":"Successfully created or updated ConfigMap","controller":"mdaihub","controllerGroup":"hub.mydecisive.ai","controllerKind":"MdaiHub","MdaiHub":{"name":"mdaihub","namespace":"mdai"},"namespace":"mdai","name":"mdaihub","reconcileID":"39f70c84-bb4e-49a9-8311-c032a81f2dfb","name":"mdaihub-variables","namespace":"mdai","operation":"unchanged"}
{"level":"info","timestamp":"2026-02-27T00:58:02.084Z","msg":"Triggering restart of OpenTelemetry Collector","controller":"mdaihub","controllerGroup":"hub.mydecisive.ai","controllerKind":"MdaiHub","MdaiHub":{"name":"mdaihub","namespace":"mdai"},"namespace":"mdai","name":"mdaihub","reconcileID":"39f70c84-bb4e-49a9-8311-c032a81f2dfb","name":"gateway-datadog"}
{"level":"warn","timestamp":"2026-02-27T00:58:02.090Z","msg":"VALKEY_AUDIT_STREAM_EXPIRY_MS is deprecated; use VALKEY_AUDIT_STREAM_RETENTION","retention":2592000,"stacktrace":"github.com/decisiveai/mdai-data-core/audit.getStreamRetention\n\tgithub.com/decisiveai/mdai-data-core@v0.2.9/audit/adapter.go:241\ngithub.com/decisiveai/mdai-data-core/audit.NewAuditAdapter\n\tgithub.com/decisiveai/mdai-data-core@v0.2.9/audit/adapter.go:54\ngithub.com/decisiveai/mdai-operator/internal/controller.HubAdapter.restartCollectorAndAudit\n\tgithub.com/decisiveai/mdai-operator/internal/controller/hub_adapter.go:427\ngithub.com/decisiveai/mdai-operator/internal/controller.HubAdapter.syncComputedConfigMapsAndRestart\n\tgithub.com/decisiveai/mdai-operator/internal/controller/hub_adapter.go:458\ngithub.com/decisiveai/mdai-operator/internal/controller.HubAdapter.ensureVariableSynchronized\n\tgithub.com/decisiveai/mdai-operator/internal/controller/hub_adapter.go:507\ngithub.com/decisiveai/mdai-operator/internal/controller.(*MdaiHubReconciler).ReconcileHandler\n\tgithub.com/decisiveai/mdai-operator/internal/controller/mdaihub_controller.go:113\ngithub.com/decisiveai/mdai-operator/internal/controller.(*MdaiHubReconciler).Reconcile\n\tgithub.com/decisiveai/mdai-operator/internal/controller/mdaihub_controller.go:87\nsigs.k8s.io/controller-runtime/pkg/internal/controller.(*Controller[...]).Reconcile\n\tsigs.k8s.io/controller-runtime@v0.20.4/pkg/internal/controller/controller.go:119\nsigs.k8s.io/controller-runtime/pkg/internal/controller.(*Controller[...]).reconcileHandler\n\tsigs.k8s.io/controller-runtime@v0.20.4/pkg/internal/controller/controller.go:334\nsigs.k8s.io/controller-runtime/pkg/internal/controller.(*Controller[...]).processNextWorkItem\n\tsigs.k8s.io/controller-runtime@v0.20.4/pkg/internal/controller/controller.go:294\nsigs.k8s.io/controller-runtime/pkg/internal/controller.(*Controller[...]).Start.func2.2\n\tsigs.k8s.io/controller-runtime@v0.20.4/pkg/internal/controller/controller.go:255"}
{"level":"info","timestamp":"2026-02-27T00:58:02.090Z","msg":"AUDIT: Triggering restart of OpenTelemetry Collector","controller":"mdaihub","controllerGroup":"hub.mydecisive.ai","controllerKind":"MdaiHub","MdaiHub":{"name":"mdaihub","namespace":"mdai"},"namespace":"mdai","name":"mdaihub","reconcileID":"39f70c84-bb4e-49a9-8311-c032a81f2dfb","mdai-logstream":"audit","type":"collector_restart","timestamp":"2026-02-27T00:58:02Z","hub_name":"mdaihub","FIELDS_TO_REDACT":"","FIELDS_TO_HASH":""}
{"level":"info","timestamp":"2026-02-27T00:58:02.091Z","msg":"Triggering restart of OpenTelemetry Collector","controller":"mdaihub","controllerGroup":"hub.mydecisive.ai","controllerKind":"MdaiHub","MdaiHub":{"name":"mdaihub","namespace":"mdai"},"namespace":"mdai","name":"mdaihub","reconcileID":"39f70c84-bb4e-49a9-8311-c032a81f2dfb","name":"gateway-dynamic-filtration"}
{"level":"warn","timestamp":"2026-02-27T00:58:02.097Z","msg":"VALKEY_AUDIT_STREAM_EXPIRY_MS is deprecated; use VALKEY_AUDIT_STREAM_RETENTION","retention":2592000,"stacktrace":"github.com/decisiveai/mdai-data-core/audit.getStreamRetention\n\tgithub.com/decisiveai/mdai-data-core@v0.2.9/audit/adapter.go:241\ngithub.com/decisiveai/mdai-data-core/audit.NewAuditAdapter\n\tgithub.com/decisiveai/mdai-data-core@v0.2.9/audit/adapter.go:54\ngithub.com/decisiveai/mdai-operator/internal/controller.HubAdapter.restartCollectorAndAudit\n\tgithub.com/decisiveai/mdai-operator/internal/controller/hub_adapter.go:427\ngithub.com/decisiveai/mdai-operator/internal/controller.HubAdapter.syncComputedConfigMapsAndRestart\n\tgithub.com/decisiveai/mdai-operator/internal/controller/hub_adapter.go:458\ngithub.com/decisiveai/mdai-operator/internal/controller.HubAdapter.ensureVariableSynchronized\n\tgithub.com/decisiveai/mdai-operator/internal/controller/hub_adapter.go:507\ngithub.com/decisiveai/mdai-operator/internal/controller.(*MdaiHubReconciler).ReconcileHandler\n\tgithub.com/decisiveai/mdai-operator/internal/controller/mdaihub_controller.go:113\ngithub.com/decisiveai/mdai-operator/internal/controller.(*MdaiHubReconciler).Reconcile\n\tgithub.com/decisiveai/mdai-operator/internal/controller/mdaihub_controller.go:87\nsigs.k8s.io/controller-runtime/pkg/internal/controller.(*Controller[...]).Reconcile\n\tsigs.k8s.io/controller-runtime@v0.20.4/pkg/internal/controller/controller.go:119\nsigs.k8s.io/controller-runtime/pkg/internal/controller.(*Controller[...]).reconcileHandler\n\tsigs.k8s.io/controller-runtime@v0.20.4/pkg/internal/controller/controller.go:334\nsigs.k8s.io/controller-runtime/pkg/internal/controller.(*Controller[...]).processNextWorkItem\n\tsigs.k8s.io/controller-runtime@v0.20.4/pkg/internal/controller/controller.go:294\nsigs.k8s.io/controller-runtime/pkg/internal/controller.(*Controller[...]).Start.func2.2\n\tsigs.k8s.io/controller-runtime@v0.20.4/pkg/internal/controller/controller.go:255"}
{"level":"info","timestamp":"2026-02-27T00:58:02.097Z","msg":"AUDIT: Triggering restart of OpenTelemetry Collector","controller":"mdaihub","controllerGroup":"hub.mydecisive.ai","controllerKind":"MdaiHub","MdaiHub":{"name":"mdaihub","namespace":"mdai"},"namespace":"mdai","name":"mdaihub","reconcileID":"39f70c84-bb4e-49a9-8311-c032a81f2dfb","mdai-logstream":"audit","FIELDS_TO_HASH":"","type":"collector_restart","timestamp":"2026-02-27T00:58:02Z","hub_name":"mdaihub","FIELDS_TO_REDACT":""}
{"level":"info","timestamp":"2026-02-27T00:58:02.097Z","msg":"Triggering restart of OpenTelemetry Collector","controller":"mdaihub","controllerGroup":"hub.mydecisive.ai","controllerKind":"MdaiHub","MdaiHub":{"name":"mdaihub","namespace":"mdai"},"namespace":"mdai","name":"mdaihub","reconcileID":"39f70c84-bb4e-49a9-8311-c032a81f2dfb","name":"gateway-pii"}
{"level":"warn","timestamp":"2026-02-27T00:58:02.109Z","msg":"VALKEY_AUDIT_STREAM_EXPIRY_MS is deprecated; use VALKEY_AUDIT_STREAM_RETENTION","retention":2592000,"stacktrace":"github.com/decisiveai/mdai-data-core/audit.getStreamRetention\n\tgithub.com/decisiveai/mdai-data-core@v0.2.9/audit/adapter.go:241\ngithub.com/decisiveai/mdai-data-core/audit.NewAuditAdapter\n\tgithub.com/decisiveai/mdai-data-core@v0.2.9/audit/adapter.go:54\ngithub.com/decisiveai/mdai-operator/internal/controller.HubAdapter.restartCollectorAndAudit\n\tgithub.com/decisiveai/mdai-operator/internal/controller/hub_adapter.go:427\ngithub.com/decisiveai/mdai-operator/internal/controller.HubAdapter.syncComputedConfigMapsAndRestart\n\tgithub.com/decisiveai/mdai-operator/internal/controller/hub_adapter.go:458\ngithub.com/decisiveai/mdai-operator/internal/controller.HubAdapter.ensureVariableSynchronized\n\tgithub.com/decisiveai/mdai-operator/internal/controller/hub_adapter.go:507\ngithub.com/decisiveai/mdai-operator/internal/controller.(*MdaiHubReconciler).ReconcileHandler\n\tgithub.com/decisiveai/mdai-operator/internal/controller/mdaihub_controller.go:113\ngithub.com/decisiveai/mdai-operator/internal/controller.(*MdaiHubReconciler).Reconcile\n\tgithub.com/decisiveai/mdai-operator/internal/controller/mdaihub_controller.go:87\nsigs.k8s.io/controller-runtime/pkg/internal/controller.(*Controller[...]).Reconcile\n\tsigs.k8s.io/controller-runtime@v0.20.4/pkg/internal/controller/controller.go:119\nsigs.k8s.io/controller-runtime/pkg/internal/controller.(*Controller[...]).reconcileHandler\n\tsigs.k8s.io/controller-runtime@v0.20.4/pkg/internal/controller/controller.go:334\nsigs.k8s.io/controller-runtime/pkg/internal/controller.(*Controller[...]).processNextWorkItem\n\tsigs.k8s.io/controller-runtime@v0.20.4/pkg/internal/controller/controller.go:294\nsigs.k8s.io/controller-runtime/pkg/internal/controller.(*Controller[...]).Start.func2.2\n\tsigs.k8s.io/controller-runtime@v0.20.4/pkg/internal/controller/controller.go:255"}
{"level":"info","timestamp":"2026-02-27T00:58:02.109Z","msg":"AUDIT: Triggering restart of OpenTelemetry Collector","controller":"mdaihub","controllerGroup":"hub.mydecisive.ai","controllerKind":"MdaiHub","MdaiHub":{"name":"mdaihub","namespace":"mdai"},"namespace":"mdai","name":"mdaihub","reconcileID":"39f70c84-bb4e-49a9-8311-c032a81f2dfb","mdai-logstream":"audit","type":"collector_restart","timestamp":"2026-02-27T00:58:02Z","hub_name":"mdaihub","FIELDS_TO_HASH":"","FIELDS_TO_REDACT":""}
{"level":"info","timestamp":"2026-02-27T00:58:02.112Z","msg":"Status set to done for mdai hub","controller":"mdaihub","controllerGroup":"hub.mydecisive.ai","controllerKind":"MdaiHub","MdaiHub":{"name":"mdaihub","namespace":"mdai"},"namespace":"mdai","name":"mdaihub","reconcileID":"39f70c84-bb4e-49a9-8311-c032a81f2dfb","mdaiHub":"mdaihub"}
{"level":"info","timestamp":"2026-02-27T00:58:02.112Z","msg":"-- Finished MdaiHub reconciliation --","controller":"mdaihub","controllerGroup":"hub.mydecisive.ai","controllerKind":"MdaiHub","MdaiHub":{"name":"mdaihub","namespace":"mdai"},"namespace":"mdai","name":"mdaihub","reconcileID":"39f70c84-bb4e-49a9-8311-c032a81f2dfb"}
{"level":"info","timestamp":"2026-02-27T00:58:03.051Z","logger":"mdaihub-resource","msg":"Defaulting for MdaiHub","name":"mdaihub"}
{"level":"info","timestamp":"2026-02-27T00:58:03.053Z","logger":"mdaihub-resource","msg":"Validation for MdaiHub upon update","name":"mdaihub"}
{"level":"info","timestamp":"2026-02-27T00:58:03.054Z","msg":"-- Starting MdaiHub reconciliation --","controller":"mdaihub","controllerGroup":"hub.mydecisive.ai","controllerKind":"MdaiHub","MdaiHub":{"name":"mdaihub","namespace":"mdai"},"namespace":"mdai","name":"mdaihub","reconcileID":"7791b31d-8dae-4295-b8de-14dadff3f327","namespace":{"name":"mdaihub","namespace":"mdai"},"name":"mdaihub"}
{"level":"info","timestamp":"2026-02-27T00:58:03.054Z","msg":"EnsurePrometheusRuleSynchronized","controller":"mdaihub","controllerGroup":"hub.mydecisive.ai","controllerKind":"MdaiHub","MdaiHub":{"name":"mdaihub","namespace":"mdai"},"namespace":"mdai","name":"mdaihub","reconcileID":"7791b31d-8dae-4295-b8de-14dadff3f327"}
{"level":"info","timestamp":"2026-02-27T00:58:03.056Z","msg":"Created new PrometheusRule","controller":"mdaihub","controllerGroup":"hub.mydecisive.ai","controllerKind":"MdaiHub","MdaiHub":{"name":"mdaihub","namespace":"mdai"},"namespace":"mdai","name":"mdaihub","reconcileID":"7791b31d-8dae-4295-b8de-14dadff3f327","prometheus_rule_name":"mdai-mdaihub-alert-rules"}
{"level":"info","timestamp":"2026-02-27T00:58:03.060Z","msg":"Creating or updating ConfigMap for automations","controller":"mdaihub","controllerGroup":"hub.mydecisive.ai","controllerKind":"MdaiHub","MdaiHub":{"name":"mdaihub","namespace":"mdai"},"namespace":"mdai","name":"mdaihub","reconcileID":"7791b31d-8dae-4295-b8de-14dadff3f327","name":"mdaihub"}
{"level":"info","timestamp":"2026-02-27T00:58:03.062Z","msg":"<CreateFunc> mdaihub-automation ignored"}
{"level":"info","timestamp":"2026-02-27T00:58:03.062Z","msg":"Successfully created or updated ConfigMap","controller":"mdaihub","controllerGroup":"hub.mydecisive.ai","controllerKind":"MdaiHub","MdaiHub":{"name":"mdaihub","namespace":"mdai"},"namespace":"mdai","name":"mdaihub","reconcileID":"7791b31d-8dae-4295-b8de-14dadff3f327","name":"mdaihub-automation","namespace":"mdai","operation":"created"}
{"level":"info","timestamp":"2026-02-27T00:58:03.062Z","msg":"Successfully created ConfigMap for automations","controller":"mdaihub","controllerGroup":"hub.mydecisive.ai","controllerKind":"MdaiHub","MdaiHub":{"name":"mdaihub","namespace":"mdai"},"namespace":"mdai","name":"mdaihub","reconcileID":"7791b31d-8dae-4295-b8de-14dadff3f327","name":"mdaihub"}
{"level":"info","timestamp":"2026-02-27T00:58:03.062Z","msg":"Processing variable","controller":"mdaihub","controllerGroup":"hub.mydecisive.ai","controllerKind":"MdaiHub","MdaiHub":{"name":"mdaihub","namespace":"mdai"},"namespace":"mdai","name":"mdaihub","reconcileID":"7791b31d-8dae-4295-b8de-14dadff3f327","key":"service_list"}
{"level":"info","timestamp":"2026-02-27T00:58:03.062Z","msg":"Data received for variable/mdaihub/service_list: []"}
{"level":"info","timestamp":"2026-02-27T00:58:03.062Z","msg":"Processing variable","controller":"mdaihub","controllerGroup":"hub.mydecisive.ai","controllerKind":"MdaiHub","MdaiHub":{"name":"mdaihub","namespace":"mdai"},"namespace":"mdai","name":"mdaihub","reconcileID":"7791b31d-8dae-4295-b8de-14dadff3f327","key":"alerting_data_type"}
{"level":"info","timestamp":"2026-02-27T00:58:03.062Z","msg":"No value found in storage","key":"variable/mdaihub/alerting_data_type"}
{"level":"info","timestamp":"2026-02-27T00:58:03.062Z","msg":"Processing variable","controller":"mdaihub","controllerGroup":"hub.mydecisive.ai","controllerKind":"MdaiHub","MdaiHub":{"name":"mdaihub","namespace":"mdai"},"namespace":"mdai","name":"mdaihub","reconcileID":"7791b31d-8dae-4295-b8de-14dadff3f327","key":"alerting_triggered"}
{"level":"info","timestamp":"2026-02-27T00:58:03.062Z","msg":"No value found in storage","key":"variable/mdaihub/alerting_triggered"}
{"level":"info","timestamp":"2026-02-27T00:58:03.062Z","msg":"Deleting old valkey keys","controller":"mdaihub","controllerGroup":"hub.mydecisive.ai","controllerKind":"MdaiHub","MdaiHub":{"name":"mdaihub","namespace":"mdai"},"namespace":"mdai","name":"mdaihub","reconcileID":"7791b31d-8dae-4295-b8de-14dadff3f327","valkeyKeysToKeep":{"alerting_data_type":{},"alerting_triggered":{},"service_list":{}}}
{"level":"info","timestamp":"2026-02-27T00:58:03.062Z","msg":"No manual variables defined in the MDAI CR","controller":"mdaihub","controllerGroup":"hub.mydecisive.ai","controllerKind":"MdaiHub","MdaiHub":{"name":"mdaihub","namespace":"mdai"},"namespace":"mdai","name":"mdaihub","reconcileID":"7791b31d-8dae-4295-b8de-14dadff3f327","name":"mdaihub"}
{"level":"info","timestamp":"2026-02-27T00:58:03.062Z","msg":"Deleting ConfigMap","controller":"mdaihub","controllerGroup":"hub.mydecisive.ai","controllerKind":"MdaiHub","MdaiHub":{"name":"mdaihub","namespace":"mdai"},"namespace":"mdai","name":"mdaihub","reconcileID":"7791b31d-8dae-4295-b8de-14dadff3f327","name":"mdaihub-manual-variables","namespace":"mdai"}
{"level":"info","timestamp":"2026-02-27T00:58:03.063Z","msg":"<DeleteFunc> mdaihub-manual-variables ignored"}
{"level":"info","timestamp":"2026-02-27T00:58:03.065Z","msg":"<UpdateFunc> mdaihub-variables shouldReconcile: false"}
{"level":"info","timestamp":"2026-02-27T00:58:03.065Z","msg":"Successfully created or updated ConfigMap","controller":"mdaihub","controllerGroup":"hub.mydecisive.ai","controllerKind":"MdaiHub","MdaiHub":{"name":"mdaihub","namespace":"mdai"},"namespace":"mdai","name":"mdaihub","reconcileID":"7791b31d-8dae-4295-b8de-14dadff3f327","name":"mdaihub-variables","namespace":"mdai","operation":"updated"}
{"level":"info","timestamp":"2026-02-27T00:58:03.065Z","msg":"Successfully created or updated ConfigMap","controller":"mdaihub","controllerGroup":"hub.mydecisive.ai","controllerKind":"MdaiHub","MdaiHub":{"name":"mdaihub","namespace":"mdai"},"namespace":"mdai","name":"mdaihub","reconcileID":"7791b31d-8dae-4295-b8de-14dadff3f327","name":"mdaihub-variables","namespace":"mdai","operation":"unchanged"}
{"level":"info","timestamp":"2026-02-27T00:58:03.065Z","msg":"Successfully created or updated ConfigMap","controller":"mdaihub","controllerGroup":"hub.mydecisive.ai","controllerKind":"MdaiHub","MdaiHub":{"name":"mdaihub","namespace":"mdai"},"namespace":"mdai","name":"mdaihub","reconcileID":"7791b31d-8dae-4295-b8de-14dadff3f327","name":"mdaihub-variables","namespace":"mdai","operation":"unchanged"}
{"level":"info","timestamp":"2026-02-27T00:58:03.065Z","msg":"Triggering restart of OpenTelemetry Collector","controller":"mdaihub","controllerGroup":"hub.mydecisive.ai","controllerKind":"MdaiHub","MdaiHub":{"name":"mdaihub","namespace":"mdai"},"namespace":"mdai","name":"mdaihub","reconcileID":"7791b31d-8dae-4295-b8de-14dadff3f327","name":"gateway-datadog"}
{"level":"warn","timestamp":"2026-02-27T00:58:03.073Z","msg":"VALKEY_AUDIT_STREAM_EXPIRY_MS is deprecated; use VALKEY_AUDIT_STREAM_RETENTION","retention":2592000,"stacktrace":"github.com/decisiveai/mdai-data-core/audit.getStreamRetention\n\tgithub.com/decisiveai/mdai-data-core@v0.2.9/audit/adapter.go:241\ngithub.com/decisiveai/mdai-data-core/audit.NewAuditAdapter\n\tgithub.com/decisiveai/mdai-data-core@v0.2.9/audit/adapter.go:54\ngithub.com/decisiveai/mdai-operator/internal/controller.HubAdapter.restartCollectorAndAudit\n\tgithub.com/decisiveai/mdai-operator/internal/controller/hub_adapter.go:427\ngithub.com/decisiveai/mdai-operator/internal/controller.HubAdapter.syncComputedConfigMapsAndRestart\n\tgithub.com/decisiveai/mdai-operator/internal/controller/hub_adapter.go:458\ngithub.com/decisiveai/mdai-operator/internal/controller.HubAdapter.ensureVariableSynchronized\n\tgithub.com/decisiveai/mdai-operator/internal/controller/hub_adapter.go:507\ngithub.com/decisiveai/mdai-operator/internal/controller.(*MdaiHubReconciler).ReconcileHandler\n\tgithub.com/decisiveai/mdai-operator/internal/controller/mdaihub_controller.go:113\ngithub.com/decisiveai/mdai-operator/internal/controller.(*MdaiHubReconciler).Reconcile\n\tgithub.com/decisiveai/mdai-operator/internal/controller/mdaihub_controller.go:87\nsigs.k8s.io/controller-runtime/pkg/internal/controller.(*Controller[...]).Reconcile\n\tsigs.k8s.io/controller-runtime@v0.20.4/pkg/internal/controller/controller.go:119\nsigs.k8s.io/controller-runtime/pkg/internal/controller.(*Controller[...]).reconcileHandler\n\tsigs.k8s.io/controller-runtime@v0.20.4/pkg/internal/controller/controller.go:334\nsigs.k8s.io/controller-runtime/pkg/internal/controller.(*Controller[...]).processNextWorkItem\n\tsigs.k8s.io/controller-runtime@v0.20.4/pkg/internal/controller/controller.go:294\nsigs.k8s.io/controller-runtime/pkg/internal/controller.(*Controller[...]).Start.func2.2\n\tsigs.k8s.io/controller-runtime@v0.20.4/pkg/internal/controller/controller.go:255"}
{"level":"info","timestamp":"2026-02-27T00:58:03.073Z","msg":"AUDIT: Triggering restart of OpenTelemetry Collector","controller":"mdaihub","controllerGroup":"hub.mydecisive.ai","controllerKind":"MdaiHub","MdaiHub":{"name":"mdaihub","namespace":"mdai"},"namespace":"mdai","name":"mdaihub","reconcileID":"7791b31d-8dae-4295-b8de-14dadff3f327","mdai-logstream":"audit","hub_name":"mdaihub","SERVICE_LIST_REGEX":"","type":"collector_restart","timestamp":"2026-02-27T00:58:03Z"}
{"level":"info","timestamp":"2026-02-27T00:58:03.074Z","msg":"Triggering restart of OpenTelemetry Collector","controller":"mdaihub","controllerGroup":"hub.mydecisive.ai","controllerKind":"MdaiHub","MdaiHub":{"name":"mdaihub","namespace":"mdai"},"namespace":"mdai","name":"mdaihub","reconcileID":"7791b31d-8dae-4295-b8de-14dadff3f327","name":"gateway-dynamic-filtration"}
{"level":"warn","timestamp":"2026-02-27T00:58:03.085Z","msg":"VALKEY_AUDIT_STREAM_EXPIRY_MS is deprecated; use VALKEY_AUDIT_STREAM_RETENTION","retention":2592000,"stacktrace":"github.com/decisiveai/mdai-data-core/audit.getStreamRetention\n\tgithub.com/decisiveai/mdai-data-core@v0.2.9/audit/adapter.go:241\ngithub.com/decisiveai/mdai-data-core/audit.NewAuditAdapter\n\tgithub.com/decisiveai/mdai-data-core@v0.2.9/audit/adapter.go:54\ngithub.com/decisiveai/mdai-operator/internal/controller.HubAdapter.restartCollectorAndAudit\n\tgithub.com/decisiveai/mdai-operator/internal/controller/hub_adapter.go:427\ngithub.com/decisiveai/mdai-operator/internal/controller.HubAdapter.syncComputedConfigMapsAndRestart\n\tgithub.com/decisiveai/mdai-operator/internal/controller/hub_adapter.go:458\ngithub.com/decisiveai/mdai-operator/internal/controller.HubAdapter.ensureVariableSynchronized\n\tgithub.com/decisiveai/mdai-operator/internal/controller/hub_adapter.go:507\ngithub.com/decisiveai/mdai-operator/internal/controller.(*MdaiHubReconciler).ReconcileHandler\n\tgithub.com/decisiveai/mdai-operator/internal/controller/mdaihub_controller.go:113\ngithub.com/decisiveai/mdai-operator/internal/controller.(*MdaiHubReconciler).Reconcile\n\tgithub.com/decisiveai/mdai-operator/internal/controller/mdaihub_controller.go:87\nsigs.k8s.io/controller-runtime/pkg/internal/controller.(*Controller[...]).Reconcile\n\tsigs.k8s.io/controller-runtime@v0.20.4/pkg/internal/controller/controller.go:119\nsigs.k8s.io/controller-runtime/pkg/internal/controller.(*Controller[...]).reconcileHandler\n\tsigs.k8s.io/controller-runtime@v0.20.4/pkg/internal/controller/controller.go:334\nsigs.k8s.io/controller-runtime/pkg/internal/controller.(*Controller[...]).processNextWorkItem\n\tsigs.k8s.io/controller-runtime@v0.20.4/pkg/internal/controller/controller.go:294\nsigs.k8s.io/controller-runtime/pkg/internal/controller.(*Controller[...]).Start.func2.2\n\tsigs.k8s.io/controller-runtime@v0.20.4/pkg/internal/controller/controller.go:255"}
{"level":"info","timestamp":"2026-02-27T00:58:03.085Z","msg":"AUDIT: Triggering restart of OpenTelemetry Collector","controller":"mdaihub","controllerGroup":"hub.mydecisive.ai","controllerKind":"MdaiHub","MdaiHub":{"name":"mdaihub","namespace":"mdai"},"namespace":"mdai","name":"mdaihub","reconcileID":"7791b31d-8dae-4295-b8de-14dadff3f327","mdai-logstream":"audit","hub_name":"mdaihub","SERVICE_LIST_REGEX":"","type":"collector_restart","timestamp":"2026-02-27T00:58:03Z"}
{"level":"info","timestamp":"2026-02-27T00:58:03.086Z","msg":"Triggering restart of OpenTelemetry Collector","controller":"mdaihub","controllerGroup":"hub.mydecisive.ai","controllerKind":"MdaiHub","MdaiHub":{"name":"mdaihub","namespace":"mdai"},"namespace":"mdai","name":"mdaihub","reconcileID":"7791b31d-8dae-4295-b8de-14dadff3f327","name":"gateway-pii"}
{"level":"warn","timestamp":"2026-02-27T00:58:03.093Z","msg":"VALKEY_AUDIT_STREAM_EXPIRY_MS is deprecated; use VALKEY_AUDIT_STREAM_RETENTION","retention":2592000,"stacktrace":"github.com/decisiveai/mdai-data-core/audit.getStreamRetention\n\tgithub.com/decisiveai/mdai-data-core@v0.2.9/audit/adapter.go:241\ngithub.com/decisiveai/mdai-data-core/audit.NewAuditAdapter\n\tgithub.com/decisiveai/mdai-data-core@v0.2.9/audit/adapter.go:54\ngithub.com/decisiveai/mdai-operator/internal/controller.HubAdapter.restartCollectorAndAudit\n\tgithub.com/decisiveai/mdai-operator/internal/controller/hub_adapter.go:427\ngithub.com/decisiveai/mdai-operator/internal/controller.HubAdapter.syncComputedConfigMapsAndRestart\n\tgithub.com/decisiveai/mdai-operator/internal/controller/hub_adapter.go:458\ngithub.com/decisiveai/mdai-operator/internal/controller.HubAdapter.ensureVariableSynchronized\n\tgithub.com/decisiveai/mdai-operator/internal/controller/hub_adapter.go:507\ngithub.com/decisiveai/mdai-operator/internal/controller.(*MdaiHubReconciler).ReconcileHandler\n\tgithub.com/decisiveai/mdai-operator/internal/controller/mdaihub_controller.go:113\ngithub.com/decisiveai/mdai-operator/internal/controller.(*MdaiHubReconciler).Reconcile\n\tgithub.com/decisiveai/mdai-operator/internal/controller/mdaihub_controller.go:87\nsigs.k8s.io/controller-runtime/pkg/internal/controller.(*Controller[...]).Reconcile\n\tsigs.k8s.io/controller-runtime@v0.20.4/pkg/internal/controller/controller.go:119\nsigs.k8s.io/controller-runtime/pkg/internal/controller.(*Controller[...]).reconcileHandler\n\tsigs.k8s.io/controller-runtime@v0.20.4/pkg/internal/controller/controller.go:334\nsigs.k8s.io/controller-runtime/pkg/internal/controller.(*Controller[...]).processNextWorkItem\n\tsigs.k8s.io/controller-runtime@v0.20.4/pkg/internal/controller/controller.go:294\nsigs.k8s.io/controller-runtime/pkg/internal/controller.(*Controller[...]).Start.func2.2\n\tsigs.k8s.io/controller-runtime@v0.20.4/pkg/internal/controller/controller.go:255"}
{"level":"info","timestamp":"2026-02-27T00:58:03.093Z","msg":"AUDIT: Triggering restart of OpenTelemetry Collector","controller":"mdaihub","controllerGroup":"hub.mydecisive.ai","controllerKind":"MdaiHub","MdaiHub":{"name":"mdaihub","namespace":"mdai"},"namespace":"mdai","name":"mdaihub","reconcileID":"7791b31d-8dae-4295-b8de-14dadff3f327","mdai-logstream":"audit","type":"collector_restart","timestamp":"2026-02-27T00:58:03Z","hub_name":"mdaihub","SERVICE_LIST_REGEX":""}
{"level":"info","timestamp":"2026-02-27T00:58:03.095Z","msg":"Status set to done for mdai hub","controller":"mdaihub","controllerGroup":"hub.mydecisive.ai","controllerKind":"MdaiHub","MdaiHub":{"name":"mdaihub","namespace":"mdai"},"namespace":"mdai","name":"mdaihub","reconcileID":"7791b31d-8dae-4295-b8de-14dadff3f327","mdaiHub":"mdaihub"}
{"level":"info","timestamp":"2026-02-27T00:58:03.095Z","msg":"-- Finished MdaiHub reconciliation --","controller":"mdaihub","controllerGroup":"hub.mydecisive.ai","controllerKind":"MdaiHub","MdaiHub":{"name":"mdaihub","namespace":"mdai"},"namespace":"mdai","name":"mdaihub","reconcileID":"7791b31d-8dae-4295-b8de-14dadff3f327"}
{"level":"info","timestamp":"2026-02-27T02:12:14.318Z","logger":"mdaihub-resource","msg":"Defaulting for MdaiHub","name":"mdaihub"}
{"level":"info","timestamp":"2026-02-27T02:12:14.320Z","logger":"mdaihub-resource","msg":"Validation for MdaiHub upon update","name":"mdaihub"}
{"level":"info","timestamp":"2026-02-27T02:12:14.321Z","msg":"-- Starting MdaiHub reconciliation --","controller":"mdaihub","controllerGroup":"hub.mydecisive.ai","controllerKind":"MdaiHub","MdaiHub":{"name":"mdaihub","namespace":"mdai"},"namespace":"mdai","name":"mdaihub","reconcileID":"555bca0d-6e6b-42bd-a064-72ffbb96e688","namespace":{"name":"mdaihub","namespace":"mdai"},"name":"mdaihub"}
{"level":"info","timestamp":"2026-02-27T02:12:14.321Z","msg":"EnsurePrometheusRuleSynchronized","controller":"mdaihub","controllerGroup":"hub.mydecisive.ai","controllerKind":"MdaiHub","MdaiHub":{"name":"mdaihub","namespace":"mdai"},"namespace":"mdai","name":"mdaihub","reconcileID":"555bca0d-6e6b-42bd-a064-72ffbb96e688"}
{"level":"info","timestamp":"2026-02-27T02:12:14.321Z","msg":"No evaluations found, skipping PrometheusRule creation","controller":"mdaihub","controllerGroup":"hub.mydecisive.ai","controllerKind":"MdaiHub","MdaiHub":{"name":"mdaihub","namespace":"mdai"},"namespace":"mdai","name":"mdaihub","reconcileID":"555bca0d-6e6b-42bd-a064-72ffbb96e688"}
{"level":"info","timestamp":"2026-02-27T02:12:14.321Z","msg":"Removing existing rules","controller":"mdaihub","controllerGroup":"hub.mydecisive.ai","controllerKind":"MdaiHub","MdaiHub":{"name":"mdaihub","namespace":"mdai"},"namespace":"mdai","name":"mdaihub","reconcileID":"555bca0d-6e6b-42bd-a064-72ffbb96e688"}
{"level":"info","timestamp":"2026-02-27T02:12:14.323Z","msg":"Deleted PrometheusRule","controller":"mdaihub","controllerGroup":"hub.mydecisive.ai","controllerKind":"MdaiHub","MdaiHub":{"name":"mdaihub","namespace":"mdai"},"namespace":"mdai","name":"mdaihub","reconcileID":"555bca0d-6e6b-42bd-a064-72ffbb96e688","prometheus_rule_name":"mdai-mdaihub-alert-rules"}
{"level":"info","timestamp":"2026-02-27T02:12:14.323Z","msg":"No automations defined in the MDAI CR","controller":"mdaihub","controllerGroup":"hub.mydecisive.ai","controllerKind":"MdaiHub","MdaiHub":{"name":"mdaihub","namespace":"mdai"},"namespace":"mdai","name":"mdaihub","reconcileID":"555bca0d-6e6b-42bd-a064-72ffbb96e688","name":"mdaihub"}
{"level":"info","timestamp":"2026-02-27T02:12:14.323Z","msg":"Deleting ConfigMap","controller":"mdaihub","controllerGroup":"hub.mydecisive.ai","controllerKind":"MdaiHub","MdaiHub":{"name":"mdaihub","namespace":"mdai"},"namespace":"mdai","name":"mdaihub","reconcileID":"555bca0d-6e6b-42bd-a064-72ffbb96e688","name":"mdaihub-automation","namespace":"mdai"}
{"level":"info","timestamp":"2026-02-27T02:12:14.325Z","msg":"<DeleteFunc> mdaihub-automation ignored"}
{"level":"info","timestamp":"2026-02-27T02:12:14.325Z","msg":"No variables found in the CR, skipping variable synchronization","controller":"mdaihub","controllerGroup":"hub.mydecisive.ai","controllerKind":"MdaiHub","MdaiHub":{"name":"mdaihub","namespace":"mdai"},"namespace":"mdai","name":"mdaihub","reconcileID":"555bca0d-6e6b-42bd-a064-72ffbb96e688"}
{"level":"info","timestamp":"2026-02-27T02:12:14.326Z","msg":"Status set to done for mdai hub","controller":"mdaihub","controllerGroup":"hub.mydecisive.ai","controllerKind":"MdaiHub","MdaiHub":{"name":"mdaihub","namespace":"mdai"},"namespace":"mdai","name":"mdaihub","reconcileID":"555bca0d-6e6b-42bd-a064-72ffbb96e688","mdaiHub":"mdaihub"}
{"level":"info","timestamp":"2026-02-27T02:12:14.326Z","msg":"-- Finished MdaiHub reconciliation --","controller":"mdaihub","controllerGroup":"hub.mydecisive.ai","controllerKind":"MdaiHub","MdaiHub":{"name":"mdaihub","namespace":"mdai"},"namespace":"mdai","name":"mdaihub","reconcileID":"555bca0d-6e6b-42bd-a064-72ffbb96e688"}
{"level":"info","timestamp":"2026-02-27T02:12:14.443Z","logger":"mdaihub-resource","msg":"Defaulting for MdaiHub","name":"mdaihub"}
{"level":"info","timestamp":"2026-02-27T02:12:14.444Z","logger":"mdaihub-resource","msg":"Validation for MdaiHub upon update","name":"mdaihub"}
{"level":"info","timestamp":"2026-02-27T02:12:14.446Z","msg":"-- Starting MdaiHub reconciliation --","controller":"mdaihub","controllerGroup":"hub.mydecisive.ai","controllerKind":"MdaiHub","MdaiHub":{"name":"mdaihub","namespace":"mdai"},"namespace":"mdai","name":"mdaihub","reconcileID":"60a63595-028b-4c46-be0f-ebfca3ef4983","namespace":{"name":"mdaihub","namespace":"mdai"},"name":"mdaihub"}
{"level":"info","timestamp":"2026-02-27T02:12:14.446Z","msg":"EnsurePrometheusRuleSynchronized","controller":"mdaihub","controllerGroup":"hub.mydecisive.ai","controllerKind":"MdaiHub","MdaiHub":{"name":"mdaihub","namespace":"mdai"},"namespace":"mdai","name":"mdaihub","reconcileID":"60a63595-028b-4c46-be0f-ebfca3ef4983"}
{"level":"info","timestamp":"2026-02-27T02:12:14.451Z","msg":"Created new PrometheusRule","controller":"mdaihub","controllerGroup":"hub.mydecisive.ai","controllerKind":"MdaiHub","MdaiHub":{"name":"mdaihub","namespace":"mdai"},"namespace":"mdai","name":"mdaihub","reconcileID":"60a63595-028b-4c46-be0f-ebfca3ef4983","prometheus_rule_name":"mdai-mdaihub-alert-rules"}
{"level":"info","timestamp":"2026-02-27T02:12:14.455Z","msg":"Creating or updating ConfigMap for automations","controller":"mdaihub","controllerGroup":"hub.mydecisive.ai","controllerKind":"MdaiHub","MdaiHub":{"name":"mdaihub","namespace":"mdai"},"namespace":"mdai","name":"mdaihub","reconcileID":"60a63595-028b-4c46-be0f-ebfca3ef4983","name":"mdaihub"}
{"level":"info","timestamp":"2026-02-27T02:12:14.457Z","msg":"<CreateFunc> mdaihub-automation ignored"}
{"level":"info","timestamp":"2026-02-27T02:12:14.457Z","msg":"Successfully created or updated ConfigMap","controller":"mdaihub","controllerGroup":"hub.mydecisive.ai","controllerKind":"MdaiHub","MdaiHub":{"name":"mdaihub","namespace":"mdai"},"namespace":"mdai","name":"mdaihub","reconcileID":"60a63595-028b-4c46-be0f-ebfca3ef4983","name":"mdaihub-automation","namespace":"mdai","operation":"created"}
{"level":"info","timestamp":"2026-02-27T02:12:14.457Z","msg":"Successfully created ConfigMap for automations","controller":"mdaihub","controllerGroup":"hub.mydecisive.ai","controllerKind":"MdaiHub","MdaiHub":{"name":"mdaihub","namespace":"mdai"},"namespace":"mdai","name":"mdaihub","reconcileID":"60a63595-028b-4c46-be0f-ebfca3ef4983","name":"mdaihub"}
{"level":"info","timestamp":"2026-02-27T02:12:14.457Z","msg":"Processing variable","controller":"mdaihub","controllerGroup":"hub.mydecisive.ai","controllerKind":"MdaiHub","MdaiHub":{"name":"mdaihub","namespace":"mdai"},"namespace":"mdai","name":"mdaihub","reconcileID":"60a63595-028b-4c46-be0f-ebfca3ef4983","key":"service_list"}
{"level":"info","timestamp":"2026-02-27T02:12:14.457Z","msg":"Data received for variable/mdaihub/service_list: []"}
{"level":"info","timestamp":"2026-02-27T02:12:14.457Z","msg":"Processing variable","controller":"mdaihub","controllerGroup":"hub.mydecisive.ai","controllerKind":"MdaiHub","MdaiHub":{"name":"mdaihub","namespace":"mdai"},"namespace":"mdai","name":"mdaihub","reconcileID":"60a63595-028b-4c46-be0f-ebfca3ef4983","key":"alerting_data_type"}
{"level":"info","timestamp":"2026-02-27T02:12:14.457Z","msg":"No value found in storage","key":"variable/mdaihub/alerting_data_type"}
{"level":"info","timestamp":"2026-02-27T02:12:14.457Z","msg":"Processing variable","controller":"mdaihub","controllerGroup":"hub.mydecisive.ai","controllerKind":"MdaiHub","MdaiHub":{"name":"mdaihub","namespace":"mdai"},"namespace":"mdai","name":"mdaihub","reconcileID":"60a63595-028b-4c46-be0f-ebfca3ef4983","key":"alerting_triggered"}
{"level":"info","timestamp":"2026-02-27T02:12:14.457Z","msg":"No value found in storage","key":"variable/mdaihub/alerting_triggered"}
{"level":"info","timestamp":"2026-02-27T02:12:14.457Z","msg":"Deleting old valkey keys","controller":"mdaihub","controllerGroup":"hub.mydecisive.ai","controllerKind":"MdaiHub","MdaiHub":{"name":"mdaihub","namespace":"mdai"},"namespace":"mdai","name":"mdaihub","reconcileID":"60a63595-028b-4c46-be0f-ebfca3ef4983","valkeyKeysToKeep":{"alerting_data_type":{},"alerting_triggered":{},"service_list":{}}}
{"level":"info","timestamp":"2026-02-27T02:12:14.457Z","msg":"No manual variables defined in the MDAI CR","controller":"mdaihub","controllerGroup":"hub.mydecisive.ai","controllerKind":"MdaiHub","MdaiHub":{"name":"mdaihub","namespace":"mdai"},"namespace":"mdai","name":"mdaihub","reconcileID":"60a63595-028b-4c46-be0f-ebfca3ef4983","name":"mdaihub"}
{"level":"info","timestamp":"2026-02-27T02:12:14.457Z","msg":"Deleting ConfigMap","controller":"mdaihub","controllerGroup":"hub.mydecisive.ai","controllerKind":"MdaiHub","MdaiHub":{"name":"mdaihub","namespace":"mdai"},"namespace":"mdai","name":"mdaihub","reconcileID":"60a63595-028b-4c46-be0f-ebfca3ef4983","name":"mdaihub-manual-variables","namespace":"mdai"}
{"level":"info","timestamp":"2026-02-27T02:12:14.459Z","msg":"ConfigMap not found, skipping deletion","controller":"mdaihub","controllerGroup":"hub.mydecisive.ai","controllerKind":"MdaiHub","MdaiHub":{"name":"mdaihub","namespace":"mdai"},"namespace":"mdai","name":"mdaihub","reconcileID":"60a63595-028b-4c46-be0f-ebfca3ef4983","name":"mdaihub-manual-variables","namespace":"mdai"}
{"level":"info","timestamp":"2026-02-27T02:12:14.459Z","msg":"Successfully created or updated ConfigMap","controller":"mdaihub","controllerGroup":"hub.mydecisive.ai","controllerKind":"MdaiHub","MdaiHub":{"name":"mdaihub","namespace":"mdai"},"namespace":"mdai","name":"mdaihub","reconcileID":"60a63595-028b-4c46-be0f-ebfca3ef4983","name":"mdaihub-variables","namespace":"mdai","operation":"unchanged"}
{"level":"info","timestamp":"2026-02-27T02:12:14.459Z","msg":"Successfully created or updated ConfigMap","controller":"mdaihub","controllerGroup":"hub.mydecisive.ai","controllerKind":"MdaiHub","MdaiHub":{"name":"mdaihub","namespace":"mdai"},"namespace":"mdai","name":"mdaihub","reconcileID":"60a63595-028b-4c46-be0f-ebfca3ef4983","name":"mdaihub-variables","namespace":"mdai","operation":"unchanged"}
{"level":"info","timestamp":"2026-02-27T02:12:14.459Z","msg":"Successfully created or updated ConfigMap","controller":"mdaihub","controllerGroup":"hub.mydecisive.ai","controllerKind":"MdaiHub","MdaiHub":{"name":"mdaihub","namespace":"mdai"},"namespace":"mdai","name":"mdaihub","reconcileID":"60a63595-028b-4c46-be0f-ebfca3ef4983","name":"mdaihub-variables","namespace":"mdai","operation":"unchanged"}
{"level":"info","timestamp":"2026-02-27T02:12:14.461Z","msg":"Status set to done for mdai hub","controller":"mdaihub","controllerGroup":"hub.mydecisive.ai","controllerKind":"MdaiHub","MdaiHub":{"name":"mdaihub","namespace":"mdai"},"namespace":"mdai","name":"mdaihub","reconcileID":"60a63595-028b-4c46-be0f-ebfca3ef4983","mdaiHub":"mdaihub"}
{"level":"info","timestamp":"2026-02-27T02:12:14.461Z","msg":"-- Finished MdaiHub reconciliation --","controller":"mdaihub","controllerGroup":"hub.mydecisive.ai","controllerKind":"MdaiHub","MdaiHub":{"name":"mdaihub","namespace":"mdai"},"namespace":"mdai","name":"mdaihub","reconcileID":"60a63595-028b-4c46-be0f-ebfca3ef4983"}
{"level":"info","timestamp":"2026-02-27T03:08:27.951Z","logger":"mdaihub-resource","msg":"Defaulting for MdaiHub","name":"mdaihub"}
{"level":"info","timestamp":"2026-02-27T03:08:27.954Z","logger":"mdaihub-resource","msg":"Validation for MdaiHub upon update","name":"mdaihub"}
{"level":"info","timestamp":"2026-02-27T03:08:27.955Z","msg":"-- Starting MdaiHub reconciliation --","controller":"mdaihub","controllerGroup":"hub.mydecisive.ai","controllerKind":"MdaiHub","MdaiHub":{"name":"mdaihub","namespace":"mdai"},"namespace":"mdai","name":"mdaihub","reconcileID":"251e6875-6709-409c-8f48-d56e17b0723b","namespace":{"name":"mdaihub","namespace":"mdai"},"name":"mdaihub"}
{"level":"info","timestamp":"2026-02-27T03:08:27.955Z","msg":"EnsurePrometheusRuleSynchronized","controller":"mdaihub","controllerGroup":"hub.mydecisive.ai","controllerKind":"MdaiHub","MdaiHub":{"name":"mdaihub","namespace":"mdai"},"namespace":"mdai","name":"mdaihub","reconcileID":"251e6875-6709-409c-8f48-d56e17b0723b"}
{"level":"info","timestamp":"2026-02-27T03:08:27.955Z","msg":"No evaluations found, skipping PrometheusRule creation","controller":"mdaihub","controllerGroup":"hub.mydecisive.ai","controllerKind":"MdaiHub","MdaiHub":{"name":"mdaihub","namespace":"mdai"},"namespace":"mdai","name":"mdaihub","reconcileID":"251e6875-6709-409c-8f48-d56e17b0723b"}
{"level":"info","timestamp":"2026-02-27T03:08:27.955Z","msg":"Removing existing rules","controller":"mdaihub","controllerGroup":"hub.mydecisive.ai","controllerKind":"MdaiHub","MdaiHub":{"name":"mdaihub","namespace":"mdai"},"namespace":"mdai","name":"mdaihub","reconcileID":"251e6875-6709-409c-8f48-d56e17b0723b"}
{"level":"info","timestamp":"2026-02-27T03:08:27.957Z","msg":"Deleted PrometheusRule","controller":"mdaihub","controllerGroup":"hub.mydecisive.ai","controllerKind":"MdaiHub","MdaiHub":{"name":"mdaihub","namespace":"mdai"},"namespace":"mdai","name":"mdaihub","reconcileID":"251e6875-6709-409c-8f48-d56e17b0723b","prometheus_rule_name":"mdai-mdaihub-alert-rules"}
{"level":"info","timestamp":"2026-02-27T03:08:27.957Z","msg":"No automations defined in the MDAI CR","controller":"mdaihub","controllerGroup":"hub.mydecisive.ai","controllerKind":"MdaiHub","MdaiHub":{"name":"mdaihub","namespace":"mdai"},"namespace":"mdai","name":"mdaihub","reconcileID":"251e6875-6709-409c-8f48-d56e17b0723b","name":"mdaihub"}
{"level":"info","timestamp":"2026-02-27T03:08:27.957Z","msg":"Deleting ConfigMap","controller":"mdaihub","controllerGroup":"hub.mydecisive.ai","controllerKind":"MdaiHub","MdaiHub":{"name":"mdaihub","namespace":"mdai"},"namespace":"mdai","name":"mdaihub","reconcileID":"251e6875-6709-409c-8f48-d56e17b0723b","name":"mdaihub-automation","namespace":"mdai"}
{"level":"info","timestamp":"2026-02-27T03:08:27.959Z","msg":"<DeleteFunc> mdaihub-automation ignored"}
{"level":"info","timestamp":"2026-02-27T03:08:27.959Z","msg":"No variables found in the CR, skipping variable synchronization","controller":"mdaihub","controllerGroup":"hub.mydecisive.ai","controllerKind":"MdaiHub","MdaiHub":{"name":"mdaihub","namespace":"mdai"},"namespace":"mdai","name":"mdaihub","reconcileID":"251e6875-6709-409c-8f48-d56e17b0723b"}
{"level":"info","timestamp":"2026-02-27T03:08:27.961Z","msg":"Status set to done for mdai hub","controller":"mdaihub","controllerGroup":"hub.mydecisive.ai","controllerKind":"MdaiHub","MdaiHub":{"name":"mdaihub","namespace":"mdai"},"namespace":"mdai","name":"mdaihub","reconcileID":"251e6875-6709-409c-8f48-d56e17b0723b","mdaiHub":"mdaihub"}
{"level":"info","timestamp":"2026-02-27T03:08:27.961Z","msg":"-- Finished MdaiHub reconciliation --","controller":"mdaihub","controllerGroup":"hub.mydecisive.ai","controllerKind":"MdaiHub","MdaiHub":{"name":"mdaihub","namespace":"mdai"},"namespace":"mdai","name":"mdaihub","reconcileID":"251e6875-6709-409c-8f48-d56e17b0723b"}
{"level":"info","timestamp":"2026-02-27T03:08:28.029Z","logger":"mdaihub-resource","msg":"Defaulting for MdaiHub","name":"mdaihub"}
{"level":"info","timestamp":"2026-02-27T03:08:28.030Z","logger":"mdaihub-resource","msg":"Validation for MdaiHub upon update","name":"mdaihub"}
{"level":"info","timestamp":"2026-02-27T03:08:28.032Z","msg":"-- Starting MdaiHub reconciliation --","controller":"mdaihub","controllerGroup":"hub.mydecisive.ai","controllerKind":"MdaiHub","MdaiHub":{"name":"mdaihub","namespace":"mdai"},"namespace":"mdai","name":"mdaihub","reconcileID":"4fdcb67b-b2f4-4b5d-acce-cbf536798004","namespace":{"name":"mdaihub","namespace":"mdai"},"name":"mdaihub"}
{"level":"info","timestamp":"2026-02-27T03:08:28.032Z","msg":"EnsurePrometheusRuleSynchronized","controller":"mdaihub","controllerGroup":"hub.mydecisive.ai","controllerKind":"MdaiHub","MdaiHub":{"name":"mdaihub","namespace":"mdai"},"namespace":"mdai","name":"mdaihub","reconcileID":"4fdcb67b-b2f4-4b5d-acce-cbf536798004"}
{"level":"info","timestamp":"2026-02-27T03:08:28.037Z","msg":"Created new PrometheusRule","controller":"mdaihub","controllerGroup":"hub.mydecisive.ai","controllerKind":"MdaiHub","MdaiHub":{"name":"mdaihub","namespace":"mdai"},"namespace":"mdai","name":"mdaihub","reconcileID":"4fdcb67b-b2f4-4b5d-acce-cbf536798004","prometheus_rule_name":"mdai-mdaihub-alert-rules"}
{"level":"info","timestamp":"2026-02-27T03:08:28.042Z","logger":"mdaihub-resource","msg":"Defaulting for MdaiHub","name":"mdaihub"}
{"level":"info","timestamp":"2026-02-27T03:08:28.042Z","msg":"Creating or updating ConfigMap for automations","controller":"mdaihub","controllerGroup":"hub.mydecisive.ai","controllerKind":"MdaiHub","MdaiHub":{"name":"mdaihub","namespace":"mdai"},"namespace":"mdai","name":"mdaihub","reconcileID":"4fdcb67b-b2f4-4b5d-acce-cbf536798004","name":"mdaihub"}
{"level":"info","timestamp":"2026-02-27T03:08:28.043Z","logger":"mdaihub-resource","msg":"Validation for MdaiHub upon update","name":"mdaihub"}
{"level":"info","timestamp":"2026-02-27T03:08:28.044Z","msg":"Successfully created or updated ConfigMap","controller":"mdaihub","controllerGroup":"hub.mydecisive.ai","controllerKind":"MdaiHub","MdaiHub":{"name":"mdaihub","namespace":"mdai"},"namespace":"mdai","name":"mdaihub","reconcileID":"4fdcb67b-b2f4-4b5d-acce-cbf536798004","name":"mdaihub-automation","namespace":"mdai","operation":"created"}
{"level":"info","timestamp":"2026-02-27T03:08:28.044Z","msg":"Successfully created ConfigMap for automations","controller":"mdaihub","controllerGroup":"hub.mydecisive.ai","controllerKind":"MdaiHub","MdaiHub":{"name":"mdaihub","namespace":"mdai"},"namespace":"mdai","name":"mdaihub","reconcileID":"4fdcb67b-b2f4-4b5d-acce-cbf536798004","name":"mdaihub"}
{"level":"info","timestamp":"2026-02-27T03:08:28.044Z","msg":"Processing variable","controller":"mdaihub","controllerGroup":"hub.mydecisive.ai","controllerKind":"MdaiHub","MdaiHub":{"name":"mdaihub","namespace":"mdai"},"namespace":"mdai","name":"mdaihub","reconcileID":"4fdcb67b-b2f4-4b5d-acce-cbf536798004","key":"service_list"}
{"level":"info","timestamp":"2026-02-27T03:08:28.044Z","msg":"<CreateFunc> mdaihub-automation ignored"}
{"level":"info","timestamp":"2026-02-27T03:08:28.044Z","msg":"Data received for variable/mdaihub/service_list: []"}
{"level":"info","timestamp":"2026-02-27T03:08:28.044Z","msg":"Processing variable","controller":"mdaihub","controllerGroup":"hub.mydecisive.ai","controllerKind":"MdaiHub","MdaiHub":{"name":"mdaihub","namespace":"mdai"},"namespace":"mdai","name":"mdaihub","reconcileID":"4fdcb67b-b2f4-4b5d-acce-cbf536798004","key":"alerting_data_type"}
{"level":"info","timestamp":"2026-02-27T03:08:28.045Z","msg":"No value found in storage","key":"variable/mdaihub/alerting_data_type"}
{"level":"info","timestamp":"2026-02-27T03:08:28.045Z","msg":"Processing variable","controller":"mdaihub","controllerGroup":"hub.mydecisive.ai","controllerKind":"MdaiHub","MdaiHub":{"name":"mdaihub","namespace":"mdai"},"namespace":"mdai","name":"mdaihub","reconcileID":"4fdcb67b-b2f4-4b5d-acce-cbf536798004","key":"alerting_triggered"}
{"level":"info","timestamp":"2026-02-27T03:08:28.045Z","msg":"No value found in storage","key":"variable/mdaihub/alerting_triggered"}
{"level":"info","timestamp":"2026-02-27T03:08:28.045Z","msg":"Deleting old valkey keys","controller":"mdaihub","controllerGroup":"hub.mydecisive.ai","controllerKind":"MdaiHub","MdaiHub":{"name":"mdaihub","namespace":"mdai"},"namespace":"mdai","name":"mdaihub","reconcileID":"4fdcb67b-b2f4-4b5d-acce-cbf536798004","valkeyKeysToKeep":{"alerting_data_type":{},"alerting_triggered":{},"service_list":{}}}
{"level":"info","timestamp":"2026-02-27T03:08:28.045Z","msg":"No manual variables defined in the MDAI CR","controller":"mdaihub","controllerGroup":"hub.mydecisive.ai","controllerKind":"MdaiHub","MdaiHub":{"name":"mdaihub","namespace":"mdai"},"namespace":"mdai","name":"mdaihub","reconcileID":"4fdcb67b-b2f4-4b5d-acce-cbf536798004","name":"mdaihub"}
{"level":"info","timestamp":"2026-02-27T03:08:28.045Z","msg":"Deleting ConfigMap","controller":"mdaihub","controllerGroup":"hub.mydecisive.ai","controllerKind":"MdaiHub","MdaiHub":{"name":"mdaihub","namespace":"mdai"},"namespace":"mdai","name":"mdaihub","reconcileID":"4fdcb67b-b2f4-4b5d-acce-cbf536798004","name":"mdaihub-manual-variables","namespace":"mdai"}
{"level":"info","timestamp":"2026-02-27T03:08:28.046Z","msg":"ConfigMap not found, skipping deletion","controller":"mdaihub","controllerGroup":"hub.mydecisive.ai","controllerKind":"MdaiHub","MdaiHub":{"name":"mdaihub","namespace":"mdai"},"namespace":"mdai","name":"mdaihub","reconcileID":"4fdcb67b-b2f4-4b5d-acce-cbf536798004","name":"mdaihub-manual-variables","namespace":"mdai"}
{"level":"info","timestamp":"2026-02-27T03:08:28.046Z","msg":"Successfully created or updated ConfigMap","controller":"mdaihub","controllerGroup":"hub.mydecisive.ai","controllerKind":"MdaiHub","MdaiHub":{"name":"mdaihub","namespace":"mdai"},"namespace":"mdai","name":"mdaihub","reconcileID":"4fdcb67b-b2f4-4b5d-acce-cbf536798004","name":"mdaihub-variables","namespace":"mdai","operation":"unchanged"}
{"level":"info","timestamp":"2026-02-27T03:08:28.047Z","msg":"Successfully created or updated ConfigMap","controller":"mdaihub","controllerGroup":"hub.mydecisive.ai","controllerKind":"MdaiHub","MdaiHub":{"name":"mdaihub","namespace":"mdai"},"namespace":"mdai","name":"mdaihub","reconcileID":"4fdcb67b-b2f4-4b5d-acce-cbf536798004","name":"mdaihub-variables","namespace":"mdai","operation":"unchanged"}
{"level":"info","timestamp":"2026-02-27T03:08:28.047Z","msg":"Successfully created or updated ConfigMap","controller":"mdaihub","controllerGroup":"hub.mydecisive.ai","controllerKind":"MdaiHub","MdaiHub":{"name":"mdaihub","namespace":"mdai"},"namespace":"mdai","name":"mdaihub","reconcileID":"4fdcb67b-b2f4-4b5d-acce-cbf536798004","name":"mdaihub-variables","namespace":"mdai","operation":"unchanged"}
{"level":"info","timestamp":"2026-02-27T03:08:28.049Z","msg":"Status set to done for mdai hub","controller":"mdaihub","controllerGroup":"hub.mydecisive.ai","controllerKind":"MdaiHub","MdaiHub":{"name":"mdaihub","namespace":"mdai"},"namespace":"mdai","name":"mdaihub","reconcileID":"4fdcb67b-b2f4-4b5d-acce-cbf536798004","mdaiHub":"mdaihub"}
{"level":"info","timestamp":"2026-02-27T03:08:28.049Z","msg":"-- Finished MdaiHub reconciliation --","controller":"mdaihub","controllerGroup":"hub.mydecisive.ai","controllerKind":"MdaiHub","MdaiHub":{"name":"mdaihub","namespace":"mdai"},"namespace":"mdai","name":"mdaihub","reconcileID":"4fdcb67b-b2f4-4b5d-acce-cbf536798004"}
{"level":"info","timestamp":"2026-02-27T03:08:28.049Z","msg":"-- Starting MdaiHub reconciliation --","controller":"mdaihub","controllerGroup":"hub.mydecisive.ai","controllerKind":"MdaiHub","MdaiHub":{"name":"mdaihub","namespace":"mdai"},"namespace":"mdai","name":"mdaihub","reconcileID":"c10bdc77-bf25-4a3d-aa7d-0fef90fff2d6","namespace":{"name":"mdaihub","namespace":"mdai"},"name":"mdaihub"}
{"level":"info","timestamp":"2026-02-27T03:08:28.049Z","msg":"EnsurePrometheusRuleSynchronized","controller":"mdaihub","controllerGroup":"hub.mydecisive.ai","controllerKind":"MdaiHub","MdaiHub":{"name":"mdaihub","namespace":"mdai"},"namespace":"mdai","name":"mdaihub","reconcileID":"c10bdc77-bf25-4a3d-aa7d-0fef90fff2d6"}
{"level":"info","timestamp":"2026-02-27T03:08:28.049Z","msg":"No evaluations found, skipping PrometheusRule creation","controller":"mdaihub","controllerGroup":"hub.mydecisive.ai","controllerKind":"MdaiHub","MdaiHub":{"name":"mdaihub","namespace":"mdai"},"namespace":"mdai","name":"mdaihub","reconcileID":"c10bdc77-bf25-4a3d-aa7d-0fef90fff2d6"}
{"level":"info","timestamp":"2026-02-27T03:08:28.049Z","msg":"Removing existing rules","controller":"mdaihub","controllerGroup":"hub.mydecisive.ai","controllerKind":"MdaiHub","MdaiHub":{"name":"mdaihub","namespace":"mdai"},"namespace":"mdai","name":"mdaihub","reconcileID":"c10bdc77-bf25-4a3d-aa7d-0fef90fff2d6"}
{"level":"info","timestamp":"2026-02-27T03:08:28.052Z","msg":"Deleted PrometheusRule","controller":"mdaihub","controllerGroup":"hub.mydecisive.ai","controllerKind":"MdaiHub","MdaiHub":{"name":"mdaihub","namespace":"mdai"},"namespace":"mdai","name":"mdaihub","reconcileID":"c10bdc77-bf25-4a3d-aa7d-0fef90fff2d6","prometheus_rule_name":"mdai-mdaihub-alert-rules"}
{"level":"info","timestamp":"2026-02-27T03:08:28.052Z","msg":"No automations defined in the MDAI CR","controller":"mdaihub","controllerGroup":"hub.mydecisive.ai","controllerKind":"MdaiHub","MdaiHub":{"name":"mdaihub","namespace":"mdai"},"namespace":"mdai","name":"mdaihub","reconcileID":"c10bdc77-bf25-4a3d-aa7d-0fef90fff2d6","name":"mdaihub"}
{"level":"info","timestamp":"2026-02-27T03:08:28.052Z","msg":"Deleting ConfigMap","controller":"mdaihub","controllerGroup":"hub.mydecisive.ai","controllerKind":"MdaiHub","MdaiHub":{"name":"mdaihub","namespace":"mdai"},"namespace":"mdai","name":"mdaihub","reconcileID":"c10bdc77-bf25-4a3d-aa7d-0fef90fff2d6","name":"mdaihub-automation","namespace":"mdai"}
{"level":"info","timestamp":"2026-02-27T03:08:28.054Z","msg":"Processing variable","controller":"mdaihub","controllerGroup":"hub.mydecisive.ai","controllerKind":"MdaiHub","MdaiHub":{"name":"mdaihub","namespace":"mdai"},"namespace":"mdai","name":"mdaihub","reconcileID":"c10bdc77-bf25-4a3d-aa7d-0fef90fff2d6","key":"fields_to_redact"}
{"level":"info","timestamp":"2026-02-27T03:08:28.054Z","msg":"<DeleteFunc> mdaihub-automation ignored"}
{"level":"info","timestamp":"2026-02-27T03:08:28.054Z","msg":"Data received for variable/mdaihub/fields_to_redact: []"}
{"level":"info","timestamp":"2026-02-27T03:08:28.054Z","msg":"Processing variable","controller":"mdaihub","controllerGroup":"hub.mydecisive.ai","controllerKind":"MdaiHub","MdaiHub":{"name":"mdaihub","namespace":"mdai"},"namespace":"mdai","name":"mdaihub","reconcileID":"c10bdc77-bf25-4a3d-aa7d-0fef90fff2d6","key":"fields_to_hash"}
{"level":"info","timestamp":"2026-02-27T03:08:28.054Z","msg":"Data received for variable/mdaihub/fields_to_hash: []"}
{"level":"info","timestamp":"2026-02-27T03:08:28.054Z","msg":"Processing variable","controller":"mdaihub","controllerGroup":"hub.mydecisive.ai","controllerKind":"MdaiHub","MdaiHub":{"name":"mdaihub","namespace":"mdai"},"namespace":"mdai","name":"mdaihub","reconcileID":"c10bdc77-bf25-4a3d-aa7d-0fef90fff2d6","key":"email_regex"}
{"level":"info","timestamp":"2026-02-27T03:08:28.054Z","msg":"No value found in storage","key":"variable/mdaihub/email_regex"}
{"level":"info","timestamp":"2026-02-27T03:08:28.054Z","msg":"Processing variable","controller":"mdaihub","controllerGroup":"hub.mydecisive.ai","controllerKind":"MdaiHub","MdaiHub":{"name":"mdaihub","namespace":"mdai"},"namespace":"mdai","name":"mdaihub","reconcileID":"c10bdc77-bf25-4a3d-aa7d-0fef90fff2d6","key":"cc_regex"}
{"level":"info","timestamp":"2026-02-27T03:08:28.054Z","msg":"No value found in storage","key":"variable/mdaihub/cc_regex"}
{"level":"info","timestamp":"2026-02-27T03:08:28.054Z","msg":"Processing variable","controller":"mdaihub","controllerGroup":"hub.mydecisive.ai","controllerKind":"MdaiHub","MdaiHub":{"name":"mdaihub","namespace":"mdai"},"namespace":"mdai","name":"mdaihub","reconcileID":"c10bdc77-bf25-4a3d-aa7d-0fef90fff2d6","key":"phone_regex"}
{"level":"info","timestamp":"2026-02-27T03:08:28.054Z","msg":"No value found in storage","key":"variable/mdaihub/phone_regex"}
{"level":"info","timestamp":"2026-02-27T03:08:28.054Z","msg":"Processing variable","controller":"mdaihub","controllerGroup":"hub.mydecisive.ai","controllerKind":"MdaiHub","MdaiHub":{"name":"mdaihub","namespace":"mdai"},"namespace":"mdai","name":"mdaihub","reconcileID":"c10bdc77-bf25-4a3d-aa7d-0fef90fff2d6","key":"address_regex"}
{"level":"info","timestamp":"2026-02-27T03:08:28.054Z","msg":"No value found in storage","key":"variable/mdaihub/address_regex"}
{"level":"info","timestamp":"2026-02-27T03:08:28.054Z","msg":"Processing variable","controller":"mdaihub","controllerGroup":"hub.mydecisive.ai","controllerKind":"MdaiHub","MdaiHub":{"name":"mdaihub","namespace":"mdai"},"namespace":"mdai","name":"mdaihub","reconcileID":"c10bdc77-bf25-4a3d-aa7d-0fef90fff2d6","key":"ssn_regex"}
{"level":"info","timestamp":"2026-02-27T03:08:28.054Z","msg":"No value found in storage","key":"variable/mdaihub/ssn_regex"}
{"level":"info","timestamp":"2026-02-27T03:08:28.054Z","msg":"Processing variable","controller":"mdaihub","controllerGroup":"hub.mydecisive.ai","controllerKind":"MdaiHub","MdaiHub":{"name":"mdaihub","namespace":"mdai"},"namespace":"mdai","name":"mdaihub","reconcileID":"c10bdc77-bf25-4a3d-aa7d-0fef90fff2d6","key":"name_regex"}
{"level":"info","timestamp":"2026-02-27T03:08:28.054Z","msg":"No value found in storage","key":"variable/mdaihub/name_regex"}
{"level":"info","timestamp":"2026-02-27T03:08:28.054Z","msg":"Processing variable","controller":"mdaihub","controllerGroup":"hub.mydecisive.ai","controllerKind":"MdaiHub","MdaiHub":{"name":"mdaihub","namespace":"mdai"},"namespace":"mdai","name":"mdaihub","reconcileID":"c10bdc77-bf25-4a3d-aa7d-0fef90fff2d6","key":"email_template"}
{"level":"info","timestamp":"2026-02-27T03:08:28.055Z","msg":"No value found in storage","key":"variable/mdaihub/email_template"}
{"level":"info","timestamp":"2026-02-27T03:08:28.055Z","msg":"Processing variable","controller":"mdaihub","controllerGroup":"hub.mydecisive.ai","controllerKind":"MdaiHub","MdaiHub":{"name":"mdaihub","namespace":"mdai"},"namespace":"mdai","name":"mdaihub","reconcileID":"c10bdc77-bf25-4a3d-aa7d-0fef90fff2d6","key":"cc_template"}
{"level":"info","timestamp":"2026-02-27T03:08:28.055Z","msg":"No value found in storage","key":"variable/mdaihub/cc_template"}
{"level":"info","timestamp":"2026-02-27T03:08:28.055Z","msg":"Processing variable","controller":"mdaihub","controllerGroup":"hub.mydecisive.ai","controllerKind":"MdaiHub","MdaiHub":{"name":"mdaihub","namespace":"mdai"},"namespace":"mdai","name":"mdaihub","reconcileID":"c10bdc77-bf25-4a3d-aa7d-0fef90fff2d6","key":"phone_template"}
{"level":"info","timestamp":"2026-02-27T03:08:28.055Z","msg":"No value found in storage","key":"variable/mdaihub/phone_template"}
{"level":"info","timestamp":"2026-02-27T03:08:28.055Z","msg":"Processing variable","controller":"mdaihub","controllerGroup":"hub.mydecisive.ai","controllerKind":"MdaiHub","MdaiHub":{"name":"mdaihub","namespace":"mdai"},"namespace":"mdai","name":"mdaihub","reconcileID":"c10bdc77-bf25-4a3d-aa7d-0fef90fff2d6","key":"address_template"}
{"level":"info","timestamp":"2026-02-27T03:08:28.055Z","msg":"No value found in storage","key":"variable/mdaihub/address_template"}
{"level":"info","timestamp":"2026-02-27T03:08:28.055Z","msg":"Processing variable","controller":"mdaihub","controllerGroup":"hub.mydecisive.ai","controllerKind":"MdaiHub","MdaiHub":{"name":"mdaihub","namespace":"mdai"},"namespace":"mdai","name":"mdaihub","reconcileID":"c10bdc77-bf25-4a3d-aa7d-0fef90fff2d6","key":"ssn_template"}
{"level":"info","timestamp":"2026-02-27T03:08:28.055Z","msg":"No value found in storage","key":"variable/mdaihub/ssn_template"}
{"level":"info","timestamp":"2026-02-27T03:08:28.055Z","msg":"Processing variable","controller":"mdaihub","controllerGroup":"hub.mydecisive.ai","controllerKind":"MdaiHub","MdaiHub":{"name":"mdaihub","namespace":"mdai"},"namespace":"mdai","name":"mdaihub","reconcileID":"c10bdc77-bf25-4a3d-aa7d-0fef90fff2d6","key":"name_template"}
{"level":"info","timestamp":"2026-02-27T03:08:28.055Z","msg":"No value found in storage","key":"variable/mdaihub/name_template"}
{"level":"info","timestamp":"2026-02-27T03:08:28.055Z","msg":"Deleting old valkey keys","controller":"mdaihub","controllerGroup":"hub.mydecisive.ai","controllerKind":"MdaiHub","MdaiHub":{"name":"mdaihub","namespace":"mdai"},"namespace":"mdai","name":"mdaihub","reconcileID":"c10bdc77-bf25-4a3d-aa7d-0fef90fff2d6","valkeyKeysToKeep":{"address_regex":{},"address_template":{},"cc_regex":{},"cc_template":{},"email_regex":{},"email_template":{},"fields_to_hash":{},"fields_to_redact":{},"name_regex":{},"name_template":{},"phone_regex":{},"phone_template":{},"ssn_regex":{},"ssn_template":{}}}
{"level":"info","timestamp":"2026-02-27T03:08:28.057Z","msg":"<CreateFunc> mdaihub-manual-variables ignored"}
{"level":"info","timestamp":"2026-02-27T03:08:28.058Z","msg":"Successfully created or updated ConfigMap","controller":"mdaihub","controllerGroup":"hub.mydecisive.ai","controllerKind":"MdaiHub","MdaiHub":{"name":"mdaihub","namespace":"mdai"},"namespace":"mdai","name":"mdaihub","reconcileID":"c10bdc77-bf25-4a3d-aa7d-0fef90fff2d6","name":"mdaihub-manual-variables","namespace":"mdai","operation":"created"}
{"level":"info","timestamp":"2026-02-27T03:08:28.059Z","msg":"Successfully created or updated ConfigMap","controller":"mdaihub","controllerGroup":"hub.mydecisive.ai","controllerKind":"MdaiHub","MdaiHub":{"name":"mdaihub","namespace":"mdai"},"namespace":"mdai","name":"mdaihub","reconcileID":"c10bdc77-bf25-4a3d-aa7d-0fef90fff2d6","name":"mdaihub-variables","namespace":"mdai","operation":"updated"}
{"level":"info","timestamp":"2026-02-27T03:08:28.059Z","msg":"<UpdateFunc> mdaihub-variables shouldReconcile: false"}
{"level":"info","timestamp":"2026-02-27T03:08:28.059Z","msg":"Successfully created or updated ConfigMap","controller":"mdaihub","controllerGroup":"hub.mydecisive.ai","controllerKind":"MdaiHub","MdaiHub":{"name":"mdaihub","namespace":"mdai"},"namespace":"mdai","name":"mdaihub","reconcileID":"c10bdc77-bf25-4a3d-aa7d-0fef90fff2d6","name":"mdaihub-variables","namespace":"mdai","operation":"unchanged"}
{"level":"info","timestamp":"2026-02-27T03:08:28.059Z","msg":"Successfully created or updated ConfigMap","controller":"mdaihub","controllerGroup":"hub.mydecisive.ai","controllerKind":"MdaiHub","MdaiHub":{"name":"mdaihub","namespace":"mdai"},"namespace":"mdai","name":"mdaihub","reconcileID":"c10bdc77-bf25-4a3d-aa7d-0fef90fff2d6","name":"mdaihub-variables","namespace":"mdai","operation":"unchanged"}
{"level":"info","timestamp":"2026-02-27T03:08:28.059Z","msg":"Triggering restart of OpenTelemetry Collector","controller":"mdaihub","controllerGroup":"hub.mydecisive.ai","controllerKind":"MdaiHub","MdaiHub":{"name":"mdaihub","namespace":"mdai"},"namespace":"mdai","name":"mdaihub","reconcileID":"c10bdc77-bf25-4a3d-aa7d-0fef90fff2d6","name":"gateway-datadog"}
{"level":"warn","timestamp":"2026-02-27T03:08:28.071Z","msg":"VALKEY_AUDIT_STREAM_EXPIRY_MS is deprecated; use VALKEY_AUDIT_STREAM_RETENTION","retention":2592000,"stacktrace":"github.com/decisiveai/mdai-data-core/audit.getStreamRetention\n\tgithub.com/decisiveai/mdai-data-core@v0.2.9/audit/adapter.go:241\ngithub.com/decisiveai/mdai-data-core/audit.NewAuditAdapter\n\tgithub.com/decisiveai/mdai-data-core@v0.2.9/audit/adapter.go:54\ngithub.com/decisiveai/mdai-operator/internal/controller.HubAdapter.restartCollectorAndAudit\n\tgithub.com/decisiveai/mdai-operator/internal/controller/hub_adapter.go:427\ngithub.com/decisiveai/mdai-operator/internal/controller.HubAdapter.syncComputedConfigMapsAndRestart\n\tgithub.com/decisiveai/mdai-operator/internal/controller/hub_adapter.go:458\ngithub.com/decisiveai/mdai-operator/internal/controller.HubAdapter.ensureVariableSynchronized\n\tgithub.com/decisiveai/mdai-operator/internal/controller/hub_adapter.go:507\ngithub.com/decisiveai/mdai-operator/internal/controller.(*MdaiHubReconciler).ReconcileHandler\n\tgithub.com/decisiveai/mdai-operator/internal/controller/mdaihub_controller.go:113\ngithub.com/decisiveai/mdai-operator/internal/controller.(*MdaiHubReconciler).Reconcile\n\tgithub.com/decisiveai/mdai-operator/internal/controller/mdaihub_controller.go:87\nsigs.k8s.io/controller-runtime/pkg/internal/controller.(*Controller[...]).Reconcile\n\tsigs.k8s.io/controller-runtime@v0.20.4/pkg/internal/controller/controller.go:119\nsigs.k8s.io/controller-runtime/pkg/internal/controller.(*Controller[...]).reconcileHandler\n\tsigs.k8s.io/controller-runtime@v0.20.4/pkg/internal/controller/controller.go:334\nsigs.k8s.io/controller-runtime/pkg/internal/controller.(*Controller[...]).processNextWorkItem\n\tsigs.k8s.io/controller-runtime@v0.20.4/pkg/internal/controller/controller.go:294\nsigs.k8s.io/controller-runtime/pkg/internal/controller.(*Controller[...]).Start.func2.2\n\tsigs.k8s.io/controller-runtime@v0.20.4/pkg/internal/controller/controller.go:255"}
{"level":"info","timestamp":"2026-02-27T03:08:28.071Z","msg":"AUDIT: Triggering restart of OpenTelemetry Collector","controller":"mdaihub","controllerGroup":"hub.mydecisive.ai","controllerKind":"MdaiHub","MdaiHub":{"name":"mdaihub","namespace":"mdai"},"namespace":"mdai","name":"mdaihub","reconcileID":"c10bdc77-bf25-4a3d-aa7d-0fef90fff2d6","mdai-logstream":"audit","timestamp":"2026-02-27T03:08:28Z","hub_name":"mdaihub","FIELDS_TO_REDACT":"","FIELDS_TO_HASH":"","type":"collector_restart"}
{"level":"info","timestamp":"2026-02-27T03:08:28.071Z","msg":"Triggering restart of OpenTelemetry Collector","controller":"mdaihub","controllerGroup":"hub.mydecisive.ai","controllerKind":"MdaiHub","MdaiHub":{"name":"mdaihub","namespace":"mdai"},"namespace":"mdai","name":"mdaihub","reconcileID":"c10bdc77-bf25-4a3d-aa7d-0fef90fff2d6","name":"gateway-dynamic-filtration"}
{"level":"warn","timestamp":"2026-02-27T03:08:28.078Z","msg":"VALKEY_AUDIT_STREAM_EXPIRY_MS is deprecated; use VALKEY_AUDIT_STREAM_RETENTION","retention":2592000,"stacktrace":"github.com/decisiveai/mdai-data-core/audit.getStreamRetention\n\tgithub.com/decisiveai/mdai-data-core@v0.2.9/audit/adapter.go:241\ngithub.com/decisiveai/mdai-data-core/audit.NewAuditAdapter\n\tgithub.com/decisiveai/mdai-data-core@v0.2.9/audit/adapter.go:54\ngithub.com/decisiveai/mdai-operator/internal/controller.HubAdapter.restartCollectorAndAudit\n\tgithub.com/decisiveai/mdai-operator/internal/controller/hub_adapter.go:427\ngithub.com/decisiveai/mdai-operator/internal/controller.HubAdapter.syncComputedConfigMapsAndRestart\n\tgithub.com/decisiveai/mdai-operator/internal/controller/hub_adapter.go:458\ngithub.com/decisiveai/mdai-operator/internal/controller.HubAdapter.ensureVariableSynchronized\n\tgithub.com/decisiveai/mdai-operator/internal/controller/hub_adapter.go:507\ngithub.com/decisiveai/mdai-operator/internal/controller.(*MdaiHubReconciler).ReconcileHandler\n\tgithub.com/decisiveai/mdai-operator/internal/controller/mdaihub_controller.go:113\ngithub.com/decisiveai/mdai-operator/internal/controller.(*MdaiHubReconciler).Reconcile\n\tgithub.com/decisiveai/mdai-operator/internal/controller/mdaihub_controller.go:87\nsigs.k8s.io/controller-runtime/pkg/internal/controller.(*Controller[...]).Reconcile\n\tsigs.k8s.io/controller-runtime@v0.20.4/pkg/internal/controller/controller.go:119\nsigs.k8s.io/controller-runtime/pkg/internal/controller.(*Controller[...]).reconcileHandler\n\tsigs.k8s.io/controller-runtime@v0.20.4/pkg/internal/controller/controller.go:334\nsigs.k8s.io/controller-runtime/pkg/internal/controller.(*Controller[...]).processNextWorkItem\n\tsigs.k8s.io/controller-runtime@v0.20.4/pkg/internal/controller/controller.go:294\nsigs.k8s.io/controller-runtime/pkg/internal/controller.(*Controller[...]).Start.func2.2\n\tsigs.k8s.io/controller-runtime@v0.20.4/pkg/internal/controller/controller.go:255"}
{"level":"info","timestamp":"2026-02-27T03:08:28.078Z","msg":"AUDIT: Triggering restart of OpenTelemetry Collector","controller":"mdaihub","controllerGroup":"hub.mydecisive.ai","controllerKind":"MdaiHub","MdaiHub":{"name":"mdaihub","namespace":"mdai"},"namespace":"mdai","name":"mdaihub","reconcileID":"c10bdc77-bf25-4a3d-aa7d-0fef90fff2d6","mdai-logstream":"audit","type":"collector_restart","timestamp":"2026-02-27T03:08:28Z","hub_name":"mdaihub","FIELDS_TO_HASH":"","FIELDS_TO_REDACT":""}
{"level":"info","timestamp":"2026-02-27T03:08:28.078Z","msg":"Triggering restart of OpenTelemetry Collector","controller":"mdaihub","controllerGroup":"hub.mydecisive.ai","controllerKind":"MdaiHub","MdaiHub":{"name":"mdaihub","namespace":"mdai"},"namespace":"mdai","name":"mdaihub","reconcileID":"c10bdc77-bf25-4a3d-aa7d-0fef90fff2d6","name":"gateway-pii"}
{"level":"warn","timestamp":"2026-02-27T03:08:28.085Z","msg":"VALKEY_AUDIT_STREAM_EXPIRY_MS is deprecated; use VALKEY_AUDIT_STREAM_RETENTION","retention":2592000,"stacktrace":"github.com/decisiveai/mdai-data-core/audit.getStreamRetention\n\tgithub.com/decisiveai/mdai-data-core@v0.2.9/audit/adapter.go:241\ngithub.com/decisiveai/mdai-data-core/audit.NewAuditAdapter\n\tgithub.com/decisiveai/mdai-data-core@v0.2.9/audit/adapter.go:54\ngithub.com/decisiveai/mdai-operator/internal/controller.HubAdapter.restartCollectorAndAudit\n\tgithub.com/decisiveai/mdai-operator/internal/controller/hub_adapter.go:427\ngithub.com/decisiveai/mdai-operator/internal/controller.HubAdapter.syncComputedConfigMapsAndRestart\n\tgithub.com/decisiveai/mdai-operator/internal/controller/hub_adapter.go:458\ngithub.com/decisiveai/mdai-operator/internal/controller.HubAdapter.ensureVariableSynchronized\n\tgithub.com/decisiveai/mdai-operator/internal/controller/hub_adapter.go:507\ngithub.com/decisiveai/mdai-operator/internal/controller.(*MdaiHubReconciler).ReconcileHandler\n\tgithub.com/decisiveai/mdai-operator/internal/controller/mdaihub_controller.go:113\ngithub.com/decisiveai/mdai-operator/internal/controller.(*MdaiHubReconciler).Reconcile\n\tgithub.com/decisiveai/mdai-operator/internal/controller/mdaihub_controller.go:87\nsigs.k8s.io/controller-runtime/pkg/internal/controller.(*Controller[...]).Reconcile\n\tsigs.k8s.io/controller-runtime@v0.20.4/pkg/internal/controller/controller.go:119\nsigs.k8s.io/controller-runtime/pkg/internal/controller.(*Controller[...]).reconcileHandler\n\tsigs.k8s.io/controller-runtime@v0.20.4/pkg/internal/controller/controller.go:334\nsigs.k8s.io/controller-runtime/pkg/internal/controller.(*Controller[...]).processNextWorkItem\n\tsigs.k8s.io/controller-runtime@v0.20.4/pkg/internal/controller/controller.go:294\nsigs.k8s.io/controller-runtime/pkg/internal/controller.(*Controller[...]).Start.func2.2\n\tsigs.k8s.io/controller-runtime@v0.20.4/pkg/internal/controller/controller.go:255"}
{"level":"info","timestamp":"2026-02-27T03:08:28.085Z","msg":"AUDIT: Triggering restart of OpenTelemetry Collector","controller":"mdaihub","controllerGroup":"hub.mydecisive.ai","controllerKind":"MdaiHub","MdaiHub":{"name":"mdaihub","namespace":"mdai"},"namespace":"mdai","name":"mdaihub","reconcileID":"c10bdc77-bf25-4a3d-aa7d-0fef90fff2d6","mdai-logstream":"audit","hub_name":"mdaihub","FIELDS_TO_HASH":"","FIELDS_TO_REDACT":"","type":"collector_restart","timestamp":"2026-02-27T03:08:28Z"}
{"level":"info","timestamp":"2026-02-27T03:08:28.087Z","msg":"Status set to done for mdai hub","controller":"mdaihub","controllerGroup":"hub.mydecisive.ai","controllerKind":"MdaiHub","MdaiHub":{"name":"mdaihub","namespace":"mdai"},"namespace":"mdai","name":"mdaihub","reconcileID":"c10bdc77-bf25-4a3d-aa7d-0fef90fff2d6","mdaiHub":"mdaihub"}
{"level":"info","timestamp":"2026-02-27T03:08:28.088Z","msg":"-- Finished MdaiHub reconciliation --","controller":"mdaihub","controllerGroup":"hub.mydecisive.ai","controllerKind":"MdaiHub","MdaiHub":{"name":"mdaihub","namespace":"mdai"},"namespace":"mdai","name":"mdaihub","reconcileID":"c10bdc77-bf25-4a3d-aa7d-0fef90fff2d6"}
{"level":"info","timestamp":"2026-02-27T03:08:29.072Z","logger":"mdaihub-resource","msg":"Defaulting for MdaiHub","name":"mdaihub"}
{"level":"info","timestamp":"2026-02-27T03:08:29.073Z","logger":"mdaihub-resource","msg":"Validation for MdaiHub upon update","name":"mdaihub"}
{"level":"info","timestamp":"2026-02-27T03:08:29.076Z","msg":"-- Starting MdaiHub reconciliation --","controller":"mdaihub","controllerGroup":"hub.mydecisive.ai","controllerKind":"MdaiHub","MdaiHub":{"name":"mdaihub","namespace":"mdai"},"namespace":"mdai","name":"mdaihub","reconcileID":"0636a57b-193f-4b1f-84d7-ffc7577a0796","namespace":{"name":"mdaihub","namespace":"mdai"},"name":"mdaihub"}
{"level":"info","timestamp":"2026-02-27T03:08:29.076Z","msg":"EnsurePrometheusRuleSynchronized","controller":"mdaihub","controllerGroup":"hub.mydecisive.ai","controllerKind":"MdaiHub","MdaiHub":{"name":"mdaihub","namespace":"mdai"},"namespace":"mdai","name":"mdaihub","reconcileID":"0636a57b-193f-4b1f-84d7-ffc7577a0796"}
{"level":"info","timestamp":"2026-02-27T03:08:29.076Z","msg":"No evaluations found, skipping PrometheusRule creation","controller":"mdaihub","controllerGroup":"hub.mydecisive.ai","controllerKind":"MdaiHub","MdaiHub":{"name":"mdaihub","namespace":"mdai"},"namespace":"mdai","name":"mdaihub","reconcileID":"0636a57b-193f-4b1f-84d7-ffc7577a0796"}
{"level":"info","timestamp":"2026-02-27T03:08:29.076Z","msg":"No automations defined in the MDAI CR","controller":"mdaihub","controllerGroup":"hub.mydecisive.ai","controllerKind":"MdaiHub","MdaiHub":{"name":"mdaihub","namespace":"mdai"},"namespace":"mdai","name":"mdaihub","reconcileID":"0636a57b-193f-4b1f-84d7-ffc7577a0796","name":"mdaihub"}
{"level":"info","timestamp":"2026-02-27T03:08:29.076Z","msg":"Deleting ConfigMap","controller":"mdaihub","controllerGroup":"hub.mydecisive.ai","controllerKind":"MdaiHub","MdaiHub":{"name":"mdaihub","namespace":"mdai"},"namespace":"mdai","name":"mdaihub","reconcileID":"0636a57b-193f-4b1f-84d7-ffc7577a0796","name":"mdaihub-automation","namespace":"mdai"}
{"level":"info","timestamp":"2026-02-27T03:08:29.078Z","msg":"ConfigMap not found, skipping deletion","controller":"mdaihub","controllerGroup":"hub.mydecisive.ai","controllerKind":"MdaiHub","MdaiHub":{"name":"mdaihub","namespace":"mdai"},"namespace":"mdai","name":"mdaihub","reconcileID":"0636a57b-193f-4b1f-84d7-ffc7577a0796","name":"mdaihub-automation","namespace":"mdai"}
{"level":"info","timestamp":"2026-02-27T03:08:29.078Z","msg":"No variables found in the CR, skipping variable synchronization","controller":"mdaihub","controllerGroup":"hub.mydecisive.ai","controllerKind":"MdaiHub","MdaiHub":{"name":"mdaihub","namespace":"mdai"},"namespace":"mdai","name":"mdaihub","reconcileID":"0636a57b-193f-4b1f-84d7-ffc7577a0796"}
{"level":"info","timestamp":"2026-02-27T03:08:29.079Z","msg":"Status set to done for mdai hub","controller":"mdaihub","controllerGroup":"hub.mydecisive.ai","controllerKind":"MdaiHub","MdaiHub":{"name":"mdaihub","namespace":"mdai"},"namespace":"mdai","name":"mdaihub","reconcileID":"0636a57b-193f-4b1f-84d7-ffc7577a0796","mdaiHub":"mdaihub"}
{"level":"info","timestamp":"2026-02-27T03:08:29.079Z","msg":"-- Finished MdaiHub reconciliation --","controller":"mdaihub","controllerGroup":"hub.mydecisive.ai","controllerKind":"MdaiHub","MdaiHub":{"name":"mdaihub","namespace":"mdai"},"namespace":"mdai","name":"mdaihub","reconcileID":"0636a57b-193f-4b1f-84d7-ffc7577a0796"}
{"level":"info","timestamp":"2026-02-27T03:08:30.066Z","logger":"mdaihub-resource","msg":"Defaulting for MdaiHub","name":"mdaihub"}
{"level":"info","timestamp":"2026-02-27T03:08:30.067Z","logger":"mdaihub-resource","msg":"Validation for MdaiHub upon update","name":"mdaihub"}
{"level":"info","timestamp":"2026-02-27T03:08:30.069Z","logger":"mdaihub-resource","msg":"Defaulting for MdaiHub","name":"mdaihub"}
{"level":"info","timestamp":"2026-02-27T03:08:30.070Z","msg":"-- Starting MdaiHub reconciliation --","controller":"mdaihub","controllerGroup":"hub.mydecisive.ai","controllerKind":"MdaiHub","MdaiHub":{"name":"mdaihub","namespace":"mdai"},"namespace":"mdai","name":"mdaihub","reconcileID":"248142a1-5e6c-41b5-9fa7-084de16b489c","namespace":{"name":"mdaihub","namespace":"mdai"},"name":"mdaihub"}
{"level":"info","timestamp":"2026-02-27T03:08:30.070Z","msg":"EnsurePrometheusRuleSynchronized","controller":"mdaihub","controllerGroup":"hub.mydecisive.ai","controllerKind":"MdaiHub","MdaiHub":{"name":"mdaihub","namespace":"mdai"},"namespace":"mdai","name":"mdaihub","reconcileID":"248142a1-5e6c-41b5-9fa7-084de16b489c"}
{"level":"info","timestamp":"2026-02-27T03:08:30.070Z","msg":"No evaluations found, skipping PrometheusRule creation","controller":"mdaihub","controllerGroup":"hub.mydecisive.ai","controllerKind":"MdaiHub","MdaiHub":{"name":"mdaihub","namespace":"mdai"},"namespace":"mdai","name":"mdaihub","reconcileID":"248142a1-5e6c-41b5-9fa7-084de16b489c"}
{"level":"info","timestamp":"2026-02-27T03:08:30.070Z","msg":"No automations defined in the MDAI CR","controller":"mdaihub","controllerGroup":"hub.mydecisive.ai","controllerKind":"MdaiHub","MdaiHub":{"name":"mdaihub","namespace":"mdai"},"namespace":"mdai","name":"mdaihub","reconcileID":"248142a1-5e6c-41b5-9fa7-084de16b489c","name":"mdaihub"}
{"level":"info","timestamp":"2026-02-27T03:08:30.070Z","msg":"Deleting ConfigMap","controller":"mdaihub","controllerGroup":"hub.mydecisive.ai","controllerKind":"MdaiHub","MdaiHub":{"name":"mdaihub","namespace":"mdai"},"namespace":"mdai","name":"mdaihub","reconcileID":"248142a1-5e6c-41b5-9fa7-084de16b489c","name":"mdaihub-automation","namespace":"mdai"}
{"level":"info","timestamp":"2026-02-27T03:08:30.071Z","logger":"mdaihub-resource","msg":"Validation for MdaiHub upon update","name":"mdaihub"}
{"level":"info","timestamp":"2026-02-27T03:08:30.071Z","msg":"ConfigMap not found, skipping deletion","controller":"mdaihub","controllerGroup":"hub.mydecisive.ai","controllerKind":"MdaiHub","MdaiHub":{"name":"mdaihub","namespace":"mdai"},"namespace":"mdai","name":"mdaihub","reconcileID":"248142a1-5e6c-41b5-9fa7-084de16b489c","name":"mdaihub-automation","namespace":"mdai"}
{"level":"info","timestamp":"2026-02-27T03:08:30.071Z","msg":"Processing variable","controller":"mdaihub","controllerGroup":"hub.mydecisive.ai","controllerKind":"MdaiHub","MdaiHub":{"name":"mdaihub","namespace":"mdai"},"namespace":"mdai","name":"mdaihub","reconcileID":"248142a1-5e6c-41b5-9fa7-084de16b489c","key":"fields_to_redact"}
{"level":"info","timestamp":"2026-02-27T03:08:30.071Z","msg":"Data received for variable/mdaihub/fields_to_redact: []"}
{"level":"info","timestamp":"2026-02-27T03:08:30.071Z","msg":"Processing variable","controller":"mdaihub","controllerGroup":"hub.mydecisive.ai","controllerKind":"MdaiHub","MdaiHub":{"name":"mdaihub","namespace":"mdai"},"namespace":"mdai","name":"mdaihub","reconcileID":"248142a1-5e6c-41b5-9fa7-084de16b489c","key":"fields_to_hash"}
{"level":"info","timestamp":"2026-02-27T03:08:30.071Z","msg":"Data received for variable/mdaihub/fields_to_hash: []"}
{"level":"info","timestamp":"2026-02-27T03:08:30.071Z","msg":"Processing variable","controller":"mdaihub","controllerGroup":"hub.mydecisive.ai","controllerKind":"MdaiHub","MdaiHub":{"name":"mdaihub","namespace":"mdai"},"namespace":"mdai","name":"mdaihub","reconcileID":"248142a1-5e6c-41b5-9fa7-084de16b489c","key":"email_regex"}
{"level":"info","timestamp":"2026-02-27T03:08:30.071Z","msg":"No value found in storage","key":"variable/mdaihub/email_regex"}
{"level":"info","timestamp":"2026-02-27T03:08:30.071Z","msg":"Processing variable","controller":"mdaihub","controllerGroup":"hub.mydecisive.ai","controllerKind":"MdaiHub","MdaiHub":{"name":"mdaihub","namespace":"mdai"},"namespace":"mdai","name":"mdaihub","reconcileID":"248142a1-5e6c-41b5-9fa7-084de16b489c","key":"cc_regex"}
{"level":"info","timestamp":"2026-02-27T03:08:30.071Z","msg":"No value found in storage","key":"variable/mdaihub/cc_regex"}
{"level":"info","timestamp":"2026-02-27T03:08:30.071Z","msg":"Processing variable","controller":"mdaihub","controllerGroup":"hub.mydecisive.ai","controllerKind":"MdaiHub","MdaiHub":{"name":"mdaihub","namespace":"mdai"},"namespace":"mdai","name":"mdaihub","reconcileID":"248142a1-5e6c-41b5-9fa7-084de16b489c","key":"phone_regex"}
{"level":"info","timestamp":"2026-02-27T03:08:30.071Z","msg":"No value found in storage","key":"variable/mdaihub/phone_regex"}
{"level":"info","timestamp":"2026-02-27T03:08:30.071Z","msg":"Processing variable","controller":"mdaihub","controllerGroup":"hub.mydecisive.ai","controllerKind":"MdaiHub","MdaiHub":{"name":"mdaihub","namespace":"mdai"},"namespace":"mdai","name":"mdaihub","reconcileID":"248142a1-5e6c-41b5-9fa7-084de16b489c","key":"address_regex"}
{"level":"info","timestamp":"2026-02-27T03:08:30.072Z","msg":"No value found in storage","key":"variable/mdaihub/address_regex"}
{"level":"info","timestamp":"2026-02-27T03:08:30.072Z","msg":"Processing variable","controller":"mdaihub","controllerGroup":"hub.mydecisive.ai","controllerKind":"MdaiHub","MdaiHub":{"name":"mdaihub","namespace":"mdai"},"namespace":"mdai","name":"mdaihub","reconcileID":"248142a1-5e6c-41b5-9fa7-084de16b489c","key":"ssn_regex"}
{"level":"info","timestamp":"2026-02-27T03:08:30.072Z","msg":"No value found in storage","key":"variable/mdaihub/ssn_regex"}
{"level":"info","timestamp":"2026-02-27T03:08:30.072Z","msg":"Processing variable","controller":"mdaihub","controllerGroup":"hub.mydecisive.ai","controllerKind":"MdaiHub","MdaiHub":{"name":"mdaihub","namespace":"mdai"},"namespace":"mdai","name":"mdaihub","reconcileID":"248142a1-5e6c-41b5-9fa7-084de16b489c","key":"name_regex"}
{"level":"info","timestamp":"2026-02-27T03:08:30.072Z","msg":"No value found in storage","key":"variable/mdaihub/name_regex"}
{"level":"info","timestamp":"2026-02-27T03:08:30.072Z","msg":"Processing variable","controller":"mdaihub","controllerGroup":"hub.mydecisive.ai","controllerKind":"MdaiHub","MdaiHub":{"name":"mdaihub","namespace":"mdai"},"namespace":"mdai","name":"mdaihub","reconcileID":"248142a1-5e6c-41b5-9fa7-084de16b489c","key":"email_template"}
{"level":"info","timestamp":"2026-02-27T03:08:30.072Z","msg":"No value found in storage","key":"variable/mdaihub/email_template"}
{"level":"info","timestamp":"2026-02-27T03:08:30.072Z","msg":"Processing variable","controller":"mdaihub","controllerGroup":"hub.mydecisive.ai","controllerKind":"MdaiHub","MdaiHub":{"name":"mdaihub","namespace":"mdai"},"namespace":"mdai","name":"mdaihub","reconcileID":"248142a1-5e6c-41b5-9fa7-084de16b489c","key":"cc_template"}
{"level":"info","timestamp":"2026-02-27T03:08:30.072Z","msg":"No value found in storage","key":"variable/mdaihub/cc_template"}
{"level":"info","timestamp":"2026-02-27T03:08:30.072Z","msg":"Processing variable","controller":"mdaihub","controllerGroup":"hub.mydecisive.ai","controllerKind":"MdaiHub","MdaiHub":{"name":"mdaihub","namespace":"mdai"},"namespace":"mdai","name":"mdaihub","reconcileID":"248142a1-5e6c-41b5-9fa7-084de16b489c","key":"phone_template"}
{"level":"info","timestamp":"2026-02-27T03:08:30.072Z","msg":"No value found in storage","key":"variable/mdaihub/phone_template"}
{"level":"info","timestamp":"2026-02-27T03:08:30.072Z","msg":"Processing variable","controller":"mdaihub","controllerGroup":"hub.mydecisive.ai","controllerKind":"MdaiHub","MdaiHub":{"name":"mdaihub","namespace":"mdai"},"namespace":"mdai","name":"mdaihub","reconcileID":"248142a1-5e6c-41b5-9fa7-084de16b489c","key":"address_template"}
{"level":"info","timestamp":"2026-02-27T03:08:30.072Z","msg":"No value found in storage","key":"variable/mdaihub/address_template"}
{"level":"info","timestamp":"2026-02-27T03:08:30.072Z","msg":"Processing variable","controller":"mdaihub","controllerGroup":"hub.mydecisive.ai","controllerKind":"MdaiHub","MdaiHub":{"name":"mdaihub","namespace":"mdai"},"namespace":"mdai","name":"mdaihub","reconcileID":"248142a1-5e6c-41b5-9fa7-084de16b489c","key":"ssn_template"}
{"level":"info","timestamp":"2026-02-27T03:08:30.072Z","msg":"No value found in storage","key":"variable/mdaihub/ssn_template"}
{"level":"info","timestamp":"2026-02-27T03:08:30.072Z","msg":"Processing variable","controller":"mdaihub","controllerGroup":"hub.mydecisive.ai","controllerKind":"MdaiHub","MdaiHub":{"name":"mdaihub","namespace":"mdai"},"namespace":"mdai","name":"mdaihub","reconcileID":"248142a1-5e6c-41b5-9fa7-084de16b489c","key":"name_template"}
{"level":"info","timestamp":"2026-02-27T03:08:30.072Z","msg":"No value found in storage","key":"variable/mdaihub/name_template"}
{"level":"info","timestamp":"2026-02-27T03:08:30.072Z","msg":"Deleting old valkey keys","controller":"mdaihub","controllerGroup":"hub.mydecisive.ai","controllerKind":"MdaiHub","MdaiHub":{"name":"mdaihub","namespace":"mdai"},"namespace":"mdai","name":"mdaihub","reconcileID":"248142a1-5e6c-41b5-9fa7-084de16b489c","valkeyKeysToKeep":{"address_regex":{},"address_template":{},"cc_regex":{},"cc_template":{},"email_regex":{},"email_template":{},"fields_to_hash":{},"fields_to_redact":{},"name_regex":{},"name_template":{},"phone_regex":{},"phone_template":{},"ssn_regex":{},"ssn_template":{}}}
{"level":"info","timestamp":"2026-02-27T03:08:30.073Z","msg":"Successfully created or updated ConfigMap","controller":"mdaihub","controllerGroup":"hub.mydecisive.ai","controllerKind":"MdaiHub","MdaiHub":{"name":"mdaihub","namespace":"mdai"},"namespace":"mdai","name":"mdaihub","reconcileID":"248142a1-5e6c-41b5-9fa7-084de16b489c","name":"mdaihub-manual-variables","namespace":"mdai","operation":"unchanged"}
{"level":"info","timestamp":"2026-02-27T03:08:30.073Z","msg":"Successfully created or updated ConfigMap","controller":"mdaihub","controllerGroup":"hub.mydecisive.ai","controllerKind":"MdaiHub","MdaiHub":{"name":"mdaihub","namespace":"mdai"},"namespace":"mdai","name":"mdaihub","reconcileID":"248142a1-5e6c-41b5-9fa7-084de16b489c","name":"mdaihub-variables","namespace":"mdai","operation":"unchanged"}
{"level":"info","timestamp":"2026-02-27T03:08:30.073Z","msg":"Successfully created or updated ConfigMap","controller":"mdaihub","controllerGroup":"hub.mydecisive.ai","controllerKind":"MdaiHub","MdaiHub":{"name":"mdaihub","namespace":"mdai"},"namespace":"mdai","name":"mdaihub","reconcileID":"248142a1-5e6c-41b5-9fa7-084de16b489c","name":"mdaihub-variables","namespace":"mdai","operation":"unchanged"}
{"level":"info","timestamp":"2026-02-27T03:08:30.073Z","msg":"Successfully created or updated ConfigMap","controller":"mdaihub","controllerGroup":"hub.mydecisive.ai","controllerKind":"MdaiHub","MdaiHub":{"name":"mdaihub","namespace":"mdai"},"namespace":"mdai","name":"mdaihub","reconcileID":"248142a1-5e6c-41b5-9fa7-084de16b489c","name":"mdaihub-variables","namespace":"mdai","operation":"unchanged"}
{"level":"info","timestamp":"2026-02-27T03:08:30.073Z","logger":"mdaihub-resource","msg":"Defaulting for MdaiHub","name":"mdaihub"}
{"level":"info","timestamp":"2026-02-27T03:08:30.075Z","logger":"mdaihub-resource","msg":"Validation for MdaiHub upon update","name":"mdaihub"}
{"level":"info","timestamp":"2026-02-27T03:08:30.075Z","msg":"Status set to done for mdai hub","controller":"mdaihub","controllerGroup":"hub.mydecisive.ai","controllerKind":"MdaiHub","MdaiHub":{"name":"mdaihub","namespace":"mdai"},"namespace":"mdai","name":"mdaihub","reconcileID":"248142a1-5e6c-41b5-9fa7-084de16b489c","mdaiHub":"mdaihub"}
{"level":"info","timestamp":"2026-02-27T03:08:30.075Z","msg":"-- Finished MdaiHub reconciliation --","controller":"mdaihub","controllerGroup":"hub.mydecisive.ai","controllerKind":"MdaiHub","MdaiHub":{"name":"mdaihub","namespace":"mdai"},"namespace":"mdai","name":"mdaihub","reconcileID":"248142a1-5e6c-41b5-9fa7-084de16b489c"}
{"level":"info","timestamp":"2026-02-27T03:08:30.077Z","msg":"-- Starting MdaiHub reconciliation --","controller":"mdaihub","controllerGroup":"hub.mydecisive.ai","controllerKind":"MdaiHub","MdaiHub":{"name":"mdaihub","namespace":"mdai"},"namespace":"mdai","name":"mdaihub","reconcileID":"2be29b02-2ff0-4981-9d70-5890c197bc59","namespace":{"name":"mdaihub","namespace":"mdai"},"name":"mdaihub"}
{"level":"info","timestamp":"2026-02-27T03:08:30.077Z","msg":"EnsurePrometheusRuleSynchronized","controller":"mdaihub","controllerGroup":"hub.mydecisive.ai","controllerKind":"MdaiHub","MdaiHub":{"name":"mdaihub","namespace":"mdai"},"namespace":"mdai","name":"mdaihub","reconcileID":"2be29b02-2ff0-4981-9d70-5890c197bc59"}
{"level":"info","timestamp":"2026-02-27T03:08:30.083Z","msg":"Created new PrometheusRule","controller":"mdaihub","controllerGroup":"hub.mydecisive.ai","controllerKind":"MdaiHub","MdaiHub":{"name":"mdaihub","namespace":"mdai"},"namespace":"mdai","name":"mdaihub","reconcileID":"2be29b02-2ff0-4981-9d70-5890c197bc59","prometheus_rule_name":"mdai-mdaihub-alert-rules"}
{"level":"info","timestamp":"2026-02-27T03:08:30.089Z","msg":"Creating or updating ConfigMap for automations","controller":"mdaihub","controllerGroup":"hub.mydecisive.ai","controllerKind":"MdaiHub","MdaiHub":{"name":"mdaihub","namespace":"mdai"},"namespace":"mdai","name":"mdaihub","reconcileID":"2be29b02-2ff0-4981-9d70-5890c197bc59","name":"mdaihub"}
{"level":"info","timestamp":"2026-02-27T03:08:30.092Z","msg":"<CreateFunc> mdaihub-automation ignored"}
{"level":"info","timestamp":"2026-02-27T03:08:30.092Z","msg":"Successfully created or updated ConfigMap","controller":"mdaihub","controllerGroup":"hub.mydecisive.ai","controllerKind":"MdaiHub","MdaiHub":{"name":"mdaihub","namespace":"mdai"},"namespace":"mdai","name":"mdaihub","reconcileID":"2be29b02-2ff0-4981-9d70-5890c197bc59","name":"mdaihub-automation","namespace":"mdai","operation":"created"}
{"level":"info","timestamp":"2026-02-27T03:08:30.092Z","msg":"Successfully created ConfigMap for automations","controller":"mdaihub","controllerGroup":"hub.mydecisive.ai","controllerKind":"MdaiHub","MdaiHub":{"name":"mdaihub","namespace":"mdai"},"namespace":"mdai","name":"mdaihub","reconcileID":"2be29b02-2ff0-4981-9d70-5890c197bc59","name":"mdaihub"}
{"level":"info","timestamp":"2026-02-27T03:08:30.092Z","msg":"Processing variable","controller":"mdaihub","controllerGroup":"hub.mydecisive.ai","controllerKind":"MdaiHub","MdaiHub":{"name":"mdaihub","namespace":"mdai"},"namespace":"mdai","name":"mdaihub","reconcileID":"2be29b02-2ff0-4981-9d70-5890c197bc59","key":"service_list"}
{"level":"info","timestamp":"2026-02-27T03:08:30.092Z","msg":"Data received for variable/mdaihub/service_list: []"}
{"level":"info","timestamp":"2026-02-27T03:08:30.092Z","msg":"Processing variable","controller":"mdaihub","controllerGroup":"hub.mydecisive.ai","controllerKind":"MdaiHub","MdaiHub":{"name":"mdaihub","namespace":"mdai"},"namespace":"mdai","name":"mdaihub","reconcileID":"2be29b02-2ff0-4981-9d70-5890c197bc59","key":"alerting_data_type"}
{"level":"info","timestamp":"2026-02-27T03:08:30.092Z","msg":"No value found in storage","key":"variable/mdaihub/alerting_data_type"}
{"level":"info","timestamp":"2026-02-27T03:08:30.092Z","msg":"Processing variable","controller":"mdaihub","controllerGroup":"hub.mydecisive.ai","controllerKind":"MdaiHub","MdaiHub":{"name":"mdaihub","namespace":"mdai"},"namespace":"mdai","name":"mdaihub","reconcileID":"2be29b02-2ff0-4981-9d70-5890c197bc59","key":"alerting_triggered"}
{"level":"info","timestamp":"2026-02-27T03:08:30.092Z","msg":"No value found in storage","key":"variable/mdaihub/alerting_triggered"}
{"level":"info","timestamp":"2026-02-27T03:08:30.092Z","msg":"Deleting old valkey keys","controller":"mdaihub","controllerGroup":"hub.mydecisive.ai","controllerKind":"MdaiHub","MdaiHub":{"name":"mdaihub","namespace":"mdai"},"namespace":"mdai","name":"mdaihub","reconcileID":"2be29b02-2ff0-4981-9d70-5890c197bc59","valkeyKeysToKeep":{"alerting_data_type":{},"alerting_triggered":{},"service_list":{}}}
{"level":"info","timestamp":"2026-02-27T03:08:30.093Z","msg":"No manual variables defined in the MDAI CR","controller":"mdaihub","controllerGroup":"hub.mydecisive.ai","controllerKind":"MdaiHub","MdaiHub":{"name":"mdaihub","namespace":"mdai"},"namespace":"mdai","name":"mdaihub","reconcileID":"2be29b02-2ff0-4981-9d70-5890c197bc59","name":"mdaihub"}
{"level":"info","timestamp":"2026-02-27T03:08:30.093Z","msg":"Deleting ConfigMap","controller":"mdaihub","controllerGroup":"hub.mydecisive.ai","controllerKind":"MdaiHub","MdaiHub":{"name":"mdaihub","namespace":"mdai"},"namespace":"mdai","name":"mdaihub","reconcileID":"2be29b02-2ff0-4981-9d70-5890c197bc59","name":"mdaihub-manual-variables","namespace":"mdai"}
{"level":"info","timestamp":"2026-02-27T03:08:30.096Z","msg":"<DeleteFunc> mdaihub-manual-variables ignored"}
{"level":"info","timestamp":"2026-02-27T03:08:30.098Z","msg":"<UpdateFunc> mdaihub-variables shouldReconcile: false"}
{"level":"info","timestamp":"2026-02-27T03:08:30.098Z","msg":"Successfully created or updated ConfigMap","controller":"mdaihub","controllerGroup":"hub.mydecisive.ai","controllerKind":"MdaiHub","MdaiHub":{"name":"mdaihub","namespace":"mdai"},"namespace":"mdai","name":"mdaihub","reconcileID":"2be29b02-2ff0-4981-9d70-5890c197bc59","name":"mdaihub-variables","namespace":"mdai","operation":"updated"}
{"level":"info","timestamp":"2026-02-27T03:08:30.098Z","msg":"Successfully created or updated ConfigMap","controller":"mdaihub","controllerGroup":"hub.mydecisive.ai","controllerKind":"MdaiHub","MdaiHub":{"name":"mdaihub","namespace":"mdai"},"namespace":"mdai","name":"mdaihub","reconcileID":"2be29b02-2ff0-4981-9d70-5890c197bc59","name":"mdaihub-variables","namespace":"mdai","operation":"unchanged"}
{"level":"info","timestamp":"2026-02-27T03:08:30.098Z","msg":"Successfully created or updated ConfigMap","controller":"mdaihub","controllerGroup":"hub.mydecisive.ai","controllerKind":"MdaiHub","MdaiHub":{"name":"mdaihub","namespace":"mdai"},"namespace":"mdai","name":"mdaihub","reconcileID":"2be29b02-2ff0-4981-9d70-5890c197bc59","name":"mdaihub-variables","namespace":"mdai","operation":"unchanged"}
{"level":"info","timestamp":"2026-02-27T03:08:30.098Z","msg":"Triggering restart of OpenTelemetry Collector","controller":"mdaihub","controllerGroup":"hub.mydecisive.ai","controllerKind":"MdaiHub","MdaiHub":{"name":"mdaihub","namespace":"mdai"},"namespace":"mdai","name":"mdaihub","reconcileID":"2be29b02-2ff0-4981-9d70-5890c197bc59","name":"gateway-pii"}
{"level":"warn","timestamp":"2026-02-27T03:08:30.106Z","msg":"VALKEY_AUDIT_STREAM_EXPIRY_MS is deprecated; use VALKEY_AUDIT_STREAM_RETENTION","retention":2592000,"stacktrace":"github.com/decisiveai/mdai-data-core/audit.getStreamRetention\n\tgithub.com/decisiveai/mdai-data-core@v0.2.9/audit/adapter.go:241\ngithub.com/decisiveai/mdai-data-core/audit.NewAuditAdapter\n\tgithub.com/decisiveai/mdai-data-core@v0.2.9/audit/adapter.go:54\ngithub.com/decisiveai/mdai-operator/internal/controller.HubAdapter.restartCollectorAndAudit\n\tgithub.com/decisiveai/mdai-operator/internal/controller/hub_adapter.go:427\ngithub.com/decisiveai/mdai-operator/internal/controller.HubAdapter.syncComputedConfigMapsAndRestart\n\tgithub.com/decisiveai/mdai-operator/internal/controller/hub_adapter.go:458\ngithub.com/decisiveai/mdai-operator/internal/controller.HubAdapter.ensureVariableSynchronized\n\tgithub.com/decisiveai/mdai-operator/internal/controller/hub_adapter.go:507\ngithub.com/decisiveai/mdai-operator/internal/controller.(*MdaiHubReconciler).ReconcileHandler\n\tgithub.com/decisiveai/mdai-operator/internal/controller/mdaihub_controller.go:113\ngithub.com/decisiveai/mdai-operator/internal/controller.(*MdaiHubReconciler).Reconcile\n\tgithub.com/decisiveai/mdai-operator/internal/controller/mdaihub_controller.go:87\nsigs.k8s.io/controller-runtime/pkg/internal/controller.(*Controller[...]).Reconcile\n\tsigs.k8s.io/controller-runtime@v0.20.4/pkg/internal/controller/controller.go:119\nsigs.k8s.io/controller-runtime/pkg/internal/controller.(*Controller[...]).reconcileHandler\n\tsigs.k8s.io/controller-runtime@v0.20.4/pkg/internal/controller/controller.go:334\nsigs.k8s.io/controller-runtime/pkg/internal/controller.(*Controller[...]).processNextWorkItem\n\tsigs.k8s.io/controller-runtime@v0.20.4/pkg/internal/controller/controller.go:294\nsigs.k8s.io/controller-runtime/pkg/internal/controller.(*Controller[...]).Start.func2.2\n\tsigs.k8s.io/controller-runtime@v0.20.4/pkg/internal/controller/controller.go:255"}
{"level":"info","timestamp":"2026-02-27T03:08:30.106Z","msg":"AUDIT: Triggering restart of OpenTelemetry Collector","controller":"mdaihub","controllerGroup":"hub.mydecisive.ai","controllerKind":"MdaiHub","MdaiHub":{"name":"mdaihub","namespace":"mdai"},"namespace":"mdai","name":"mdaihub","reconcileID":"2be29b02-2ff0-4981-9d70-5890c197bc59","mdai-logstream":"audit","hub_name":"mdaihub","SERVICE_LIST_REGEX":"","type":"collector_restart","timestamp":"2026-02-27T03:08:30Z"}
{"level":"info","timestamp":"2026-02-27T03:08:30.106Z","msg":"Triggering restart of OpenTelemetry Collector","controller":"mdaihub","controllerGroup":"hub.mydecisive.ai","controllerKind":"MdaiHub","MdaiHub":{"name":"mdaihub","namespace":"mdai"},"namespace":"mdai","name":"mdaihub","reconcileID":"2be29b02-2ff0-4981-9d70-5890c197bc59","name":"gateway-datadog"}
{"level":"warn","timestamp":"2026-02-27T03:08:30.115Z","msg":"VALKEY_AUDIT_STREAM_EXPIRY_MS is deprecated; use VALKEY_AUDIT_STREAM_RETENTION","retention":2592000,"stacktrace":"github.com/decisiveai/mdai-data-core/audit.getStreamRetention\n\tgithub.com/decisiveai/mdai-data-core@v0.2.9/audit/adapter.go:241\ngithub.com/decisiveai/mdai-data-core/audit.NewAuditAdapter\n\tgithub.com/decisiveai/mdai-data-core@v0.2.9/audit/adapter.go:54\ngithub.com/decisiveai/mdai-operator/internal/controller.HubAdapter.restartCollectorAndAudit\n\tgithub.com/decisiveai/mdai-operator/internal/controller/hub_adapter.go:427\ngithub.com/decisiveai/mdai-operator/internal/controller.HubAdapter.syncComputedConfigMapsAndRestart\n\tgithub.com/decisiveai/mdai-operator/internal/controller/hub_adapter.go:458\ngithub.com/decisiveai/mdai-operator/internal/controller.HubAdapter.ensureVariableSynchronized\n\tgithub.com/decisiveai/mdai-operator/internal/controller/hub_adapter.go:507\ngithub.com/decisiveai/mdai-operator/internal/controller.(*MdaiHubReconciler).ReconcileHandler\n\tgithub.com/decisiveai/mdai-operator/internal/controller/mdaihub_controller.go:113\ngithub.com/decisiveai/mdai-operator/internal/controller.(*MdaiHubReconciler).Reconcile\n\tgithub.com/decisiveai/mdai-operator/internal/controller/mdaihub_controller.go:87\nsigs.k8s.io/controller-runtime/pkg/internal/controller.(*Controller[...]).Reconcile\n\tsigs.k8s.io/controller-runtime@v0.20.4/pkg/internal/controller/controller.go:119\nsigs.k8s.io/controller-runtime/pkg/internal/controller.(*Controller[...]).reconcileHandler\n\tsigs.k8s.io/controller-runtime@v0.20.4/pkg/internal/controller/controller.go:334\nsigs.k8s.io/controller-runtime/pkg/internal/controller.(*Controller[...]).processNextWorkItem\n\tsigs.k8s.io/controller-runtime@v0.20.4/pkg/internal/controller/controller.go:294\nsigs.k8s.io/controller-runtime/pkg/internal/controller.(*Controller[...]).Start.func2.2\n\tsigs.k8s.io/controller-runtime@v0.20.4/pkg/internal/controller/controller.go:255"}
{"level":"info","timestamp":"2026-02-27T03:08:30.115Z","msg":"AUDIT: Triggering restart of OpenTelemetry Collector","controller":"mdaihub","controllerGroup":"hub.mydecisive.ai","controllerKind":"MdaiHub","MdaiHub":{"name":"mdaihub","namespace":"mdai"},"namespace":"mdai","name":"mdaihub","reconcileID":"2be29b02-2ff0-4981-9d70-5890c197bc59","mdai-logstream":"audit","type":"collector_restart","timestamp":"2026-02-27T03:08:30Z","hub_name":"mdaihub","SERVICE_LIST_REGEX":""}
{"level":"info","timestamp":"2026-02-27T03:08:30.115Z","msg":"Triggering restart of OpenTelemetry Collector","controller":"mdaihub","controllerGroup":"hub.mydecisive.ai","controllerKind":"MdaiHub","MdaiHub":{"name":"mdaihub","namespace":"mdai"},"namespace":"mdai","name":"mdaihub","reconcileID":"2be29b02-2ff0-4981-9d70-5890c197bc59","name":"gateway-dynamic-filtration"}
{"level":"warn","timestamp":"2026-02-27T03:08:30.124Z","msg":"VALKEY_AUDIT_STREAM_EXPIRY_MS is deprecated; use VALKEY_AUDIT_STREAM_RETENTION","retention":2592000,"stacktrace":"github.com/decisiveai/mdai-data-core/audit.getStreamRetention\n\tgithub.com/decisiveai/mdai-data-core@v0.2.9/audit/adapter.go:241\ngithub.com/decisiveai/mdai-data-core/audit.NewAuditAdapter\n\tgithub.com/decisiveai/mdai-data-core@v0.2.9/audit/adapter.go:54\ngithub.com/decisiveai/mdai-operator/internal/controller.HubAdapter.restartCollectorAndAudit\n\tgithub.com/decisiveai/mdai-operator/internal/controller/hub_adapter.go:427\ngithub.com/decisiveai/mdai-operator/internal/controller.HubAdapter.syncComputedConfigMapsAndRestart\n\tgithub.com/decisiveai/mdai-operator/internal/controller/hub_adapter.go:458\ngithub.com/decisiveai/mdai-operator/internal/controller.HubAdapter.ensureVariableSynchronized\n\tgithub.com/decisiveai/mdai-operator/internal/controller/hub_adapter.go:507\ngithub.com/decisiveai/mdai-operator/internal/controller.(*MdaiHubReconciler).ReconcileHandler\n\tgithub.com/decisiveai/mdai-operator/internal/controller/mdaihub_controller.go:113\ngithub.com/decisiveai/mdai-operator/internal/controller.(*MdaiHubReconciler).Reconcile\n\tgithub.com/decisiveai/mdai-operator/internal/controller/mdaihub_controller.go:87\nsigs.k8s.io/controller-runtime/pkg/internal/controller.(*Controller[...]).Reconcile\n\tsigs.k8s.io/controller-runtime@v0.20.4/pkg/internal/controller/controller.go:119\nsigs.k8s.io/controller-runtime/pkg/internal/controller.(*Controller[...]).reconcileHandler\n\tsigs.k8s.io/controller-runtime@v0.20.4/pkg/internal/controller/controller.go:334\nsigs.k8s.io/controller-runtime/pkg/internal/controller.(*Controller[...]).processNextWorkItem\n\tsigs.k8s.io/controller-runtime@v0.20.4/pkg/internal/controller/controller.go:294\nsigs.k8s.io/controller-runtime/pkg/internal/controller.(*Controller[...]).Start.func2.2\n\tsigs.k8s.io/controller-runtime@v0.20.4/pkg/internal/controller/controller.go:255"}
{"level":"info","timestamp":"2026-02-27T03:08:30.124Z","msg":"AUDIT: Triggering restart of OpenTelemetry Collector","controller":"mdaihub","controllerGroup":"hub.mydecisive.ai","controllerKind":"MdaiHub","MdaiHub":{"name":"mdaihub","namespace":"mdai"},"namespace":"mdai","name":"mdaihub","reconcileID":"2be29b02-2ff0-4981-9d70-5890c197bc59","mdai-logstream":"audit","type":"collector_restart","timestamp":"2026-02-27T03:08:30Z","hub_name":"mdaihub","SERVICE_LIST_REGEX":""}
{"level":"info","timestamp":"2026-02-27T03:08:30.128Z","msg":"Status set to done for mdai hub","controller":"mdaihub","controllerGroup":"hub.mydecisive.ai","controllerKind":"MdaiHub","MdaiHub":{"name":"mdaihub","namespace":"mdai"},"namespace":"mdai","name":"mdaihub","reconcileID":"2be29b02-2ff0-4981-9d70-5890c197bc59","mdaiHub":"mdaihub"}
{"level":"info","timestamp":"2026-02-27T03:08:30.128Z","msg":"-- Finished MdaiHub reconciliation --","controller":"mdaihub","controllerGroup":"hub.mydecisive.ai","controllerKind":"MdaiHub","MdaiHub":{"name":"mdaihub","namespace":"mdai"},"namespace":"mdai","name":"mdaihub","reconcileID":"2be29b02-2ff0-4981-9d70-5890c197bc59"}
{"level":"info","timestamp":"2026-02-27T03:08:35.067Z","logger":"mdaihub-resource","msg":"Defaulting for MdaiHub","name":"mdaihub"}
{"level":"info","timestamp":"2026-02-27T03:08:35.068Z","logger":"mdaihub-resource","msg":"Validation for MdaiHub upon update","name":"mdaihub"}
{"level":"info","timestamp":"2026-02-27T03:08:35.070Z","msg":"-- Starting MdaiHub reconciliation --","controller":"mdaihub","controllerGroup":"hub.mydecisive.ai","controllerKind":"MdaiHub","MdaiHub":{"name":"mdaihub","namespace":"mdai"},"namespace":"mdai","name":"mdaihub","reconcileID":"5f389df5-d273-4aa0-9232-3d22e68a92a6","namespace":{"name":"mdaihub","namespace":"mdai"},"name":"mdaihub"}
{"level":"info","timestamp":"2026-02-27T03:08:35.070Z","msg":"EnsurePrometheusRuleSynchronized","controller":"mdaihub","controllerGroup":"hub.mydecisive.ai","controllerKind":"MdaiHub","MdaiHub":{"name":"mdaihub","namespace":"mdai"},"namespace":"mdai","name":"mdaihub","reconcileID":"5f389df5-d273-4aa0-9232-3d22e68a92a6"}
{"level":"info","timestamp":"2026-02-27T03:08:35.070Z","msg":"No evaluations found, skipping PrometheusRule creation","controller":"mdaihub","controllerGroup":"hub.mydecisive.ai","controllerKind":"MdaiHub","MdaiHub":{"name":"mdaihub","namespace":"mdai"},"namespace":"mdai","name":"mdaihub","reconcileID":"5f389df5-d273-4aa0-9232-3d22e68a92a6"}
{"level":"info","timestamp":"2026-02-27T03:08:35.070Z","msg":"Removing existing rules","controller":"mdaihub","controllerGroup":"hub.mydecisive.ai","controllerKind":"MdaiHub","MdaiHub":{"name":"mdaihub","namespace":"mdai"},"namespace":"mdai","name":"mdaihub","reconcileID":"5f389df5-d273-4aa0-9232-3d22e68a92a6"}
{"level":"info","timestamp":"2026-02-27T03:08:35.071Z","msg":"Deleted PrometheusRule","controller":"mdaihub","controllerGroup":"hub.mydecisive.ai","controllerKind":"MdaiHub","MdaiHub":{"name":"mdaihub","namespace":"mdai"},"namespace":"mdai","name":"mdaihub","reconcileID":"5f389df5-d273-4aa0-9232-3d22e68a92a6","prometheus_rule_name":"mdai-mdaihub-alert-rules"}
{"level":"info","timestamp":"2026-02-27T03:08:35.071Z","msg":"No automations defined in the MDAI CR","controller":"mdaihub","controllerGroup":"hub.mydecisive.ai","controllerKind":"MdaiHub","MdaiHub":{"name":"mdaihub","namespace":"mdai"},"namespace":"mdai","name":"mdaihub","reconcileID":"5f389df5-d273-4aa0-9232-3d22e68a92a6","name":"mdaihub"}
{"level":"info","timestamp":"2026-02-27T03:08:35.071Z","msg":"Deleting ConfigMap","controller":"mdaihub","controllerGroup":"hub.mydecisive.ai","controllerKind":"MdaiHub","MdaiHub":{"name":"mdaihub","namespace":"mdai"},"namespace":"mdai","name":"mdaihub","reconcileID":"5f389df5-d273-4aa0-9232-3d22e68a92a6","name":"mdaihub-automation","namespace":"mdai"}
{"level":"info","timestamp":"2026-02-27T03:08:35.073Z","msg":"<DeleteFunc> mdaihub-automation ignored"}
{"level":"info","timestamp":"2026-02-27T03:08:35.073Z","msg":"No variables found in the CR, skipping variable synchronization","controller":"mdaihub","controllerGroup":"hub.mydecisive.ai","controllerKind":"MdaiHub","MdaiHub":{"name":"mdaihub","namespace":"mdai"},"namespace":"mdai","name":"mdaihub","reconcileID":"5f389df5-d273-4aa0-9232-3d22e68a92a6"}
{"level":"info","timestamp":"2026-02-27T03:08:35.076Z","msg":"Status set to done for mdai hub","controller":"mdaihub","controllerGroup":"hub.mydecisive.ai","controllerKind":"MdaiHub","MdaiHub":{"name":"mdaihub","namespace":"mdai"},"namespace":"mdai","name":"mdaihub","reconcileID":"5f389df5-d273-4aa0-9232-3d22e68a92a6","mdaiHub":"mdaihub"}
{"level":"info","timestamp":"2026-02-27T03:08:35.076Z","msg":"-- Finished MdaiHub reconciliation --","controller":"mdaihub","controllerGroup":"hub.mydecisive.ai","controllerKind":"MdaiHub","MdaiHub":{"name":"mdaihub","namespace":"mdai"},"namespace":"mdai","name":"mdaihub","reconcileID":"5f389df5-d273-4aa0-9232-3d22e68a92a6"}
{"level":"info","timestamp":"2026-02-27T03:08:36.085Z","logger":"mdaihub-resource","msg":"Defaulting for MdaiHub","name":"mdaihub"}
{"level":"info","timestamp":"2026-02-27T03:08:36.086Z","logger":"mdaihub-resource","msg":"Validation for MdaiHub upon update","name":"mdaihub"}
{"level":"info","timestamp":"2026-02-27T03:08:36.088Z","msg":"-- Starting MdaiHub reconciliation --","controller":"mdaihub","controllerGroup":"hub.mydecisive.ai","controllerKind":"MdaiHub","MdaiHub":{"name":"mdaihub","namespace":"mdai"},"namespace":"mdai","name":"mdaihub","reconcileID":"71e32e1e-2f0a-423b-b6c4-7de212ecd24a","namespace":{"name":"mdaihub","namespace":"mdai"},"name":"mdaihub"}
{"level":"info","timestamp":"2026-02-27T03:08:36.088Z","msg":"EnsurePrometheusRuleSynchronized","controller":"mdaihub","controllerGroup":"hub.mydecisive.ai","controllerKind":"MdaiHub","MdaiHub":{"name":"mdaihub","namespace":"mdai"},"namespace":"mdai","name":"mdaihub","reconcileID":"71e32e1e-2f0a-423b-b6c4-7de212ecd24a"}
{"level":"info","timestamp":"2026-02-27T03:08:36.090Z","msg":"Created new PrometheusRule","controller":"mdaihub","controllerGroup":"hub.mydecisive.ai","controllerKind":"MdaiHub","MdaiHub":{"name":"mdaihub","namespace":"mdai"},"namespace":"mdai","name":"mdaihub","reconcileID":"71e32e1e-2f0a-423b-b6c4-7de212ecd24a","prometheus_rule_name":"mdai-mdaihub-alert-rules"}
{"level":"info","timestamp":"2026-02-27T03:08:36.091Z","logger":"mdaihub-resource","msg":"Defaulting for MdaiHub","name":"mdaihub"}
{"level":"info","timestamp":"2026-02-27T03:08:36.092Z","logger":"mdaihub-resource","msg":"Validation for MdaiHub upon update","name":"mdaihub"}
{"level":"info","timestamp":"2026-02-27T03:08:36.094Z","msg":"Creating or updating ConfigMap for automations","controller":"mdaihub","controllerGroup":"hub.mydecisive.ai","controllerKind":"MdaiHub","MdaiHub":{"name":"mdaihub","namespace":"mdai"},"namespace":"mdai","name":"mdaihub","reconcileID":"71e32e1e-2f0a-423b-b6c4-7de212ecd24a","name":"mdaihub"}
{"level":"info","timestamp":"2026-02-27T03:08:36.096Z","msg":"<CreateFunc> mdaihub-automation ignored"}
{"level":"info","timestamp":"2026-02-27T03:08:36.096Z","msg":"Successfully created or updated ConfigMap","controller":"mdaihub","controllerGroup":"hub.mydecisive.ai","controllerKind":"MdaiHub","MdaiHub":{"name":"mdaihub","namespace":"mdai"},"namespace":"mdai","name":"mdaihub","reconcileID":"71e32e1e-2f0a-423b-b6c4-7de212ecd24a","name":"mdaihub-automation","namespace":"mdai","operation":"created"}
{"level":"info","timestamp":"2026-02-27T03:08:36.096Z","msg":"Successfully created ConfigMap for automations","controller":"mdaihub","controllerGroup":"hub.mydecisive.ai","controllerKind":"MdaiHub","MdaiHub":{"name":"mdaihub","namespace":"mdai"},"namespace":"mdai","name":"mdaihub","reconcileID":"71e32e1e-2f0a-423b-b6c4-7de212ecd24a","name":"mdaihub"}
{"level":"info","timestamp":"2026-02-27T03:08:36.096Z","msg":"Processing variable","controller":"mdaihub","controllerGroup":"hub.mydecisive.ai","controllerKind":"MdaiHub","MdaiHub":{"name":"mdaihub","namespace":"mdai"},"namespace":"mdai","name":"mdaihub","reconcileID":"71e32e1e-2f0a-423b-b6c4-7de212ecd24a","key":"service_list"}
{"level":"info","timestamp":"2026-02-27T03:08:36.097Z","msg":"Data received for variable/mdaihub/service_list: []"}
{"level":"info","timestamp":"2026-02-27T03:08:36.097Z","msg":"Processing variable","controller":"mdaihub","controllerGroup":"hub.mydecisive.ai","controllerKind":"MdaiHub","MdaiHub":{"name":"mdaihub","namespace":"mdai"},"namespace":"mdai","name":"mdaihub","reconcileID":"71e32e1e-2f0a-423b-b6c4-7de212ecd24a","key":"alerting_data_type"}
{"level":"info","timestamp":"2026-02-27T03:08:36.097Z","msg":"No value found in storage","key":"variable/mdaihub/alerting_data_type"}
{"level":"info","timestamp":"2026-02-27T03:08:36.097Z","msg":"Processing variable","controller":"mdaihub","controllerGroup":"hub.mydecisive.ai","controllerKind":"MdaiHub","MdaiHub":{"name":"mdaihub","namespace":"mdai"},"namespace":"mdai","name":"mdaihub","reconcileID":"71e32e1e-2f0a-423b-b6c4-7de212ecd24a","key":"alerting_triggered"}
{"level":"info","timestamp":"2026-02-27T03:08:36.097Z","msg":"No value found in storage","key":"variable/mdaihub/alerting_triggered"}
{"level":"info","timestamp":"2026-02-27T03:08:36.097Z","msg":"Deleting old valkey keys","controller":"mdaihub","controllerGroup":"hub.mydecisive.ai","controllerKind":"MdaiHub","MdaiHub":{"name":"mdaihub","namespace":"mdai"},"namespace":"mdai","name":"mdaihub","reconcileID":"71e32e1e-2f0a-423b-b6c4-7de212ecd24a","valkeyKeysToKeep":{"alerting_data_type":{},"alerting_triggered":{},"service_list":{}}}
{"level":"info","timestamp":"2026-02-27T03:08:36.097Z","msg":"No manual variables defined in the MDAI CR","controller":"mdaihub","controllerGroup":"hub.mydecisive.ai","controllerKind":"MdaiHub","MdaiHub":{"name":"mdaihub","namespace":"mdai"},"namespace":"mdai","name":"mdaihub","reconcileID":"71e32e1e-2f0a-423b-b6c4-7de212ecd24a","name":"mdaihub"}
{"level":"info","timestamp":"2026-02-27T03:08:36.097Z","msg":"Deleting ConfigMap","controller":"mdaihub","controllerGroup":"hub.mydecisive.ai","controllerKind":"MdaiHub","MdaiHub":{"name":"mdaihub","namespace":"mdai"},"namespace":"mdai","name":"mdaihub","reconcileID":"71e32e1e-2f0a-423b-b6c4-7de212ecd24a","name":"mdaihub-manual-variables","namespace":"mdai"}
{"level":"info","timestamp":"2026-02-27T03:08:36.098Z","msg":"ConfigMap not found, skipping deletion","controller":"mdaihub","controllerGroup":"hub.mydecisive.ai","controllerKind":"MdaiHub","MdaiHub":{"name":"mdaihub","namespace":"mdai"},"namespace":"mdai","name":"mdaihub","reconcileID":"71e32e1e-2f0a-423b-b6c4-7de212ecd24a","name":"mdaihub-manual-variables","namespace":"mdai"}
{"level":"info","timestamp":"2026-02-27T03:08:36.098Z","msg":"Successfully created or updated ConfigMap","controller":"mdaihub","controllerGroup":"hub.mydecisive.ai","controllerKind":"MdaiHub","MdaiHub":{"name":"mdaihub","namespace":"mdai"},"namespace":"mdai","name":"mdaihub","reconcileID":"71e32e1e-2f0a-423b-b6c4-7de212ecd24a","name":"mdaihub-variables","namespace":"mdai","operation":"unchanged"}
{"level":"info","timestamp":"2026-02-27T03:08:36.098Z","msg":"Successfully created or updated ConfigMap","controller":"mdaihub","controllerGroup":"hub.mydecisive.ai","controllerKind":"MdaiHub","MdaiHub":{"name":"mdaihub","namespace":"mdai"},"namespace":"mdai","name":"mdaihub","reconcileID":"71e32e1e-2f0a-423b-b6c4-7de212ecd24a","name":"mdaihub-variables","namespace":"mdai","operation":"unchanged"}
{"level":"info","timestamp":"2026-02-27T03:08:36.098Z","msg":"Successfully created or updated ConfigMap","controller":"mdaihub","controllerGroup":"hub.mydecisive.ai","controllerKind":"MdaiHub","MdaiHub":{"name":"mdaihub","namespace":"mdai"},"namespace":"mdai","name":"mdaihub","reconcileID":"71e32e1e-2f0a-423b-b6c4-7de212ecd24a","name":"mdaihub-variables","namespace":"mdai","operation":"unchanged"}
{"level":"info","timestamp":"2026-02-27T03:08:36.101Z","msg":"Status set to done for mdai hub","controller":"mdaihub","controllerGroup":"hub.mydecisive.ai","controllerKind":"MdaiHub","MdaiHub":{"name":"mdaihub","namespace":"mdai"},"namespace":"mdai","name":"mdaihub","reconcileID":"71e32e1e-2f0a-423b-b6c4-7de212ecd24a","mdaiHub":"mdaihub"}
{"level":"info","timestamp":"2026-02-27T03:08:36.101Z","msg":"-- Finished MdaiHub reconciliation --","controller":"mdaihub","controllerGroup":"hub.mydecisive.ai","controllerKind":"MdaiHub","MdaiHub":{"name":"mdaihub","namespace":"mdai"},"namespace":"mdai","name":"mdaihub","reconcileID":"71e32e1e-2f0a-423b-b6c4-7de212ecd24a"}
{"level":"info","timestamp":"2026-02-27T03:08:36.101Z","msg":"-- Starting MdaiHub reconciliation --","controller":"mdaihub","controllerGroup":"hub.mydecisive.ai","controllerKind":"MdaiHub","MdaiHub":{"name":"mdaihub","namespace":"mdai"},"namespace":"mdai","name":"mdaihub","reconcileID":"c80e9858-e97a-4d37-a280-17ff8e3a761a","namespace":{"name":"mdaihub","namespace":"mdai"},"name":"mdaihub"}
{"level":"info","timestamp":"2026-02-27T03:08:36.101Z","msg":"EnsurePrometheusRuleSynchronized","controller":"mdaihub","controllerGroup":"hub.mydecisive.ai","controllerKind":"MdaiHub","MdaiHub":{"name":"mdaihub","namespace":"mdai"},"namespace":"mdai","name":"mdaihub","reconcileID":"c80e9858-e97a-4d37-a280-17ff8e3a761a"}
{"level":"info","timestamp":"2026-02-27T03:08:36.101Z","msg":"No evaluations found, skipping PrometheusRule creation","controller":"mdaihub","controllerGroup":"hub.mydecisive.ai","controllerKind":"MdaiHub","MdaiHub":{"name":"mdaihub","namespace":"mdai"},"namespace":"mdai","name":"mdaihub","reconcileID":"c80e9858-e97a-4d37-a280-17ff8e3a761a"}
{"level":"info","timestamp":"2026-02-27T03:08:36.101Z","msg":"Removing existing rules","controller":"mdaihub","controllerGroup":"hub.mydecisive.ai","controllerKind":"MdaiHub","MdaiHub":{"name":"mdaihub","namespace":"mdai"},"namespace":"mdai","name":"mdaihub","reconcileID":"c80e9858-e97a-4d37-a280-17ff8e3a761a"}
{"level":"info","timestamp":"2026-02-27T03:08:36.103Z","msg":"Deleted PrometheusRule","controller":"mdaihub","controllerGroup":"hub.mydecisive.ai","controllerKind":"MdaiHub","MdaiHub":{"name":"mdaihub","namespace":"mdai"},"namespace":"mdai","name":"mdaihub","reconcileID":"c80e9858-e97a-4d37-a280-17ff8e3a761a","prometheus_rule_name":"mdai-mdaihub-alert-rules"}
{"level":"info","timestamp":"2026-02-27T03:08:36.103Z","msg":"No automations defined in the MDAI CR","controller":"mdaihub","controllerGroup":"hub.mydecisive.ai","controllerKind":"MdaiHub","MdaiHub":{"name":"mdaihub","namespace":"mdai"},"namespace":"mdai","name":"mdaihub","reconcileID":"c80e9858-e97a-4d37-a280-17ff8e3a761a","name":"mdaihub"}
{"level":"info","timestamp":"2026-02-27T03:08:36.103Z","msg":"Deleting ConfigMap","controller":"mdaihub","controllerGroup":"hub.mydecisive.ai","controllerKind":"MdaiHub","MdaiHub":{"name":"mdaihub","namespace":"mdai"},"namespace":"mdai","name":"mdaihub","reconcileID":"c80e9858-e97a-4d37-a280-17ff8e3a761a","name":"mdaihub-automation","namespace":"mdai"}
{"level":"info","timestamp":"2026-02-27T03:08:36.104Z","msg":"<DeleteFunc> mdaihub-automation ignored"}
{"level":"info","timestamp":"2026-02-27T03:08:36.105Z","msg":"Processing variable","controller":"mdaihub","controllerGroup":"hub.mydecisive.ai","controllerKind":"MdaiHub","MdaiHub":{"name":"mdaihub","namespace":"mdai"},"namespace":"mdai","name":"mdaihub","reconcileID":"c80e9858-e97a-4d37-a280-17ff8e3a761a","key":"fields_to_redact"}
{"level":"info","timestamp":"2026-02-27T03:08:36.105Z","msg":"Data received for variable/mdaihub/fields_to_redact: []"}
{"level":"info","timestamp":"2026-02-27T03:08:36.105Z","msg":"Processing variable","controller":"mdaihub","controllerGroup":"hub.mydecisive.ai","controllerKind":"MdaiHub","MdaiHub":{"name":"mdaihub","namespace":"mdai"},"namespace":"mdai","name":"mdaihub","reconcileID":"c80e9858-e97a-4d37-a280-17ff8e3a761a","key":"fields_to_hash"}
{"level":"info","timestamp":"2026-02-27T03:08:36.105Z","msg":"Data received for variable/mdaihub/fields_to_hash: []"}
{"level":"info","timestamp":"2026-02-27T03:08:36.105Z","msg":"Processing variable","controller":"mdaihub","controllerGroup":"hub.mydecisive.ai","controllerKind":"MdaiHub","MdaiHub":{"name":"mdaihub","namespace":"mdai"},"namespace":"mdai","name":"mdaihub","reconcileID":"c80e9858-e97a-4d37-a280-17ff8e3a761a","key":"email_regex"}
{"level":"info","timestamp":"2026-02-27T03:08:36.105Z","msg":"No value found in storage","key":"variable/mdaihub/email_regex"}
{"level":"info","timestamp":"2026-02-27T03:08:36.105Z","msg":"Processing variable","controller":"mdaihub","controllerGroup":"hub.mydecisive.ai","controllerKind":"MdaiHub","MdaiHub":{"name":"mdaihub","namespace":"mdai"},"namespace":"mdai","name":"mdaihub","reconcileID":"c80e9858-e97a-4d37-a280-17ff8e3a761a","key":"cc_regex"}
{"level":"info","timestamp":"2026-02-27T03:08:36.105Z","msg":"No value found in storage","key":"variable/mdaihub/cc_regex"}
{"level":"info","timestamp":"2026-02-27T03:08:36.105Z","msg":"Processing variable","controller":"mdaihub","controllerGroup":"hub.mydecisive.ai","controllerKind":"MdaiHub","MdaiHub":{"name":"mdaihub","namespace":"mdai"},"namespace":"mdai","name":"mdaihub","reconcileID":"c80e9858-e97a-4d37-a280-17ff8e3a761a","key":"phone_regex"}
{"level":"info","timestamp":"2026-02-27T03:08:36.105Z","msg":"No value found in storage","key":"variable/mdaihub/phone_regex"}
{"level":"info","timestamp":"2026-02-27T03:08:36.105Z","msg":"Processing variable","controller":"mdaihub","controllerGroup":"hub.mydecisive.ai","controllerKind":"MdaiHub","MdaiHub":{"name":"mdaihub","namespace":"mdai"},"namespace":"mdai","name":"mdaihub","reconcileID":"c80e9858-e97a-4d37-a280-17ff8e3a761a","key":"address_regex"}
{"level":"info","timestamp":"2026-02-27T03:08:36.105Z","msg":"No value found in storage","key":"variable/mdaihub/address_regex"}
{"level":"info","timestamp":"2026-02-27T03:08:36.105Z","msg":"Processing variable","controller":"mdaihub","controllerGroup":"hub.mydecisive.ai","controllerKind":"MdaiHub","MdaiHub":{"name":"mdaihub","namespace":"mdai"},"namespace":"mdai","name":"mdaihub","reconcileID":"c80e9858-e97a-4d37-a280-17ff8e3a761a","key":"ssn_regex"}
{"level":"info","timestamp":"2026-02-27T03:08:36.105Z","msg":"No value found in storage","key":"variable/mdaihub/ssn_regex"}
{"level":"info","timestamp":"2026-02-27T03:08:36.105Z","msg":"Processing variable","controller":"mdaihub","controllerGroup":"hub.mydecisive.ai","controllerKind":"MdaiHub","MdaiHub":{"name":"mdaihub","namespace":"mdai"},"namespace":"mdai","name":"mdaihub","reconcileID":"c80e9858-e97a-4d37-a280-17ff8e3a761a","key":"name_regex"}
{"level":"info","timestamp":"2026-02-27T03:08:36.105Z","msg":"No value found in storage","key":"variable/mdaihub/name_regex"}
{"level":"info","timestamp":"2026-02-27T03:08:36.105Z","msg":"Processing variable","controller":"mdaihub","controllerGroup":"hub.mydecisive.ai","controllerKind":"MdaiHub","MdaiHub":{"name":"mdaihub","namespace":"mdai"},"namespace":"mdai","name":"mdaihub","reconcileID":"c80e9858-e97a-4d37-a280-17ff8e3a761a","key":"email_template"}
{"level":"info","timestamp":"2026-02-27T03:08:36.105Z","msg":"No value found in storage","key":"variable/mdaihub/email_template"}
{"level":"info","timestamp":"2026-02-27T03:08:36.105Z","msg":"Processing variable","controller":"mdaihub","controllerGroup":"hub.mydecisive.ai","controllerKind":"MdaiHub","MdaiHub":{"name":"mdaihub","namespace":"mdai"},"namespace":"mdai","name":"mdaihub","reconcileID":"c80e9858-e97a-4d37-a280-17ff8e3a761a","key":"cc_template"}
{"level":"info","timestamp":"2026-02-27T03:08:36.105Z","msg":"No value found in storage","key":"variable/mdaihub/cc_template"}
{"level":"info","timestamp":"2026-02-27T03:08:36.105Z","msg":"Processing variable","controller":"mdaihub","controllerGroup":"hub.mydecisive.ai","controllerKind":"MdaiHub","MdaiHub":{"name":"mdaihub","namespace":"mdai"},"namespace":"mdai","name":"mdaihub","reconcileID":"c80e9858-e97a-4d37-a280-17ff8e3a761a","key":"phone_template"}
{"level":"info","timestamp":"2026-02-27T03:08:36.106Z","msg":"No value found in storage","key":"variable/mdaihub/phone_template"}
{"level":"info","timestamp":"2026-02-27T03:08:36.106Z","msg":"Processing variable","controller":"mdaihub","controllerGroup":"hub.mydecisive.ai","controllerKind":"MdaiHub","MdaiHub":{"name":"mdaihub","namespace":"mdai"},"namespace":"mdai","name":"mdaihub","reconcileID":"c80e9858-e97a-4d37-a280-17ff8e3a761a","key":"address_template"}
{"level":"info","timestamp":"2026-02-27T03:08:36.106Z","msg":"No value found in storage","key":"variable/mdaihub/address_template"}
{"level":"info","timestamp":"2026-02-27T03:08:36.106Z","msg":"Processing variable","controller":"mdaihub","controllerGroup":"hub.mydecisive.ai","controllerKind":"MdaiHub","MdaiHub":{"name":"mdaihub","namespace":"mdai"},"namespace":"mdai","name":"mdaihub","reconcileID":"c80e9858-e97a-4d37-a280-17ff8e3a761a","key":"ssn_template"}
{"level":"info","timestamp":"2026-02-27T03:08:36.106Z","msg":"No value found in storage","key":"variable/mdaihub/ssn_template"}
{"level":"info","timestamp":"2026-02-27T03:08:36.106Z","msg":"Processing variable","controller":"mdaihub","controllerGroup":"hub.mydecisive.ai","controllerKind":"MdaiHub","MdaiHub":{"name":"mdaihub","namespace":"mdai"},"namespace":"mdai","name":"mdaihub","reconcileID":"c80e9858-e97a-4d37-a280-17ff8e3a761a","key":"name_template"}
{"level":"info","timestamp":"2026-02-27T03:08:36.106Z","msg":"No value found in storage","key":"variable/mdaihub/name_template"}
{"level":"info","timestamp":"2026-02-27T03:08:36.106Z","msg":"Deleting old valkey keys","controller":"mdaihub","controllerGroup":"hub.mydecisive.ai","controllerKind":"MdaiHub","MdaiHub":{"name":"mdaihub","namespace":"mdai"},"namespace":"mdai","name":"mdaihub","reconcileID":"c80e9858-e97a-4d37-a280-17ff8e3a761a","valkeyKeysToKeep":{"address_regex":{},"address_template":{},"cc_regex":{},"cc_template":{},"email_regex":{},"email_template":{},"fields_to_hash":{},"fields_to_redact":{},"name_regex":{},"name_template":{},"phone_regex":{},"phone_template":{},"ssn_regex":{},"ssn_template":{}}}
{"level":"info","timestamp":"2026-02-27T03:08:36.108Z","msg":"<CreateFunc> mdaihub-manual-variables ignored"}
{"level":"info","timestamp":"2026-02-27T03:08:36.108Z","msg":"Successfully created or updated ConfigMap","controller":"mdaihub","controllerGroup":"hub.mydecisive.ai","controllerKind":"MdaiHub","MdaiHub":{"name":"mdaihub","namespace":"mdai"},"namespace":"mdai","name":"mdaihub","reconcileID":"c80e9858-e97a-4d37-a280-17ff8e3a761a","name":"mdaihub-manual-variables","namespace":"mdai","operation":"created"}
{"level":"info","timestamp":"2026-02-27T03:08:36.109Z","msg":"Successfully created or updated ConfigMap","controller":"mdaihub","controllerGroup":"hub.mydecisive.ai","controllerKind":"MdaiHub","MdaiHub":{"name":"mdaihub","namespace":"mdai"},"namespace":"mdai","name":"mdaihub","reconcileID":"c80e9858-e97a-4d37-a280-17ff8e3a761a","name":"mdaihub-variables","namespace":"mdai","operation":"updated"}
{"level":"info","timestamp":"2026-02-27T03:08:36.109Z","msg":"<UpdateFunc> mdaihub-variables shouldReconcile: false"}
{"level":"error","timestamp":"2026-02-27T03:08:36.110Z","msg":"Failed to create or update ConfigMap","controller":"mdaihub","controllerGroup":"hub.mydecisive.ai","controllerKind":"MdaiHub","MdaiHub":{"name":"mdaihub","namespace":"mdai"},"namespace":"mdai","name":"mdaihub","reconcileID":"c80e9858-e97a-4d37-a280-17ff8e3a761a","name":"mdaihub-variables","namespace":"mdai","error":"Operation cannot be fulfilled on configmaps \"mdaihub-variables\": the object has been modified; please apply your changes to the latest version and try again","stacktrace":"github.com/go-logr/logr.Logger.Error\n\tgithub.com/go-logr/logr@v1.4.3/logr.go:301\ngithub.com/decisiveai/mdai-operator/internal/controller.HubAdapter.createOrUpdateEnvConfigMap\n\tgithub.com/decisiveai/mdai-operator/internal/controller/hub_adapter.go:671\ngithub.com/decisiveai/mdai-operator/internal/controller.HubAdapter.syncComputedConfigMapsAndRestart\n\tgithub.com/decisiveai/mdai-operator/internal/controller/hub_adapter.go:446\ngithub.com/decisiveai/mdai-operator/internal/controller.HubAdapter.ensureVariableSynchronized\n\tgithub.com/decisiveai/mdai-operator/internal/controller/hub_adapter.go:507\ngithub.com/decisiveai/mdai-operator/internal/controller.(*MdaiHubReconciler).ReconcileHandler\n\tgithub.com/decisiveai/mdai-operator/internal/controller/mdaihub_controller.go:113\ngithub.com/decisiveai/mdai-operator/internal/controller.(*MdaiHubReconciler).Reconcile\n\tgithub.com/decisiveai/mdai-operator/internal/controller/mdaihub_controller.go:87\nsigs.k8s.io/controller-runtime/pkg/internal/controller.(*Controller[...]).Reconcile\n\tsigs.k8s.io/controller-runtime@v0.20.4/pkg/internal/controller/controller.go:119\nsigs.k8s.io/controller-runtime/pkg/internal/controller.(*Controller[...]).reconcileHandler\n\tsigs.k8s.io/controller-runtime@v0.20.4/pkg/internal/controller/controller.go:334\nsigs.k8s.io/controller-runtime/pkg/internal/controller.(*Controller[...]).processNextWorkItem\n\tsigs.k8s.io/controller-runtime@v0.20.4/pkg/internal/controller/controller.go:294\nsigs.k8s.io/controller-runtime/pkg/internal/controller.(*Controller[...]).Start.func2.2\n\tsigs.k8s.io/controller-runtime@v0.20.4/pkg/internal/controller/controller.go:255"}
{"level":"error","timestamp":"2026-02-27T03:08:36.110Z","msg":"Reconciler error","controller":"mdaihub","controllerGroup":"hub.mydecisive.ai","controllerKind":"MdaiHub","MdaiHub":{"name":"mdaihub","namespace":"mdai"},"namespace":"mdai","name":"mdaihub","reconcileID":"c80e9858-e97a-4d37-a280-17ff8e3a761a","error":"failed to create or update ConfigMap: Operation cannot be fulfilled on configmaps \"mdaihub-variables\": the object has been modified; please apply your changes to the latest version and try again","stacktrace":"github.com/go-logr/logr.Logger.Error\n\tgithub.com/go-logr/logr@v1.4.3/logr.go:301\nsigs.k8s.io/controller-runtime/pkg/internal/controller.(*Controller[...]).reconcileHandler\n\tsigs.k8s.io/controller-runtime@v0.20.4/pkg/internal/controller/controller.go:347\nsigs.k8s.io/controller-runtime/pkg/internal/controller.(*Controller[...]).processNextWorkItem\n\tsigs.k8s.io/controller-runtime@v0.20.4/pkg/internal/controller/controller.go:294\nsigs.k8s.io/controller-runtime/pkg/internal/controller.(*Controller[...]).Start.func2.2\n\tsigs.k8s.io/controller-runtime@v0.20.4/pkg/internal/controller/controller.go:255"}
{"level":"info","timestamp":"2026-02-27T03:08:36.117Z","msg":"-- Starting MdaiHub reconciliation --","controller":"mdaihub","controllerGroup":"hub.mydecisive.ai","controllerKind":"MdaiHub","MdaiHub":{"name":"mdaihub","namespace":"mdai"},"namespace":"mdai","name":"mdaihub","reconcileID":"64ba0a43-d125-4406-850c-816bc61d2bd4","namespace":{"name":"mdaihub","namespace":"mdai"},"name":"mdaihub"}
{"level":"info","timestamp":"2026-02-27T03:08:36.117Z","msg":"EnsurePrometheusRuleSynchronized","controller":"mdaihub","controllerGroup":"hub.mydecisive.ai","controllerKind":"MdaiHub","MdaiHub":{"name":"mdaihub","namespace":"mdai"},"namespace":"mdai","name":"mdaihub","reconcileID":"64ba0a43-d125-4406-850c-816bc61d2bd4"}
{"level":"info","timestamp":"2026-02-27T03:08:36.117Z","msg":"No evaluations found, skipping PrometheusRule creation","controller":"mdaihub","controllerGroup":"hub.mydecisive.ai","controllerKind":"MdaiHub","MdaiHub":{"name":"mdaihub","namespace":"mdai"},"namespace":"mdai","name":"mdaihub","reconcileID":"64ba0a43-d125-4406-850c-816bc61d2bd4"}
{"level":"info","timestamp":"2026-02-27T03:08:36.117Z","msg":"No automations defined in the MDAI CR","controller":"mdaihub","controllerGroup":"hub.mydecisive.ai","controllerKind":"MdaiHub","MdaiHub":{"name":"mdaihub","namespace":"mdai"},"namespace":"mdai","name":"mdaihub","reconcileID":"64ba0a43-d125-4406-850c-816bc61d2bd4","name":"mdaihub"}
{"level":"info","timestamp":"2026-02-27T03:08:36.117Z","msg":"Deleting ConfigMap","controller":"mdaihub","controllerGroup":"hub.mydecisive.ai","controllerKind":"MdaiHub","MdaiHub":{"name":"mdaihub","namespace":"mdai"},"namespace":"mdai","name":"mdaihub","reconcileID":"64ba0a43-d125-4406-850c-816bc61d2bd4","name":"mdaihub-automation","namespace":"mdai"}
{"level":"info","timestamp":"2026-02-27T03:08:36.117Z","msg":"ConfigMap not found, skipping deletion","controller":"mdaihub","controllerGroup":"hub.mydecisive.ai","controllerKind":"MdaiHub","MdaiHub":{"name":"mdaihub","namespace":"mdai"},"namespace":"mdai","name":"mdaihub","reconcileID":"64ba0a43-d125-4406-850c-816bc61d2bd4","name":"mdaihub-automation","namespace":"mdai"}
{"level":"info","timestamp":"2026-02-27T03:08:36.117Z","msg":"Processing variable","controller":"mdaihub","controllerGroup":"hub.mydecisive.ai","controllerKind":"MdaiHub","MdaiHub":{"name":"mdaihub","namespace":"mdai"},"namespace":"mdai","name":"mdaihub","reconcileID":"64ba0a43-d125-4406-850c-816bc61d2bd4","key":"fields_to_redact"}
{"level":"info","timestamp":"2026-02-27T03:08:36.117Z","msg":"Data received for variable/mdaihub/fields_to_redact: []"}
{"level":"info","timestamp":"2026-02-27T03:08:36.117Z","msg":"Processing variable","controller":"mdaihub","controllerGroup":"hub.mydecisive.ai","controllerKind":"MdaiHub","MdaiHub":{"name":"mdaihub","namespace":"mdai"},"namespace":"mdai","name":"mdaihub","reconcileID":"64ba0a43-d125-4406-850c-816bc61d2bd4","key":"fields_to_hash"}
{"level":"info","timestamp":"2026-02-27T03:08:36.118Z","msg":"Data received for variable/mdaihub/fields_to_hash: []"}
{"level":"info","timestamp":"2026-02-27T03:08:36.118Z","msg":"Processing variable","controller":"mdaihub","controllerGroup":"hub.mydecisive.ai","controllerKind":"MdaiHub","MdaiHub":{"name":"mdaihub","namespace":"mdai"},"namespace":"mdai","name":"mdaihub","reconcileID":"64ba0a43-d125-4406-850c-816bc61d2bd4","key":"email_regex"}
{"level":"info","timestamp":"2026-02-27T03:08:36.118Z","msg":"No value found in storage","key":"variable/mdaihub/email_regex"}
{"level":"info","timestamp":"2026-02-27T03:08:36.118Z","msg":"Processing variable","controller":"mdaihub","controllerGroup":"hub.mydecisive.ai","controllerKind":"MdaiHub","MdaiHub":{"name":"mdaihub","namespace":"mdai"},"namespace":"mdai","name":"mdaihub","reconcileID":"64ba0a43-d125-4406-850c-816bc61d2bd4","key":"cc_regex"}
{"level":"info","timestamp":"2026-02-27T03:08:36.118Z","msg":"No value found in storage","key":"variable/mdaihub/cc_regex"}
{"level":"info","timestamp":"2026-02-27T03:08:36.118Z","msg":"Processing variable","controller":"mdaihub","controllerGroup":"hub.mydecisive.ai","controllerKind":"MdaiHub","MdaiHub":{"name":"mdaihub","namespace":"mdai"},"namespace":"mdai","name":"mdaihub","reconcileID":"64ba0a43-d125-4406-850c-816bc61d2bd4","key":"phone_regex"}
{"level":"info","timestamp":"2026-02-27T03:08:36.118Z","msg":"No value found in storage","key":"variable/mdaihub/phone_regex"}
{"level":"info","timestamp":"2026-02-27T03:08:36.118Z","msg":"Processing variable","controller":"mdaihub","controllerGroup":"hub.mydecisive.ai","controllerKind":"MdaiHub","MdaiHub":{"name":"mdaihub","namespace":"mdai"},"namespace":"mdai","name":"mdaihub","reconcileID":"64ba0a43-d125-4406-850c-816bc61d2bd4","key":"address_regex"}
{"level":"info","timestamp":"2026-02-27T03:08:36.118Z","msg":"No value found in storage","key":"variable/mdaihub/address_regex"}
{"level":"info","timestamp":"2026-02-27T03:08:36.118Z","msg":"Processing variable","controller":"mdaihub","controllerGroup":"hub.mydecisive.ai","controllerKind":"MdaiHub","MdaiHub":{"name":"mdaihub","namespace":"mdai"},"namespace":"mdai","name":"mdaihub","reconcileID":"64ba0a43-d125-4406-850c-816bc61d2bd4","key":"ssn_regex"}
{"level":"info","timestamp":"2026-02-27T03:08:36.118Z","msg":"No value found in storage","key":"variable/mdaihub/ssn_regex"}
{"level":"info","timestamp":"2026-02-27T03:08:36.118Z","msg":"Processing variable","controller":"mdaihub","controllerGroup":"hub.mydecisive.ai","controllerKind":"MdaiHub","MdaiHub":{"name":"mdaihub","namespace":"mdai"},"namespace":"mdai","name":"mdaihub","reconcileID":"64ba0a43-d125-4406-850c-816bc61d2bd4","key":"name_regex"}
{"level":"info","timestamp":"2026-02-27T03:08:36.118Z","msg":"No value found in storage","key":"variable/mdaihub/name_regex"}
{"level":"info","timestamp":"2026-02-27T03:08:36.118Z","msg":"Processing variable","controller":"mdaihub","controllerGroup":"hub.mydecisive.ai","controllerKind":"MdaiHub","MdaiHub":{"name":"mdaihub","namespace":"mdai"},"namespace":"mdai","name":"mdaihub","reconcileID":"64ba0a43-d125-4406-850c-816bc61d2bd4","key":"email_template"}
{"level":"info","timestamp":"2026-02-27T03:08:36.118Z","msg":"No value found in storage","key":"variable/mdaihub/email_template"}
{"level":"info","timestamp":"2026-02-27T03:08:36.118Z","msg":"Processing variable","controller":"mdaihub","controllerGroup":"hub.mydecisive.ai","controllerKind":"MdaiHub","MdaiHub":{"name":"mdaihub","namespace":"mdai"},"namespace":"mdai","name":"mdaihub","reconcileID":"64ba0a43-d125-4406-850c-816bc61d2bd4","key":"cc_template"}
{"level":"info","timestamp":"2026-02-27T03:08:36.118Z","msg":"No value found in storage","key":"variable/mdaihub/cc_template"}
{"level":"info","timestamp":"2026-02-27T03:08:36.118Z","msg":"Processing variable","controller":"mdaihub","controllerGroup":"hub.mydecisive.ai","controllerKind":"MdaiHub","MdaiHub":{"name":"mdaihub","namespace":"mdai"},"namespace":"mdai","name":"mdaihub","reconcileID":"64ba0a43-d125-4406-850c-816bc61d2bd4","key":"phone_template"}
{"level":"info","timestamp":"2026-02-27T03:08:36.118Z","msg":"No value found in storage","key":"variable/mdaihub/phone_template"}
{"level":"info","timestamp":"2026-02-27T03:08:36.118Z","msg":"Processing variable","controller":"mdaihub","controllerGroup":"hub.mydecisive.ai","controllerKind":"MdaiHub","MdaiHub":{"name":"mdaihub","namespace":"mdai"},"namespace":"mdai","name":"mdaihub","reconcileID":"64ba0a43-d125-4406-850c-816bc61d2bd4","key":"address_template"}
{"level":"info","timestamp":"2026-02-27T03:08:36.118Z","msg":"No value found in storage","key":"variable/mdaihub/address_template"}
{"level":"info","timestamp":"2026-02-27T03:08:36.118Z","msg":"Processing variable","controller":"mdaihub","controllerGroup":"hub.mydecisive.ai","controllerKind":"MdaiHub","MdaiHub":{"name":"mdaihub","namespace":"mdai"},"namespace":"mdai","name":"mdaihub","reconcileID":"64ba0a43-d125-4406-850c-816bc61d2bd4","key":"ssn_template"}
{"level":"info","timestamp":"2026-02-27T03:08:36.118Z","msg":"No value found in storage","key":"variable/mdaihub/ssn_template"}
{"level":"info","timestamp":"2026-02-27T03:08:36.118Z","msg":"Processing variable","controller":"mdaihub","controllerGroup":"hub.mydecisive.ai","controllerKind":"MdaiHub","MdaiHub":{"name":"mdaihub","namespace":"mdai"},"namespace":"mdai","name":"mdaihub","reconcileID":"64ba0a43-d125-4406-850c-816bc61d2bd4","key":"name_template"}
{"level":"info","timestamp":"2026-02-27T03:08:36.118Z","msg":"No value found in storage","key":"variable/mdaihub/name_template"}
{"level":"info","timestamp":"2026-02-27T03:08:36.118Z","msg":"Deleting old valkey keys","controller":"mdaihub","controllerGroup":"hub.mydecisive.ai","controllerKind":"MdaiHub","MdaiHub":{"name":"mdaihub","namespace":"mdai"},"namespace":"mdai","name":"mdaihub","reconcileID":"64ba0a43-d125-4406-850c-816bc61d2bd4","valkeyKeysToKeep":{"address_regex":{},"address_template":{},"cc_regex":{},"cc_template":{},"email_regex":{},"email_template":{},"fields_to_hash":{},"fields_to_redact":{},"name_regex":{},"name_template":{},"phone_regex":{},"phone_template":{},"ssn_regex":{},"ssn_template":{}}}
{"level":"info","timestamp":"2026-02-27T03:08:36.119Z","msg":"Successfully created or updated ConfigMap","controller":"mdaihub","controllerGroup":"hub.mydecisive.ai","controllerKind":"MdaiHub","MdaiHub":{"name":"mdaihub","namespace":"mdai"},"namespace":"mdai","name":"mdaihub","reconcileID":"64ba0a43-d125-4406-850c-816bc61d2bd4","name":"mdaihub-manual-variables","namespace":"mdai","operation":"unchanged"}
{"level":"info","timestamp":"2026-02-27T03:08:36.119Z","msg":"Successfully created or updated ConfigMap","controller":"mdaihub","controllerGroup":"hub.mydecisive.ai","controllerKind":"MdaiHub","MdaiHub":{"name":"mdaihub","namespace":"mdai"},"namespace":"mdai","name":"mdaihub","reconcileID":"64ba0a43-d125-4406-850c-816bc61d2bd4","name":"mdaihub-variables","namespace":"mdai","operation":"unchanged"}
{"level":"info","timestamp":"2026-02-27T03:08:36.119Z","msg":"Successfully created or updated ConfigMap","controller":"mdaihub","controllerGroup":"hub.mydecisive.ai","controllerKind":"MdaiHub","MdaiHub":{"name":"mdaihub","namespace":"mdai"},"namespace":"mdai","name":"mdaihub","reconcileID":"64ba0a43-d125-4406-850c-816bc61d2bd4","name":"mdaihub-variables","namespace":"mdai","operation":"unchanged"}
{"level":"info","timestamp":"2026-02-27T03:08:36.119Z","msg":"Successfully created or updated ConfigMap","controller":"mdaihub","controllerGroup":"hub.mydecisive.ai","controllerKind":"MdaiHub","MdaiHub":{"name":"mdaihub","namespace":"mdai"},"namespace":"mdai","name":"mdaihub","reconcileID":"64ba0a43-d125-4406-850c-816bc61d2bd4","name":"mdaihub-variables","namespace":"mdai","operation":"unchanged"}
{"level":"info","timestamp":"2026-02-27T03:08:36.121Z","msg":"Status set to done for mdai hub","controller":"mdaihub","controllerGroup":"hub.mydecisive.ai","controllerKind":"MdaiHub","MdaiHub":{"name":"mdaihub","namespace":"mdai"},"namespace":"mdai","name":"mdaihub","reconcileID":"64ba0a43-d125-4406-850c-816bc61d2bd4","mdaiHub":"mdaihub"}
{"level":"info","timestamp":"2026-02-27T03:08:36.121Z","msg":"-- Finished MdaiHub reconciliation --","controller":"mdaihub","controllerGroup":"hub.mydecisive.ai","controllerKind":"MdaiHub","MdaiHub":{"name":"mdaihub","namespace":"mdai"},"namespace":"mdai","name":"mdaihub","reconcileID":"64ba0a43-d125-4406-850c-816bc61d2bd4"}
{"level":"info","timestamp":"2026-02-27T03:08:53.076Z","logger":"mdaihub-resource","msg":"Defaulting for MdaiHub","name":"mdaihub"}
{"level":"info","timestamp":"2026-02-27T03:08:53.077Z","logger":"mdaihub-resource","msg":"Validation for MdaiHub upon update","name":"mdaihub"}
{"level":"info","timestamp":"2026-02-27T03:08:53.079Z","msg":"-- Starting MdaiHub reconciliation --","controller":"mdaihub","controllerGroup":"hub.mydecisive.ai","controllerKind":"MdaiHub","MdaiHub":{"name":"mdaihub","namespace":"mdai"},"namespace":"mdai","name":"mdaihub","reconcileID":"e3962d42-5c86-447c-aea8-ca9aa945551c","namespace":{"name":"mdaihub","namespace":"mdai"},"name":"mdaihub"}
{"level":"info","timestamp":"2026-02-27T03:08:53.079Z","msg":"EnsurePrometheusRuleSynchronized","controller":"mdaihub","controllerGroup":"hub.mydecisive.ai","controllerKind":"MdaiHub","MdaiHub":{"name":"mdaihub","namespace":"mdai"},"namespace":"mdai","name":"mdaihub","reconcileID":"e3962d42-5c86-447c-aea8-ca9aa945551c"}
{"level":"info","timestamp":"2026-02-27T03:08:53.079Z","msg":"No evaluations found, skipping PrometheusRule creation","controller":"mdaihub","controllerGroup":"hub.mydecisive.ai","controllerKind":"MdaiHub","MdaiHub":{"name":"mdaihub","namespace":"mdai"},"namespace":"mdai","name":"mdaihub","reconcileID":"e3962d42-5c86-447c-aea8-ca9aa945551c"}
{"level":"info","timestamp":"2026-02-27T03:08:53.079Z","msg":"No automations defined in the MDAI CR","controller":"mdaihub","controllerGroup":"hub.mydecisive.ai","controllerKind":"MdaiHub","MdaiHub":{"name":"mdaihub","namespace":"mdai"},"namespace":"mdai","name":"mdaihub","reconcileID":"e3962d42-5c86-447c-aea8-ca9aa945551c","name":"mdaihub"}
{"level":"info","timestamp":"2026-02-27T03:08:53.079Z","msg":"Deleting ConfigMap","controller":"mdaihub","controllerGroup":"hub.mydecisive.ai","controllerKind":"MdaiHub","MdaiHub":{"name":"mdaihub","namespace":"mdai"},"namespace":"mdai","name":"mdaihub","reconcileID":"e3962d42-5c86-447c-aea8-ca9aa945551c","name":"mdaihub-automation","namespace":"mdai"}
{"level":"info","timestamp":"2026-02-27T03:08:53.080Z","msg":"ConfigMap not found, skipping deletion","controller":"mdaihub","controllerGroup":"hub.mydecisive.ai","controllerKind":"MdaiHub","MdaiHub":{"name":"mdaihub","namespace":"mdai"},"namespace":"mdai","name":"mdaihub","reconcileID":"e3962d42-5c86-447c-aea8-ca9aa945551c","name":"mdaihub-automation","namespace":"mdai"}
{"level":"info","timestamp":"2026-02-27T03:08:53.080Z","msg":"No variables found in the CR, skipping variable synchronization","controller":"mdaihub","controllerGroup":"hub.mydecisive.ai","controllerKind":"MdaiHub","MdaiHub":{"name":"mdaihub","namespace":"mdai"},"namespace":"mdai","name":"mdaihub","reconcileID":"e3962d42-5c86-447c-aea8-ca9aa945551c"}
{"level":"info","timestamp":"2026-02-27T03:08:53.082Z","msg":"Status set to done for mdai hub","controller":"mdaihub","controllerGroup":"hub.mydecisive.ai","controllerKind":"MdaiHub","MdaiHub":{"name":"mdaihub","namespace":"mdai"},"namespace":"mdai","name":"mdaihub","reconcileID":"e3962d42-5c86-447c-aea8-ca9aa945551c","mdaiHub":"mdaihub"}
{"level":"info","timestamp":"2026-02-27T03:08:53.082Z","msg":"-- Finished MdaiHub reconciliation --","controller":"mdaihub","controllerGroup":"hub.mydecisive.ai","controllerKind":"MdaiHub","MdaiHub":{"name":"mdaihub","namespace":"mdai"},"namespace":"mdai","name":"mdaihub","reconcileID":"e3962d42-5c86-447c-aea8-ca9aa945551c"}
{"level":"info","timestamp":"2026-02-27T03:08:54.071Z","logger":"mdaihub-resource","msg":"Defaulting for MdaiHub","name":"mdaihub"}
{"level":"info","timestamp":"2026-02-27T03:08:54.072Z","logger":"mdaihub-resource","msg":"Validation for MdaiHub upon update","name":"mdaihub"}
{"level":"info","timestamp":"2026-02-27T03:08:54.074Z","msg":"-- Starting MdaiHub reconciliation --","controller":"mdaihub","controllerGroup":"hub.mydecisive.ai","controllerKind":"MdaiHub","MdaiHub":{"name":"mdaihub","namespace":"mdai"},"namespace":"mdai","name":"mdaihub","reconcileID":"bf459a49-4f5f-468c-a3df-dcb63fdc5ebb","namespace":{"name":"mdaihub","namespace":"mdai"},"name":"mdaihub"}
{"level":"info","timestamp":"2026-02-27T03:08:54.074Z","msg":"EnsurePrometheusRuleSynchronized","controller":"mdaihub","controllerGroup":"hub.mydecisive.ai","controllerKind":"MdaiHub","MdaiHub":{"name":"mdaihub","namespace":"mdai"},"namespace":"mdai","name":"mdaihub","reconcileID":"bf459a49-4f5f-468c-a3df-dcb63fdc5ebb"}
{"level":"info","timestamp":"2026-02-27T03:08:54.074Z","msg":"No evaluations found, skipping PrometheusRule creation","controller":"mdaihub","controllerGroup":"hub.mydecisive.ai","controllerKind":"MdaiHub","MdaiHub":{"name":"mdaihub","namespace":"mdai"},"namespace":"mdai","name":"mdaihub","reconcileID":"bf459a49-4f5f-468c-a3df-dcb63fdc5ebb"}
{"level":"info","timestamp":"2026-02-27T03:08:54.074Z","msg":"No automations defined in the MDAI CR","controller":"mdaihub","controllerGroup":"hub.mydecisive.ai","controllerKind":"MdaiHub","MdaiHub":{"name":"mdaihub","namespace":"mdai"},"namespace":"mdai","name":"mdaihub","reconcileID":"bf459a49-4f5f-468c-a3df-dcb63fdc5ebb","name":"mdaihub"}
{"level":"info","timestamp":"2026-02-27T03:08:54.074Z","msg":"Deleting ConfigMap","controller":"mdaihub","controllerGroup":"hub.mydecisive.ai","controllerKind":"MdaiHub","MdaiHub":{"name":"mdaihub","namespace":"mdai"},"namespace":"mdai","name":"mdaihub","reconcileID":"bf459a49-4f5f-468c-a3df-dcb63fdc5ebb","name":"mdaihub-automation","namespace":"mdai"}
{"level":"info","timestamp":"2026-02-27T03:08:54.075Z","msg":"ConfigMap not found, skipping deletion","controller":"mdaihub","controllerGroup":"hub.mydecisive.ai","controllerKind":"MdaiHub","MdaiHub":{"name":"mdaihub","namespace":"mdai"},"namespace":"mdai","name":"mdaihub","reconcileID":"bf459a49-4f5f-468c-a3df-dcb63fdc5ebb","name":"mdaihub-automation","namespace":"mdai"}
{"level":"info","timestamp":"2026-02-27T03:08:54.075Z","msg":"Processing variable","controller":"mdaihub","controllerGroup":"hub.mydecisive.ai","controllerKind":"MdaiHub","MdaiHub":{"name":"mdaihub","namespace":"mdai"},"namespace":"mdai","name":"mdaihub","reconcileID":"bf459a49-4f5f-468c-a3df-dcb63fdc5ebb","key":"fields_to_redact"}
{"level":"info","timestamp":"2026-02-27T03:08:54.075Z","msg":"Data received for variable/mdaihub/fields_to_redact: []"}
{"level":"info","timestamp":"2026-02-27T03:08:54.075Z","msg":"Processing variable","controller":"mdaihub","controllerGroup":"hub.mydecisive.ai","controllerKind":"MdaiHub","MdaiHub":{"name":"mdaihub","namespace":"mdai"},"namespace":"mdai","name":"mdaihub","reconcileID":"bf459a49-4f5f-468c-a3df-dcb63fdc5ebb","key":"fields_to_hash"}
{"level":"info","timestamp":"2026-02-27T03:08:54.075Z","msg":"Data received for variable/mdaihub/fields_to_hash: []"}
{"level":"info","timestamp":"2026-02-27T03:08:54.075Z","msg":"Processing variable","controller":"mdaihub","controllerGroup":"hub.mydecisive.ai","controllerKind":"MdaiHub","MdaiHub":{"name":"mdaihub","namespace":"mdai"},"namespace":"mdai","name":"mdaihub","reconcileID":"bf459a49-4f5f-468c-a3df-dcb63fdc5ebb","key":"email_regex"}
{"level":"info","timestamp":"2026-02-27T03:08:54.076Z","msg":"No value found in storage","key":"variable/mdaihub/email_regex"}
{"level":"info","timestamp":"2026-02-27T03:08:54.076Z","msg":"Processing variable","controller":"mdaihub","controllerGroup":"hub.mydecisive.ai","controllerKind":"MdaiHub","MdaiHub":{"name":"mdaihub","namespace":"mdai"},"namespace":"mdai","name":"mdaihub","reconcileID":"bf459a49-4f5f-468c-a3df-dcb63fdc5ebb","key":"cc_regex"}
{"level":"info","timestamp":"2026-02-27T03:08:54.076Z","msg":"No value found in storage","key":"variable/mdaihub/cc_regex"}
{"level":"info","timestamp":"2026-02-27T03:08:54.076Z","msg":"Processing variable","controller":"mdaihub","controllerGroup":"hub.mydecisive.ai","controllerKind":"MdaiHub","MdaiHub":{"name":"mdaihub","namespace":"mdai"},"namespace":"mdai","name":"mdaihub","reconcileID":"bf459a49-4f5f-468c-a3df-dcb63fdc5ebb","key":"phone_regex"}
{"level":"info","timestamp":"2026-02-27T03:08:54.076Z","msg":"No value found in storage","key":"variable/mdaihub/phone_regex"}
{"level":"info","timestamp":"2026-02-27T03:08:54.076Z","msg":"Processing variable","controller":"mdaihub","controllerGroup":"hub.mydecisive.ai","controllerKind":"MdaiHub","MdaiHub":{"name":"mdaihub","namespace":"mdai"},"namespace":"mdai","name":"mdaihub","reconcileID":"bf459a49-4f5f-468c-a3df-dcb63fdc5ebb","key":"address_regex"}
{"level":"info","timestamp":"2026-02-27T03:08:54.076Z","msg":"No value found in storage","key":"variable/mdaihub/address_regex"}
{"level":"info","timestamp":"2026-02-27T03:08:54.076Z","msg":"Processing variable","controller":"mdaihub","controllerGroup":"hub.mydecisive.ai","controllerKind":"MdaiHub","MdaiHub":{"name":"mdaihub","namespace":"mdai"},"namespace":"mdai","name":"mdaihub","reconcileID":"bf459a49-4f5f-468c-a3df-dcb63fdc5ebb","key":"ssn_regex"}
{"level":"info","timestamp":"2026-02-27T03:08:54.076Z","msg":"No value found in storage","key":"variable/mdaihub/ssn_regex"}
{"level":"info","timestamp":"2026-02-27T03:08:54.076Z","msg":"Processing variable","controller":"mdaihub","controllerGroup":"hub.mydecisive.ai","controllerKind":"MdaiHub","MdaiHub":{"name":"mdaihub","namespace":"mdai"},"namespace":"mdai","name":"mdaihub","reconcileID":"bf459a49-4f5f-468c-a3df-dcb63fdc5ebb","key":"name_regex"}
{"level":"info","timestamp":"2026-02-27T03:08:54.076Z","msg":"No value found in storage","key":"variable/mdaihub/name_regex"}
{"level":"info","timestamp":"2026-02-27T03:08:54.076Z","msg":"Processing variable","controller":"mdaihub","controllerGroup":"hub.mydecisive.ai","controllerKind":"MdaiHub","MdaiHub":{"name":"mdaihub","namespace":"mdai"},"namespace":"mdai","name":"mdaihub","reconcileID":"bf459a49-4f5f-468c-a3df-dcb63fdc5ebb","key":"email_template"}
{"level":"info","timestamp":"2026-02-27T03:08:54.076Z","msg":"No value found in storage","key":"variable/mdaihub/email_template"}
{"level":"info","timestamp":"2026-02-27T03:08:54.076Z","msg":"Processing variable","controller":"mdaihub","controllerGroup":"hub.mydecisive.ai","controllerKind":"MdaiHub","MdaiHub":{"name":"mdaihub","namespace":"mdai"},"namespace":"mdai","name":"mdaihub","reconcileID":"bf459a49-4f5f-468c-a3df-dcb63fdc5ebb","key":"cc_template"}
{"level":"info","timestamp":"2026-02-27T03:08:54.076Z","msg":"No value found in storage","key":"variable/mdaihub/cc_template"}
{"level":"info","timestamp":"2026-02-27T03:08:54.076Z","msg":"Processing variable","controller":"mdaihub","controllerGroup":"hub.mydecisive.ai","controllerKind":"MdaiHub","MdaiHub":{"name":"mdaihub","namespace":"mdai"},"namespace":"mdai","name":"mdaihub","reconcileID":"bf459a49-4f5f-468c-a3df-dcb63fdc5ebb","key":"phone_template"}
{"level":"info","timestamp":"2026-02-27T03:08:54.076Z","msg":"No value found in storage","key":"variable/mdaihub/phone_template"}
{"level":"info","timestamp":"2026-02-27T03:08:54.076Z","msg":"Processing variable","controller":"mdaihub","controllerGroup":"hub.mydecisive.ai","controllerKind":"MdaiHub","MdaiHub":{"name":"mdaihub","namespace":"mdai"},"namespace":"mdai","name":"mdaihub","reconcileID":"bf459a49-4f5f-468c-a3df-dcb63fdc5ebb","key":"address_template"}
{"level":"info","timestamp":"2026-02-27T03:08:54.076Z","msg":"No value found in storage","key":"variable/mdaihub/address_template"}
{"level":"info","timestamp":"2026-02-27T03:08:54.076Z","msg":"Processing variable","controller":"mdaihub","controllerGroup":"hub.mydecisive.ai","controllerKind":"MdaiHub","MdaiHub":{"name":"mdaihub","namespace":"mdai"},"namespace":"mdai","name":"mdaihub","reconcileID":"bf459a49-4f5f-468c-a3df-dcb63fdc5ebb","key":"ssn_template"}
{"level":"info","timestamp":"2026-02-27T03:08:54.076Z","msg":"No value found in storage","key":"variable/mdaihub/ssn_template"}
{"level":"info","timestamp":"2026-02-27T03:08:54.076Z","msg":"Processing variable","controller":"mdaihub","controllerGroup":"hub.mydecisive.ai","controllerKind":"MdaiHub","MdaiHub":{"name":"mdaihub","namespace":"mdai"},"namespace":"mdai","name":"mdaihub","reconcileID":"bf459a49-4f5f-468c-a3df-dcb63fdc5ebb","key":"name_template"}
{"level":"info","timestamp":"2026-02-27T03:08:54.076Z","msg":"No value found in storage","key":"variable/mdaihub/name_template"}
{"level":"info","timestamp":"2026-02-27T03:08:54.076Z","msg":"Deleting old valkey keys","controller":"mdaihub","controllerGroup":"hub.mydecisive.ai","controllerKind":"MdaiHub","MdaiHub":{"name":"mdaihub","namespace":"mdai"},"namespace":"mdai","name":"mdaihub","reconcileID":"bf459a49-4f5f-468c-a3df-dcb63fdc5ebb","valkeyKeysToKeep":{"address_regex":{},"address_template":{},"cc_regex":{},"cc_template":{},"email_regex":{},"email_template":{},"fields_to_hash":{},"fields_to_redact":{},"name_regex":{},"name_template":{},"phone_regex":{},"phone_template":{},"ssn_regex":{},"ssn_template":{}}}
{"level":"info","timestamp":"2026-02-27T03:08:54.076Z","msg":"Successfully created or updated ConfigMap","controller":"mdaihub","controllerGroup":"hub.mydecisive.ai","controllerKind":"MdaiHub","MdaiHub":{"name":"mdaihub","namespace":"mdai"},"namespace":"mdai","name":"mdaihub","reconcileID":"bf459a49-4f5f-468c-a3df-dcb63fdc5ebb","name":"mdaihub-manual-variables","namespace":"mdai","operation":"unchanged"}
{"level":"info","timestamp":"2026-02-27T03:08:54.077Z","msg":"Successfully created or updated ConfigMap","controller":"mdaihub","controllerGroup":"hub.mydecisive.ai","controllerKind":"MdaiHub","MdaiHub":{"name":"mdaihub","namespace":"mdai"},"namespace":"mdai","name":"mdaihub","reconcileID":"bf459a49-4f5f-468c-a3df-dcb63fdc5ebb","name":"mdaihub-variables","namespace":"mdai","operation":"unchanged"}
{"level":"info","timestamp":"2026-02-27T03:08:54.077Z","msg":"Successfully created or updated ConfigMap","controller":"mdaihub","controllerGroup":"hub.mydecisive.ai","controllerKind":"MdaiHub","MdaiHub":{"name":"mdaihub","namespace":"mdai"},"namespace":"mdai","name":"mdaihub","reconcileID":"bf459a49-4f5f-468c-a3df-dcb63fdc5ebb","name":"mdaihub-variables","namespace":"mdai","operation":"unchanged"}
{"level":"info","timestamp":"2026-02-27T03:08:54.077Z","msg":"Successfully created or updated ConfigMap","controller":"mdaihub","controllerGroup":"hub.mydecisive.ai","controllerKind":"MdaiHub","MdaiHub":{"name":"mdaihub","namespace":"mdai"},"namespace":"mdai","name":"mdaihub","reconcileID":"bf459a49-4f5f-468c-a3df-dcb63fdc5ebb","name":"mdaihub-variables","namespace":"mdai","operation":"unchanged"}
{"level":"info","timestamp":"2026-02-27T03:08:54.077Z","logger":"mdaihub-resource","msg":"Defaulting for MdaiHub","name":"mdaihub"}
{"level":"info","timestamp":"2026-02-27T03:08:54.078Z","logger":"mdaihub-resource","msg":"Validation for MdaiHub upon update","name":"mdaihub"}
{"level":"info","timestamp":"2026-02-27T03:08:54.079Z","msg":"Status set to done for mdai hub","controller":"mdaihub","controllerGroup":"hub.mydecisive.ai","controllerKind":"MdaiHub","MdaiHub":{"name":"mdaihub","namespace":"mdai"},"namespace":"mdai","name":"mdaihub","reconcileID":"bf459a49-4f5f-468c-a3df-dcb63fdc5ebb","mdaiHub":"mdaihub"}
{"level":"info","timestamp":"2026-02-27T03:08:54.079Z","msg":"-- Finished MdaiHub reconciliation --","controller":"mdaihub","controllerGroup":"hub.mydecisive.ai","controllerKind":"MdaiHub","MdaiHub":{"name":"mdaihub","namespace":"mdai"},"namespace":"mdai","name":"mdaihub","reconcileID":"bf459a49-4f5f-468c-a3df-dcb63fdc5ebb"}
{"level":"info","timestamp":"2026-02-27T03:08:54.080Z","msg":"-- Starting MdaiHub reconciliation --","controller":"mdaihub","controllerGroup":"hub.mydecisive.ai","controllerKind":"MdaiHub","MdaiHub":{"name":"mdaihub","namespace":"mdai"},"namespace":"mdai","name":"mdaihub","reconcileID":"cc847d09-e37d-48da-a128-a8e575c8330e","namespace":{"name":"mdaihub","namespace":"mdai"},"name":"mdaihub"}
{"level":"info","timestamp":"2026-02-27T03:08:54.080Z","msg":"EnsurePrometheusRuleSynchronized","controller":"mdaihub","controllerGroup":"hub.mydecisive.ai","controllerKind":"MdaiHub","MdaiHub":{"name":"mdaihub","namespace":"mdai"},"namespace":"mdai","name":"mdaihub","reconcileID":"cc847d09-e37d-48da-a128-a8e575c8330e"}
{"level":"info","timestamp":"2026-02-27T03:08:54.083Z","msg":"Created new PrometheusRule","controller":"mdaihub","controllerGroup":"hub.mydecisive.ai","controllerKind":"MdaiHub","MdaiHub":{"name":"mdaihub","namespace":"mdai"},"namespace":"mdai","name":"mdaihub","reconcileID":"cc847d09-e37d-48da-a128-a8e575c8330e","prometheus_rule_name":"mdai-mdaihub-alert-rules"}
{"level":"info","timestamp":"2026-02-27T03:08:54.095Z","msg":"Creating or updating ConfigMap for automations","controller":"mdaihub","controllerGroup":"hub.mydecisive.ai","controllerKind":"MdaiHub","MdaiHub":{"name":"mdaihub","namespace":"mdai"},"namespace":"mdai","name":"mdaihub","reconcileID":"cc847d09-e37d-48da-a128-a8e575c8330e","name":"mdaihub"}
{"level":"info","timestamp":"2026-02-27T03:08:54.096Z","msg":"<CreateFunc> mdaihub-automation ignored"}
{"level":"info","timestamp":"2026-02-27T03:08:54.097Z","msg":"Successfully created or updated ConfigMap","controller":"mdaihub","controllerGroup":"hub.mydecisive.ai","controllerKind":"MdaiHub","MdaiHub":{"name":"mdaihub","namespace":"mdai"},"namespace":"mdai","name":"mdaihub","reconcileID":"cc847d09-e37d-48da-a128-a8e575c8330e","name":"mdaihub-automation","namespace":"mdai","operation":"created"}
{"level":"info","timestamp":"2026-02-27T03:08:54.097Z","msg":"Successfully created ConfigMap for automations","controller":"mdaihub","controllerGroup":"hub.mydecisive.ai","controllerKind":"MdaiHub","MdaiHub":{"name":"mdaihub","namespace":"mdai"},"namespace":"mdai","name":"mdaihub","reconcileID":"cc847d09-e37d-48da-a128-a8e575c8330e","name":"mdaihub"}
{"level":"info","timestamp":"2026-02-27T03:08:54.097Z","msg":"Processing variable","controller":"mdaihub","controllerGroup":"hub.mydecisive.ai","controllerKind":"MdaiHub","MdaiHub":{"name":"mdaihub","namespace":"mdai"},"namespace":"mdai","name":"mdaihub","reconcileID":"cc847d09-e37d-48da-a128-a8e575c8330e","key":"service_list"}
{"level":"info","timestamp":"2026-02-27T03:08:54.098Z","msg":"Data received for variable/mdaihub/service_list: []"}
{"level":"info","timestamp":"2026-02-27T03:08:54.098Z","msg":"Processing variable","controller":"mdaihub","controllerGroup":"hub.mydecisive.ai","controllerKind":"MdaiHub","MdaiHub":{"name":"mdaihub","namespace":"mdai"},"namespace":"mdai","name":"mdaihub","reconcileID":"cc847d09-e37d-48da-a128-a8e575c8330e","key":"alerting_data_type"}
{"level":"info","timestamp":"2026-02-27T03:08:54.098Z","msg":"No value found in storage","key":"variable/mdaihub/alerting_data_type"}
{"level":"info","timestamp":"2026-02-27T03:08:54.098Z","msg":"Processing variable","controller":"mdaihub","controllerGroup":"hub.mydecisive.ai","controllerKind":"MdaiHub","MdaiHub":{"name":"mdaihub","namespace":"mdai"},"namespace":"mdai","name":"mdaihub","reconcileID":"cc847d09-e37d-48da-a128-a8e575c8330e","key":"alerting_triggered"}
{"level":"info","timestamp":"2026-02-27T03:08:54.098Z","msg":"No value found in storage","key":"variable/mdaihub/alerting_triggered"}
{"level":"info","timestamp":"2026-02-27T03:08:54.098Z","msg":"Deleting old valkey keys","controller":"mdaihub","controllerGroup":"hub.mydecisive.ai","controllerKind":"MdaiHub","MdaiHub":{"name":"mdaihub","namespace":"mdai"},"namespace":"mdai","name":"mdaihub","reconcileID":"cc847d09-e37d-48da-a128-a8e575c8330e","valkeyKeysToKeep":{"alerting_data_type":{},"alerting_triggered":{},"service_list":{}}}
{"level":"info","timestamp":"2026-02-27T03:08:54.098Z","msg":"No manual variables defined in the MDAI CR","controller":"mdaihub","controllerGroup":"hub.mydecisive.ai","controllerKind":"MdaiHub","MdaiHub":{"name":"mdaihub","namespace":"mdai"},"namespace":"mdai","name":"mdaihub","reconcileID":"cc847d09-e37d-48da-a128-a8e575c8330e","name":"mdaihub"}
{"level":"info","timestamp":"2026-02-27T03:08:54.098Z","msg":"Deleting ConfigMap","controller":"mdaihub","controllerGroup":"hub.mydecisive.ai","controllerKind":"MdaiHub","MdaiHub":{"name":"mdaihub","namespace":"mdai"},"namespace":"mdai","name":"mdaihub","reconcileID":"cc847d09-e37d-48da-a128-a8e575c8330e","name":"mdaihub-manual-variables","namespace":"mdai"}
{"level":"info","timestamp":"2026-02-27T03:08:54.102Z","msg":"<DeleteFunc> mdaihub-manual-variables ignored"}
{"level":"info","timestamp":"2026-02-27T03:08:54.105Z","msg":"<UpdateFunc> mdaihub-variables shouldReconcile: false"}
{"level":"info","timestamp":"2026-02-27T03:08:54.105Z","msg":"Successfully created or updated ConfigMap","controller":"mdaihub","controllerGroup":"hub.mydecisive.ai","controllerKind":"MdaiHub","MdaiHub":{"name":"mdaihub","namespace":"mdai"},"namespace":"mdai","name":"mdaihub","reconcileID":"cc847d09-e37d-48da-a128-a8e575c8330e","name":"mdaihub-variables","namespace":"mdai","operation":"updated"}
{"level":"info","timestamp":"2026-02-27T03:08:54.105Z","msg":"Successfully created or updated ConfigMap","controller":"mdaihub","controllerGroup":"hub.mydecisive.ai","controllerKind":"MdaiHub","MdaiHub":{"name":"mdaihub","namespace":"mdai"},"namespace":"mdai","name":"mdaihub","reconcileID":"cc847d09-e37d-48da-a128-a8e575c8330e","name":"mdaihub-variables","namespace":"mdai","operation":"unchanged"}
{"level":"info","timestamp":"2026-02-27T03:08:54.105Z","msg":"Successfully created or updated ConfigMap","controller":"mdaihub","controllerGroup":"hub.mydecisive.ai","controllerKind":"MdaiHub","MdaiHub":{"name":"mdaihub","namespace":"mdai"},"namespace":"mdai","name":"mdaihub","reconcileID":"cc847d09-e37d-48da-a128-a8e575c8330e","name":"mdaihub-variables","namespace":"mdai","operation":"unchanged"}
{"level":"info","timestamp":"2026-02-27T03:08:54.105Z","msg":"Triggering restart of OpenTelemetry Collector","controller":"mdaihub","controllerGroup":"hub.mydecisive.ai","controllerKind":"MdaiHub","MdaiHub":{"name":"mdaihub","namespace":"mdai"},"namespace":"mdai","name":"mdaihub","reconcileID":"cc847d09-e37d-48da-a128-a8e575c8330e","name":"gateway-datadog"}
{"level":"warn","timestamp":"2026-02-27T03:08:54.113Z","msg":"VALKEY_AUDIT_STREAM_EXPIRY_MS is deprecated; use VALKEY_AUDIT_STREAM_RETENTION","retention":2592000,"stacktrace":"github.com/decisiveai/mdai-data-core/audit.getStreamRetention\n\tgithub.com/decisiveai/mdai-data-core@v0.2.9/audit/adapter.go:241\ngithub.com/decisiveai/mdai-data-core/audit.NewAuditAdapter\n\tgithub.com/decisiveai/mdai-data-core@v0.2.9/audit/adapter.go:54\ngithub.com/decisiveai/mdai-operator/internal/controller.HubAdapter.restartCollectorAndAudit\n\tgithub.com/decisiveai/mdai-operator/internal/controller/hub_adapter.go:427\ngithub.com/decisiveai/mdai-operator/internal/controller.HubAdapter.syncComputedConfigMapsAndRestart\n\tgithub.com/decisiveai/mdai-operator/internal/controller/hub_adapter.go:458\ngithub.com/decisiveai/mdai-operator/internal/controller.HubAdapter.ensureVariableSynchronized\n\tgithub.com/decisiveai/mdai-operator/internal/controller/hub_adapter.go:507\ngithub.com/decisiveai/mdai-operator/internal/controller.(*MdaiHubReconciler).ReconcileHandler\n\tgithub.com/decisiveai/mdai-operator/internal/controller/mdaihub_controller.go:113\ngithub.com/decisiveai/mdai-operator/internal/controller.(*MdaiHubReconciler).Reconcile\n\tgithub.com/decisiveai/mdai-operator/internal/controller/mdaihub_controller.go:87\nsigs.k8s.io/controller-runtime/pkg/internal/controller.(*Controller[...]).Reconcile\n\tsigs.k8s.io/controller-runtime@v0.20.4/pkg/internal/controller/controller.go:119\nsigs.k8s.io/controller-runtime/pkg/internal/controller.(*Controller[...]).reconcileHandler\n\tsigs.k8s.io/controller-runtime@v0.20.4/pkg/internal/controller/controller.go:334\nsigs.k8s.io/controller-runtime/pkg/internal/controller.(*Controller[...]).processNextWorkItem\n\tsigs.k8s.io/controller-runtime@v0.20.4/pkg/internal/controller/controller.go:294\nsigs.k8s.io/controller-runtime/pkg/internal/controller.(*Controller[...]).Start.func2.2\n\tsigs.k8s.io/controller-runtime@v0.20.4/pkg/internal/controller/controller.go:255"}
{"level":"info","timestamp":"2026-02-27T03:08:54.113Z","msg":"AUDIT: Triggering restart of OpenTelemetry Collector","controller":"mdaihub","controllerGroup":"hub.mydecisive.ai","controllerKind":"MdaiHub","MdaiHub":{"name":"mdaihub","namespace":"mdai"},"namespace":"mdai","name":"mdaihub","reconcileID":"cc847d09-e37d-48da-a128-a8e575c8330e","mdai-logstream":"audit","SERVICE_LIST_REGEX":"","type":"collector_restart","timestamp":"2026-02-27T03:08:54Z","hub_name":"mdaihub"}
{"level":"info","timestamp":"2026-02-27T03:08:54.113Z","msg":"Triggering restart of OpenTelemetry Collector","controller":"mdaihub","controllerGroup":"hub.mydecisive.ai","controllerKind":"MdaiHub","MdaiHub":{"name":"mdaihub","namespace":"mdai"},"namespace":"mdai","name":"mdaihub","reconcileID":"cc847d09-e37d-48da-a128-a8e575c8330e","name":"gateway-dynamic-filtration"}
{"level":"warn","timestamp":"2026-02-27T03:08:54.121Z","msg":"VALKEY_AUDIT_STREAM_EXPIRY_MS is deprecated; use VALKEY_AUDIT_STREAM_RETENTION","retention":2592000,"stacktrace":"github.com/decisiveai/mdai-data-core/audit.getStreamRetention\n\tgithub.com/decisiveai/mdai-data-core@v0.2.9/audit/adapter.go:241\ngithub.com/decisiveai/mdai-data-core/audit.NewAuditAdapter\n\tgithub.com/decisiveai/mdai-data-core@v0.2.9/audit/adapter.go:54\ngithub.com/decisiveai/mdai-operator/internal/controller.HubAdapter.restartCollectorAndAudit\n\tgithub.com/decisiveai/mdai-operator/internal/controller/hub_adapter.go:427\ngithub.com/decisiveai/mdai-operator/internal/controller.HubAdapter.syncComputedConfigMapsAndRestart\n\tgithub.com/decisiveai/mdai-operator/internal/controller/hub_adapter.go:458\ngithub.com/decisiveai/mdai-operator/internal/controller.HubAdapter.ensureVariableSynchronized\n\tgithub.com/decisiveai/mdai-operator/internal/controller/hub_adapter.go:507\ngithub.com/decisiveai/mdai-operator/internal/controller.(*MdaiHubReconciler).ReconcileHandler\n\tgithub.com/decisiveai/mdai-operator/internal/controller/mdaihub_controller.go:113\ngithub.com/decisiveai/mdai-operator/internal/controller.(*MdaiHubReconciler).Reconcile\n\tgithub.com/decisiveai/mdai-operator/internal/controller/mdaihub_controller.go:87\nsigs.k8s.io/controller-runtime/pkg/internal/controller.(*Controller[...]).Reconcile\n\tsigs.k8s.io/controller-runtime@v0.20.4/pkg/internal/controller/controller.go:119\nsigs.k8s.io/controller-runtime/pkg/internal/controller.(*Controller[...]).reconcileHandler\n\tsigs.k8s.io/controller-runtime@v0.20.4/pkg/internal/controller/controller.go:334\nsigs.k8s.io/controller-runtime/pkg/internal/controller.(*Controller[...]).processNextWorkItem\n\tsigs.k8s.io/controller-runtime@v0.20.4/pkg/internal/controller/controller.go:294\nsigs.k8s.io/controller-runtime/pkg/internal/controller.(*Controller[...]).Start.func2.2\n\tsigs.k8s.io/controller-runtime@v0.20.4/pkg/internal/controller/controller.go:255"}
{"level":"info","timestamp":"2026-02-27T03:08:54.121Z","msg":"AUDIT: Triggering restart of OpenTelemetry Collector","controller":"mdaihub","controllerGroup":"hub.mydecisive.ai","controllerKind":"MdaiHub","MdaiHub":{"name":"mdaihub","namespace":"mdai"},"namespace":"mdai","name":"mdaihub","reconcileID":"cc847d09-e37d-48da-a128-a8e575c8330e","mdai-logstream":"audit","type":"collector_restart","timestamp":"2026-02-27T03:08:54Z","hub_name":"mdaihub","SERVICE_LIST_REGEX":""}
{"level":"info","timestamp":"2026-02-27T03:08:54.121Z","msg":"Triggering restart of OpenTelemetry Collector","controller":"mdaihub","controllerGroup":"hub.mydecisive.ai","controllerKind":"MdaiHub","MdaiHub":{"name":"mdaihub","namespace":"mdai"},"namespace":"mdai","name":"mdaihub","reconcileID":"cc847d09-e37d-48da-a128-a8e575c8330e","name":"gateway-pii"}
{"level":"warn","timestamp":"2026-02-27T03:08:54.131Z","msg":"VALKEY_AUDIT_STREAM_EXPIRY_MS is deprecated; use VALKEY_AUDIT_STREAM_RETENTION","retention":2592000,"stacktrace":"github.com/decisiveai/mdai-data-core/audit.getStreamRetention\n\tgithub.com/decisiveai/mdai-data-core@v0.2.9/audit/adapter.go:241\ngithub.com/decisiveai/mdai-data-core/audit.NewAuditAdapter\n\tgithub.com/decisiveai/mdai-data-core@v0.2.9/audit/adapter.go:54\ngithub.com/decisiveai/mdai-operator/internal/controller.HubAdapter.restartCollectorAndAudit\n\tgithub.com/decisiveai/mdai-operator/internal/controller/hub_adapter.go:427\ngithub.com/decisiveai/mdai-operator/internal/controller.HubAdapter.syncComputedConfigMapsAndRestart\n\tgithub.com/decisiveai/mdai-operator/internal/controller/hub_adapter.go:458\ngithub.com/decisiveai/mdai-operator/internal/controller.HubAdapter.ensureVariableSynchronized\n\tgithub.com/decisiveai/mdai-operator/internal/controller/hub_adapter.go:507\ngithub.com/decisiveai/mdai-operator/internal/controller.(*MdaiHubReconciler).ReconcileHandler\n\tgithub.com/decisiveai/mdai-operator/internal/controller/mdaihub_controller.go:113\ngithub.com/decisiveai/mdai-operator/internal/controller.(*MdaiHubReconciler).Reconcile\n\tgithub.com/decisiveai/mdai-operator/internal/controller/mdaihub_controller.go:87\nsigs.k8s.io/controller-runtime/pkg/internal/controller.(*Controller[...]).Reconcile\n\tsigs.k8s.io/controller-runtime@v0.20.4/pkg/internal/controller/controller.go:119\nsigs.k8s.io/controller-runtime/pkg/internal/controller.(*Controller[...]).reconcileHandler\n\tsigs.k8s.io/controller-runtime@v0.20.4/pkg/internal/controller/controller.go:334\nsigs.k8s.io/controller-runtime/pkg/internal/controller.(*Controller[...]).processNextWorkItem\n\tsigs.k8s.io/controller-runtime@v0.20.4/pkg/internal/controller/controller.go:294\nsigs.k8s.io/controller-runtime/pkg/internal/controller.(*Controller[...]).Start.func2.2\n\tsigs.k8s.io/controller-runtime@v0.20.4/pkg/internal/controller/controller.go:255"}
{"level":"info","timestamp":"2026-02-27T03:08:54.131Z","msg":"AUDIT: Triggering restart of OpenTelemetry Collector","controller":"mdaihub","controllerGroup":"hub.mydecisive.ai","controllerKind":"MdaiHub","MdaiHub":{"name":"mdaihub","namespace":"mdai"},"namespace":"mdai","name":"mdaihub","reconcileID":"cc847d09-e37d-48da-a128-a8e575c8330e","mdai-logstream":"audit","type":"collector_restart","timestamp":"2026-02-27T03:08:54Z","hub_name":"mdaihub","SERVICE_LIST_REGEX":""}
{"level":"info","timestamp":"2026-02-27T03:08:54.133Z","msg":"Status set to done for mdai hub","controller":"mdaihub","controllerGroup":"hub.mydecisive.ai","controllerKind":"MdaiHub","MdaiHub":{"name":"mdaihub","namespace":"mdai"},"namespace":"mdai","name":"mdaihub","reconcileID":"cc847d09-e37d-48da-a128-a8e575c8330e","mdaiHub":"mdaihub"}
{"level":"info","timestamp":"2026-02-27T03:08:54.133Z","msg":"-- Finished MdaiHub reconciliation --","controller":"mdaihub","controllerGroup":"hub.mydecisive.ai","controllerKind":"MdaiHub","MdaiHub":{"name":"mdaihub","namespace":"mdai"},"namespace":"mdai","name":"mdaihub","reconcileID":"cc847d09-e37d-48da-a128-a8e575c8330e"}
{"level":"info","timestamp":"2026-02-27T05:33:29.818Z","logger":"mdaihub-resource","msg":"Defaulting for MdaiHub","name":"mdaihub"}
{"level":"info","timestamp":"2026-02-27T05:33:29.820Z","logger":"mdaihub-resource","msg":"Validation for MdaiHub upon update","name":"mdaihub"}
{"level":"info","timestamp":"2026-02-27T05:33:29.821Z","msg":"-- Starting MdaiHub reconciliation --","controller":"mdaihub","controllerGroup":"hub.mydecisive.ai","controllerKind":"MdaiHub","MdaiHub":{"name":"mdaihub","namespace":"mdai"},"namespace":"mdai","name":"mdaihub","reconcileID":"c65d1596-d7a8-4201-9345-49d7c308d15c","namespace":{"name":"mdaihub","namespace":"mdai"},"name":"mdaihub"}
{"level":"info","timestamp":"2026-02-27T05:33:29.821Z","msg":"EnsurePrometheusRuleSynchronized","controller":"mdaihub","controllerGroup":"hub.mydecisive.ai","controllerKind":"MdaiHub","MdaiHub":{"name":"mdaihub","namespace":"mdai"},"namespace":"mdai","name":"mdaihub","reconcileID":"c65d1596-d7a8-4201-9345-49d7c308d15c"}
{"level":"info","timestamp":"2026-02-27T05:33:29.821Z","msg":"No evaluations found, skipping PrometheusRule creation","controller":"mdaihub","controllerGroup":"hub.mydecisive.ai","controllerKind":"MdaiHub","MdaiHub":{"name":"mdaihub","namespace":"mdai"},"namespace":"mdai","name":"mdaihub","reconcileID":"c65d1596-d7a8-4201-9345-49d7c308d15c"}
{"level":"info","timestamp":"2026-02-27T05:33:29.821Z","msg":"Removing existing rules","controller":"mdaihub","controllerGroup":"hub.mydecisive.ai","controllerKind":"MdaiHub","MdaiHub":{"name":"mdaihub","namespace":"mdai"},"namespace":"mdai","name":"mdaihub","reconcileID":"c65d1596-d7a8-4201-9345-49d7c308d15c"}
{"level":"info","timestamp":"2026-02-27T05:33:29.823Z","msg":"Deleted PrometheusRule","controller":"mdaihub","controllerGroup":"hub.mydecisive.ai","controllerKind":"MdaiHub","MdaiHub":{"name":"mdaihub","namespace":"mdai"},"namespace":"mdai","name":"mdaihub","reconcileID":"c65d1596-d7a8-4201-9345-49d7c308d15c","prometheus_rule_name":"mdai-mdaihub-alert-rules"}
{"level":"info","timestamp":"2026-02-27T05:33:29.823Z","msg":"No automations defined in the MDAI CR","controller":"mdaihub","controllerGroup":"hub.mydecisive.ai","controllerKind":"MdaiHub","MdaiHub":{"name":"mdaihub","namespace":"mdai"},"namespace":"mdai","name":"mdaihub","reconcileID":"c65d1596-d7a8-4201-9345-49d7c308d15c","name":"mdaihub"}
{"level":"info","timestamp":"2026-02-27T05:33:29.823Z","msg":"Deleting ConfigMap","controller":"mdaihub","controllerGroup":"hub.mydecisive.ai","controllerKind":"MdaiHub","MdaiHub":{"name":"mdaihub","namespace":"mdai"},"namespace":"mdai","name":"mdaihub","reconcileID":"c65d1596-d7a8-4201-9345-49d7c308d15c","name":"mdaihub-automation","namespace":"mdai"}
{"level":"info","timestamp":"2026-02-27T05:33:29.825Z","msg":"<DeleteFunc> mdaihub-automation ignored"}
{"level":"info","timestamp":"2026-02-27T05:33:29.825Z","msg":"No variables found in the CR, skipping variable synchronization","controller":"mdaihub","controllerGroup":"hub.mydecisive.ai","controllerKind":"MdaiHub","MdaiHub":{"name":"mdaihub","namespace":"mdai"},"namespace":"mdai","name":"mdaihub","reconcileID":"c65d1596-d7a8-4201-9345-49d7c308d15c"}
{"level":"info","timestamp":"2026-02-27T05:33:29.827Z","msg":"Status set to done for mdai hub","controller":"mdaihub","controllerGroup":"hub.mydecisive.ai","controllerKind":"MdaiHub","MdaiHub":{"name":"mdaihub","namespace":"mdai"},"namespace":"mdai","name":"mdaihub","reconcileID":"c65d1596-d7a8-4201-9345-49d7c308d15c","mdaiHub":"mdaihub"}
{"level":"info","timestamp":"2026-02-27T05:33:29.827Z","msg":"-- Finished MdaiHub reconciliation --","controller":"mdaihub","controllerGroup":"hub.mydecisive.ai","controllerKind":"MdaiHub","MdaiHub":{"name":"mdaihub","namespace":"mdai"},"namespace":"mdai","name":"mdaihub","reconcileID":"c65d1596-d7a8-4201-9345-49d7c308d15c"}
{"level":"info","timestamp":"2026-02-27T05:33:29.941Z","logger":"mdaihub-resource","msg":"Defaulting for MdaiHub","name":"mdaihub"}
{"level":"info","timestamp":"2026-02-27T05:33:29.942Z","logger":"mdaihub-resource","msg":"Validation for MdaiHub upon update","name":"mdaihub"}
{"level":"info","timestamp":"2026-02-27T05:33:29.943Z","msg":"-- Starting MdaiHub reconciliation --","controller":"mdaihub","controllerGroup":"hub.mydecisive.ai","controllerKind":"MdaiHub","MdaiHub":{"name":"mdaihub","namespace":"mdai"},"namespace":"mdai","name":"mdaihub","reconcileID":"f1fe7a2e-815e-4e93-9b77-5704280a4be8","namespace":{"name":"mdaihub","namespace":"mdai"},"name":"mdaihub"}
{"level":"info","timestamp":"2026-02-27T05:33:29.943Z","msg":"EnsurePrometheusRuleSynchronized","controller":"mdaihub","controllerGroup":"hub.mydecisive.ai","controllerKind":"MdaiHub","MdaiHub":{"name":"mdaihub","namespace":"mdai"},"namespace":"mdai","name":"mdaihub","reconcileID":"f1fe7a2e-815e-4e93-9b77-5704280a4be8"}
{"level":"info","timestamp":"2026-02-27T05:33:29.949Z","msg":"Created new PrometheusRule","controller":"mdaihub","controllerGroup":"hub.mydecisive.ai","controllerKind":"MdaiHub","MdaiHub":{"name":"mdaihub","namespace":"mdai"},"namespace":"mdai","name":"mdaihub","reconcileID":"f1fe7a2e-815e-4e93-9b77-5704280a4be8","prometheus_rule_name":"mdai-mdaihub-alert-rules"}
{"level":"info","timestamp":"2026-02-27T05:33:29.952Z","msg":"Creating or updating ConfigMap for automations","controller":"mdaihub","controllerGroup":"hub.mydecisive.ai","controllerKind":"MdaiHub","MdaiHub":{"name":"mdaihub","namespace":"mdai"},"namespace":"mdai","name":"mdaihub","reconcileID":"f1fe7a2e-815e-4e93-9b77-5704280a4be8","name":"mdaihub"}
{"level":"info","timestamp":"2026-02-27T05:33:29.954Z","msg":"<CreateFunc> mdaihub-automation ignored"}
{"level":"info","timestamp":"2026-02-27T05:33:29.954Z","msg":"Successfully created or updated ConfigMap","controller":"mdaihub","controllerGroup":"hub.mydecisive.ai","controllerKind":"MdaiHub","MdaiHub":{"name":"mdaihub","namespace":"mdai"},"namespace":"mdai","name":"mdaihub","reconcileID":"f1fe7a2e-815e-4e93-9b77-5704280a4be8","name":"mdaihub-automation","namespace":"mdai","operation":"created"}
{"level":"info","timestamp":"2026-02-27T05:33:29.954Z","msg":"Successfully created ConfigMap for automations","controller":"mdaihub","controllerGroup":"hub.mydecisive.ai","controllerKind":"MdaiHub","MdaiHub":{"name":"mdaihub","namespace":"mdai"},"namespace":"mdai","name":"mdaihub","reconcileID":"f1fe7a2e-815e-4e93-9b77-5704280a4be8","name":"mdaihub"}
{"level":"info","timestamp":"2026-02-27T05:33:29.954Z","msg":"Processing variable","controller":"mdaihub","controllerGroup":"hub.mydecisive.ai","controllerKind":"MdaiHub","MdaiHub":{"name":"mdaihub","namespace":"mdai"},"namespace":"mdai","name":"mdaihub","reconcileID":"f1fe7a2e-815e-4e93-9b77-5704280a4be8","key":"service_list"}
{"level":"info","timestamp":"2026-02-27T05:33:29.954Z","msg":"Data received for variable/mdaihub/service_list: []"}
{"level":"info","timestamp":"2026-02-27T05:33:29.955Z","msg":"Processing variable","controller":"mdaihub","controllerGroup":"hub.mydecisive.ai","controllerKind":"MdaiHub","MdaiHub":{"name":"mdaihub","namespace":"mdai"},"namespace":"mdai","name":"mdaihub","reconcileID":"f1fe7a2e-815e-4e93-9b77-5704280a4be8","key":"alerting_data_type"}
{"level":"info","timestamp":"2026-02-27T05:33:29.955Z","msg":"No value found in storage","key":"variable/mdaihub/alerting_data_type"}
{"level":"info","timestamp":"2026-02-27T05:33:29.955Z","msg":"Processing variable","controller":"mdaihub","controllerGroup":"hub.mydecisive.ai","controllerKind":"MdaiHub","MdaiHub":{"name":"mdaihub","namespace":"mdai"},"namespace":"mdai","name":"mdaihub","reconcileID":"f1fe7a2e-815e-4e93-9b77-5704280a4be8","key":"alerting_triggered"}
{"level":"info","timestamp":"2026-02-27T05:33:29.955Z","msg":"No value found in storage","key":"variable/mdaihub/alerting_triggered"}
{"level":"info","timestamp":"2026-02-27T05:33:29.955Z","msg":"Deleting old valkey keys","controller":"mdaihub","controllerGroup":"hub.mydecisive.ai","controllerKind":"MdaiHub","MdaiHub":{"name":"mdaihub","namespace":"mdai"},"namespace":"mdai","name":"mdaihub","reconcileID":"f1fe7a2e-815e-4e93-9b77-5704280a4be8","valkeyKeysToKeep":{"alerting_data_type":{},"alerting_triggered":{},"service_list":{}}}
{"level":"info","timestamp":"2026-02-27T05:33:29.955Z","msg":"No manual variables defined in the MDAI CR","controller":"mdaihub","controllerGroup":"hub.mydecisive.ai","controllerKind":"MdaiHub","MdaiHub":{"name":"mdaihub","namespace":"mdai"},"namespace":"mdai","name":"mdaihub","reconcileID":"f1fe7a2e-815e-4e93-9b77-5704280a4be8","name":"mdaihub"}
{"level":"info","timestamp":"2026-02-27T05:33:29.955Z","msg":"Deleting ConfigMap","controller":"mdaihub","controllerGroup":"hub.mydecisive.ai","controllerKind":"MdaiHub","MdaiHub":{"name":"mdaihub","namespace":"mdai"},"namespace":"mdai","name":"mdaihub","reconcileID":"f1fe7a2e-815e-4e93-9b77-5704280a4be8","name":"mdaihub-manual-variables","namespace":"mdai"}
{"level":"info","timestamp":"2026-02-27T05:33:29.955Z","msg":"ConfigMap not found, skipping deletion","controller":"mdaihub","controllerGroup":"hub.mydecisive.ai","controllerKind":"MdaiHub","MdaiHub":{"name":"mdaihub","namespace":"mdai"},"namespace":"mdai","name":"mdaihub","reconcileID":"f1fe7a2e-815e-4e93-9b77-5704280a4be8","name":"mdaihub-manual-variables","namespace":"mdai"}
{"level":"info","timestamp":"2026-02-27T05:33:29.955Z","msg":"Successfully created or updated ConfigMap","controller":"mdaihub","controllerGroup":"hub.mydecisive.ai","controllerKind":"MdaiHub","MdaiHub":{"name":"mdaihub","namespace":"mdai"},"namespace":"mdai","name":"mdaihub","reconcileID":"f1fe7a2e-815e-4e93-9b77-5704280a4be8","name":"mdaihub-variables","namespace":"mdai","operation":"unchanged"}
{"level":"info","timestamp":"2026-02-27T05:33:29.956Z","msg":"Successfully created or updated ConfigMap","controller":"mdaihub","controllerGroup":"hub.mydecisive.ai","controllerKind":"MdaiHub","MdaiHub":{"name":"mdaihub","namespace":"mdai"},"namespace":"mdai","name":"mdaihub","reconcileID":"f1fe7a2e-815e-4e93-9b77-5704280a4be8","name":"mdaihub-variables","namespace":"mdai","operation":"unchanged"}
{"level":"info","timestamp":"2026-02-27T05:33:29.956Z","msg":"Successfully created or updated ConfigMap","controller":"mdaihub","controllerGroup":"hub.mydecisive.ai","controllerKind":"MdaiHub","MdaiHub":{"name":"mdaihub","namespace":"mdai"},"namespace":"mdai","name":"mdaihub","reconcileID":"f1fe7a2e-815e-4e93-9b77-5704280a4be8","name":"mdaihub-variables","namespace":"mdai","operation":"unchanged"}
{"level":"info","timestamp":"2026-02-27T05:33:29.958Z","msg":"Status set to done for mdai hub","controller":"mdaihub","controllerGroup":"hub.mydecisive.ai","controllerKind":"MdaiHub","MdaiHub":{"name":"mdaihub","namespace":"mdai"},"namespace":"mdai","name":"mdaihub","reconcileID":"f1fe7a2e-815e-4e93-9b77-5704280a4be8","mdaiHub":"mdaihub"}
{"level":"info","timestamp":"2026-02-27T05:33:29.958Z","msg":"-- Finished MdaiHub reconciliation --","controller":"mdaihub","controllerGroup":"hub.mydecisive.ai","controllerKind":"MdaiHub","MdaiHub":{"name":"mdaihub","namespace":"mdai"},"namespace":"mdai","name":"mdaihub","reconcileID":"f1fe7a2e-815e-4e93-9b77-5704280a4be8"}
{"level":"info","timestamp":"2026-02-27T05:33:30.441Z","logger":"mdaihub-resource","msg":"Defaulting for MdaiHub","name":"mdaihub"}
{"level":"info","timestamp":"2026-02-27T05:33:30.442Z","logger":"mdaihub-resource","msg":"Validation for MdaiHub upon update","name":"mdaihub"}
{"level":"info","timestamp":"2026-02-27T05:33:30.444Z","msg":"-- Starting MdaiHub reconciliation --","controller":"mdaihub","controllerGroup":"hub.mydecisive.ai","controllerKind":"MdaiHub","MdaiHub":{"name":"mdaihub","namespace":"mdai"},"namespace":"mdai","name":"mdaihub","reconcileID":"3f28b60c-7d8a-4861-bcf7-7e33501b4c17","namespace":{"name":"mdaihub","namespace":"mdai"},"name":"mdaihub"}
{"level":"info","timestamp":"2026-02-27T05:33:30.444Z","msg":"EnsurePrometheusRuleSynchronized","controller":"mdaihub","controllerGroup":"hub.mydecisive.ai","controllerKind":"MdaiHub","MdaiHub":{"name":"mdaihub","namespace":"mdai"},"namespace":"mdai","name":"mdaihub","reconcileID":"3f28b60c-7d8a-4861-bcf7-7e33501b4c17"}
{"level":"info","timestamp":"2026-02-27T05:33:30.444Z","msg":"No evaluations found, skipping PrometheusRule creation","controller":"mdaihub","controllerGroup":"hub.mydecisive.ai","controllerKind":"MdaiHub","MdaiHub":{"name":"mdaihub","namespace":"mdai"},"namespace":"mdai","name":"mdaihub","reconcileID":"3f28b60c-7d8a-4861-bcf7-7e33501b4c17"}
{"level":"info","timestamp":"2026-02-27T05:33:30.444Z","msg":"Removing existing rules","controller":"mdaihub","controllerGroup":"hub.mydecisive.ai","controllerKind":"MdaiHub","MdaiHub":{"name":"mdaihub","namespace":"mdai"},"namespace":"mdai","name":"mdaihub","reconcileID":"3f28b60c-7d8a-4861-bcf7-7e33501b4c17"}
{"level":"info","timestamp":"2026-02-27T05:33:30.446Z","msg":"Deleted PrometheusRule","controller":"mdaihub","controllerGroup":"hub.mydecisive.ai","controllerKind":"MdaiHub","MdaiHub":{"name":"mdaihub","namespace":"mdai"},"namespace":"mdai","name":"mdaihub","reconcileID":"3f28b60c-7d8a-4861-bcf7-7e33501b4c17","prometheus_rule_name":"mdai-mdaihub-alert-rules"}
{"level":"info","timestamp":"2026-02-27T05:33:30.446Z","msg":"No automations defined in the MDAI CR","controller":"mdaihub","controllerGroup":"hub.mydecisive.ai","controllerKind":"MdaiHub","MdaiHub":{"name":"mdaihub","namespace":"mdai"},"namespace":"mdai","name":"mdaihub","reconcileID":"3f28b60c-7d8a-4861-bcf7-7e33501b4c17","name":"mdaihub"}
{"level":"info","timestamp":"2026-02-27T05:33:30.446Z","msg":"Deleting ConfigMap","controller":"mdaihub","controllerGroup":"hub.mydecisive.ai","controllerKind":"MdaiHub","MdaiHub":{"name":"mdaihub","namespace":"mdai"},"namespace":"mdai","name":"mdaihub","reconcileID":"3f28b60c-7d8a-4861-bcf7-7e33501b4c17","name":"mdaihub-automation","namespace":"mdai"}
{"level":"info","timestamp":"2026-02-27T05:33:30.447Z","msg":"Processing variable","controller":"mdaihub","controllerGroup":"hub.mydecisive.ai","controllerKind":"MdaiHub","MdaiHub":{"name":"mdaihub","namespace":"mdai"},"namespace":"mdai","name":"mdaihub","reconcileID":"3f28b60c-7d8a-4861-bcf7-7e33501b4c17","key":"fields_to_redact"}
{"level":"info","timestamp":"2026-02-27T05:33:30.447Z","msg":"<DeleteFunc> mdaihub-automation ignored"}
{"level":"info","timestamp":"2026-02-27T05:33:30.447Z","msg":"Data received for variable/mdaihub/fields_to_redact: []"}
{"level":"info","timestamp":"2026-02-27T05:33:30.447Z","msg":"Processing variable","controller":"mdaihub","controllerGroup":"hub.mydecisive.ai","controllerKind":"MdaiHub","MdaiHub":{"name":"mdaihub","namespace":"mdai"},"namespace":"mdai","name":"mdaihub","reconcileID":"3f28b60c-7d8a-4861-bcf7-7e33501b4c17","key":"fields_to_hash"}
{"level":"info","timestamp":"2026-02-27T05:33:30.448Z","msg":"Data received for variable/mdaihub/fields_to_hash: []"}
{"level":"info","timestamp":"2026-02-27T05:33:30.448Z","msg":"Processing variable","controller":"mdaihub","controllerGroup":"hub.mydecisive.ai","controllerKind":"MdaiHub","MdaiHub":{"name":"mdaihub","namespace":"mdai"},"namespace":"mdai","name":"mdaihub","reconcileID":"3f28b60c-7d8a-4861-bcf7-7e33501b4c17","key":"email_regex"}
{"level":"info","timestamp":"2026-02-27T05:33:30.448Z","msg":"No value found in storage","key":"variable/mdaihub/email_regex"}
{"level":"info","timestamp":"2026-02-27T05:33:30.448Z","msg":"Processing variable","controller":"mdaihub","controllerGroup":"hub.mydecisive.ai","controllerKind":"MdaiHub","MdaiHub":{"name":"mdaihub","namespace":"mdai"},"namespace":"mdai","name":"mdaihub","reconcileID":"3f28b60c-7d8a-4861-bcf7-7e33501b4c17","key":"cc_regex"}
{"level":"info","timestamp":"2026-02-27T05:33:30.448Z","msg":"No value found in storage","key":"variable/mdaihub/cc_regex"}
{"level":"info","timestamp":"2026-02-27T05:33:30.448Z","msg":"Processing variable","controller":"mdaihub","controllerGroup":"hub.mydecisive.ai","controllerKind":"MdaiHub","MdaiHub":{"name":"mdaihub","namespace":"mdai"},"namespace":"mdai","name":"mdaihub","reconcileID":"3f28b60c-7d8a-4861-bcf7-7e33501b4c17","key":"phone_regex"}
{"level":"info","timestamp":"2026-02-27T05:33:30.448Z","msg":"No value found in storage","key":"variable/mdaihub/phone_regex"}
{"level":"info","timestamp":"2026-02-27T05:33:30.448Z","msg":"Processing variable","controller":"mdaihub","controllerGroup":"hub.mydecisive.ai","controllerKind":"MdaiHub","MdaiHub":{"name":"mdaihub","namespace":"mdai"},"namespace":"mdai","name":"mdaihub","reconcileID":"3f28b60c-7d8a-4861-bcf7-7e33501b4c17","key":"address_regex"}
{"level":"info","timestamp":"2026-02-27T05:33:30.448Z","msg":"No value found in storage","key":"variable/mdaihub/address_regex"}
{"level":"info","timestamp":"2026-02-27T05:33:30.448Z","msg":"Processing variable","controller":"mdaihub","controllerGroup":"hub.mydecisive.ai","controllerKind":"MdaiHub","MdaiHub":{"name":"mdaihub","namespace":"mdai"},"namespace":"mdai","name":"mdaihub","reconcileID":"3f28b60c-7d8a-4861-bcf7-7e33501b4c17","key":"ssn_regex"}
{"level":"info","timestamp":"2026-02-27T05:33:30.448Z","msg":"No value found in storage","key":"variable/mdaihub/ssn_regex"}
{"level":"info","timestamp":"2026-02-27T05:33:30.448Z","msg":"Processing variable","controller":"mdaihub","controllerGroup":"hub.mydecisive.ai","controllerKind":"MdaiHub","MdaiHub":{"name":"mdaihub","namespace":"mdai"},"namespace":"mdai","name":"mdaihub","reconcileID":"3f28b60c-7d8a-4861-bcf7-7e33501b4c17","key":"name_regex"}
{"level":"info","timestamp":"2026-02-27T05:33:30.448Z","msg":"No value found in storage","key":"variable/mdaihub/name_regex"}
{"level":"info","timestamp":"2026-02-27T05:33:30.448Z","msg":"Processing variable","controller":"mdaihub","controllerGroup":"hub.mydecisive.ai","controllerKind":"MdaiHub","MdaiHub":{"name":"mdaihub","namespace":"mdai"},"namespace":"mdai","name":"mdaihub","reconcileID":"3f28b60c-7d8a-4861-bcf7-7e33501b4c17","key":"email_template"}
{"level":"info","timestamp":"2026-02-27T05:33:30.448Z","msg":"No value found in storage","key":"variable/mdaihub/email_template"}
{"level":"info","timestamp":"2026-02-27T05:33:30.448Z","msg":"Processing variable","controller":"mdaihub","controllerGroup":"hub.mydecisive.ai","controllerKind":"MdaiHub","MdaiHub":{"name":"mdaihub","namespace":"mdai"},"namespace":"mdai","name":"mdaihub","reconcileID":"3f28b60c-7d8a-4861-bcf7-7e33501b4c17","key":"cc_template"}
{"level":"info","timestamp":"2026-02-27T05:33:30.448Z","msg":"No value found in storage","key":"variable/mdaihub/cc_template"}
{"level":"info","timestamp":"2026-02-27T05:33:30.448Z","msg":"Processing variable","controller":"mdaihub","controllerGroup":"hub.mydecisive.ai","controllerKind":"MdaiHub","MdaiHub":{"name":"mdaihub","namespace":"mdai"},"namespace":"mdai","name":"mdaihub","reconcileID":"3f28b60c-7d8a-4861-bcf7-7e33501b4c17","key":"phone_template"}
{"level":"info","timestamp":"2026-02-27T05:33:30.448Z","msg":"No value found in storage","key":"variable/mdaihub/phone_template"}
{"level":"info","timestamp":"2026-02-27T05:33:30.448Z","msg":"Processing variable","controller":"mdaihub","controllerGroup":"hub.mydecisive.ai","controllerKind":"MdaiHub","MdaiHub":{"name":"mdaihub","namespace":"mdai"},"namespace":"mdai","name":"mdaihub","reconcileID":"3f28b60c-7d8a-4861-bcf7-7e33501b4c17","key":"address_template"}
{"level":"info","timestamp":"2026-02-27T05:33:30.448Z","msg":"No value found in storage","key":"variable/mdaihub/address_template"}
{"level":"info","timestamp":"2026-02-27T05:33:30.448Z","msg":"Processing variable","controller":"mdaihub","controllerGroup":"hub.mydecisive.ai","controllerKind":"MdaiHub","MdaiHub":{"name":"mdaihub","namespace":"mdai"},"namespace":"mdai","name":"mdaihub","reconcileID":"3f28b60c-7d8a-4861-bcf7-7e33501b4c17","key":"ssn_template"}
{"level":"info","timestamp":"2026-02-27T05:33:30.448Z","msg":"No value found in storage","key":"variable/mdaihub/ssn_template"}
{"level":"info","timestamp":"2026-02-27T05:33:30.448Z","msg":"Processing variable","controller":"mdaihub","controllerGroup":"hub.mydecisive.ai","controllerKind":"MdaiHub","MdaiHub":{"name":"mdaihub","namespace":"mdai"},"namespace":"mdai","name":"mdaihub","reconcileID":"3f28b60c-7d8a-4861-bcf7-7e33501b4c17","key":"name_template"}
{"level":"info","timestamp":"2026-02-27T05:33:30.448Z","msg":"No value found in storage","key":"variable/mdaihub/name_template"}
{"level":"info","timestamp":"2026-02-27T05:33:30.448Z","msg":"Deleting old valkey keys","controller":"mdaihub","controllerGroup":"hub.mydecisive.ai","controllerKind":"MdaiHub","MdaiHub":{"name":"mdaihub","namespace":"mdai"},"namespace":"mdai","name":"mdaihub","reconcileID":"3f28b60c-7d8a-4861-bcf7-7e33501b4c17","valkeyKeysToKeep":{"address_regex":{},"address_template":{},"cc_regex":{},"cc_template":{},"email_regex":{},"email_template":{},"fields_to_hash":{},"fields_to_redact":{},"name_regex":{},"name_template":{},"phone_regex":{},"phone_template":{},"ssn_regex":{},"ssn_template":{}}}
{"level":"info","timestamp":"2026-02-27T05:33:30.450Z","msg":"<CreateFunc> mdaihub-manual-variables ignored"}
{"level":"info","timestamp":"2026-02-27T05:33:30.450Z","msg":"Successfully created or updated ConfigMap","controller":"mdaihub","controllerGroup":"hub.mydecisive.ai","controllerKind":"MdaiHub","MdaiHub":{"name":"mdaihub","namespace":"mdai"},"namespace":"mdai","name":"mdaihub","reconcileID":"3f28b60c-7d8a-4861-bcf7-7e33501b4c17","name":"mdaihub-manual-variables","namespace":"mdai","operation":"created"}
{"level":"info","timestamp":"2026-02-27T05:33:30.452Z","msg":"<UpdateFunc> mdaihub-variables shouldReconcile: false"}
{"level":"info","timestamp":"2026-02-27T05:33:30.452Z","msg":"Successfully created or updated ConfigMap","controller":"mdaihub","controllerGroup":"hub.mydecisive.ai","controllerKind":"MdaiHub","MdaiHub":{"name":"mdaihub","namespace":"mdai"},"namespace":"mdai","name":"mdaihub","reconcileID":"3f28b60c-7d8a-4861-bcf7-7e33501b4c17","name":"mdaihub-variables","namespace":"mdai","operation":"updated"}
{"level":"info","timestamp":"2026-02-27T05:33:30.452Z","msg":"Successfully created or updated ConfigMap","controller":"mdaihub","controllerGroup":"hub.mydecisive.ai","controllerKind":"MdaiHub","MdaiHub":{"name":"mdaihub","namespace":"mdai"},"namespace":"mdai","name":"mdaihub","reconcileID":"3f28b60c-7d8a-4861-bcf7-7e33501b4c17","name":"mdaihub-variables","namespace":"mdai","operation":"unchanged"}
{"level":"info","timestamp":"2026-02-27T05:33:30.452Z","msg":"Successfully created or updated ConfigMap","controller":"mdaihub","controllerGroup":"hub.mydecisive.ai","controllerKind":"MdaiHub","MdaiHub":{"name":"mdaihub","namespace":"mdai"},"namespace":"mdai","name":"mdaihub","reconcileID":"3f28b60c-7d8a-4861-bcf7-7e33501b4c17","name":"mdaihub-variables","namespace":"mdai","operation":"unchanged"}
{"level":"info","timestamp":"2026-02-27T05:33:30.452Z","msg":"Triggering restart of OpenTelemetry Collector","controller":"mdaihub","controllerGroup":"hub.mydecisive.ai","controllerKind":"MdaiHub","MdaiHub":{"name":"mdaihub","namespace":"mdai"},"namespace":"mdai","name":"mdaihub","reconcileID":"3f28b60c-7d8a-4861-bcf7-7e33501b4c17","name":"gateway-dynamic-filtration"}
{"level":"warn","timestamp":"2026-02-27T05:33:30.461Z","msg":"VALKEY_AUDIT_STREAM_EXPIRY_MS is deprecated; use VALKEY_AUDIT_STREAM_RETENTION","retention":2592000,"stacktrace":"github.com/decisiveai/mdai-data-core/audit.getStreamRetention\n\tgithub.com/decisiveai/mdai-data-core@v0.2.9/audit/adapter.go:241\ngithub.com/decisiveai/mdai-data-core/audit.NewAuditAdapter\n\tgithub.com/decisiveai/mdai-data-core@v0.2.9/audit/adapter.go:54\ngithub.com/decisiveai/mdai-operator/internal/controller.HubAdapter.restartCollectorAndAudit\n\tgithub.com/decisiveai/mdai-operator/internal/controller/hub_adapter.go:427\ngithub.com/decisiveai/mdai-operator/internal/controller.HubAdapter.syncComputedConfigMapsAndRestart\n\tgithub.com/decisiveai/mdai-operator/internal/controller/hub_adapter.go:458\ngithub.com/decisiveai/mdai-operator/internal/controller.HubAdapter.ensureVariableSynchronized\n\tgithub.com/decisiveai/mdai-operator/internal/controller/hub_adapter.go:507\ngithub.com/decisiveai/mdai-operator/internal/controller.(*MdaiHubReconciler).ReconcileHandler\n\tgithub.com/decisiveai/mdai-operator/internal/controller/mdaihub_controller.go:113\ngithub.com/decisiveai/mdai-operator/internal/controller.(*MdaiHubReconciler).Reconcile\n\tgithub.com/decisiveai/mdai-operator/internal/controller/mdaihub_controller.go:87\nsigs.k8s.io/controller-runtime/pkg/internal/controller.(*Controller[...]).Reconcile\n\tsigs.k8s.io/controller-runtime@v0.20.4/pkg/internal/controller/controller.go:119\nsigs.k8s.io/controller-runtime/pkg/internal/controller.(*Controller[...]).reconcileHandler\n\tsigs.k8s.io/controller-runtime@v0.20.4/pkg/internal/controller/controller.go:334\nsigs.k8s.io/controller-runtime/pkg/internal/controller.(*Controller[...]).processNextWorkItem\n\tsigs.k8s.io/controller-runtime@v0.20.4/pkg/internal/controller/controller.go:294\nsigs.k8s.io/controller-runtime/pkg/internal/controller.(*Controller[...]).Start.func2.2\n\tsigs.k8s.io/controller-runtime@v0.20.4/pkg/internal/controller/controller.go:255"}
{"level":"info","timestamp":"2026-02-27T05:33:30.461Z","msg":"AUDIT: Triggering restart of OpenTelemetry Collector","controller":"mdaihub","controllerGroup":"hub.mydecisive.ai","controllerKind":"MdaiHub","MdaiHub":{"name":"mdaihub","namespace":"mdai"},"namespace":"mdai","name":"mdaihub","reconcileID":"3f28b60c-7d8a-4861-bcf7-7e33501b4c17","mdai-logstream":"audit","type":"collector_restart","timestamp":"2026-02-27T05:33:30Z","hub_name":"mdaihub","FIELDS_TO_REDACT":"","FIELDS_TO_HASH":""}
{"level":"info","timestamp":"2026-02-27T05:33:30.461Z","msg":"Triggering restart of OpenTelemetry Collector","controller":"mdaihub","controllerGroup":"hub.mydecisive.ai","controllerKind":"MdaiHub","MdaiHub":{"name":"mdaihub","namespace":"mdai"},"namespace":"mdai","name":"mdaihub","reconcileID":"3f28b60c-7d8a-4861-bcf7-7e33501b4c17","name":"gateway-pii"}
{"level":"warn","timestamp":"2026-02-27T05:33:30.468Z","msg":"VALKEY_AUDIT_STREAM_EXPIRY_MS is deprecated; use VALKEY_AUDIT_STREAM_RETENTION","retention":2592000,"stacktrace":"github.com/decisiveai/mdai-data-core/audit.getStreamRetention\n\tgithub.com/decisiveai/mdai-data-core@v0.2.9/audit/adapter.go:241\ngithub.com/decisiveai/mdai-data-core/audit.NewAuditAdapter\n\tgithub.com/decisiveai/mdai-data-core@v0.2.9/audit/adapter.go:54\ngithub.com/decisiveai/mdai-operator/internal/controller.HubAdapter.restartCollectorAndAudit\n\tgithub.com/decisiveai/mdai-operator/internal/controller/hub_adapter.go:427\ngithub.com/decisiveai/mdai-operator/internal/controller.HubAdapter.syncComputedConfigMapsAndRestart\n\tgithub.com/decisiveai/mdai-operator/internal/controller/hub_adapter.go:458\ngithub.com/decisiveai/mdai-operator/internal/controller.HubAdapter.ensureVariableSynchronized\n\tgithub.com/decisiveai/mdai-operator/internal/controller/hub_adapter.go:507\ngithub.com/decisiveai/mdai-operator/internal/controller.(*MdaiHubReconciler).ReconcileHandler\n\tgithub.com/decisiveai/mdai-operator/internal/controller/mdaihub_controller.go:113\ngithub.com/decisiveai/mdai-operator/internal/controller.(*MdaiHubReconciler).Reconcile\n\tgithub.com/decisiveai/mdai-operator/internal/controller/mdaihub_controller.go:87\nsigs.k8s.io/controller-runtime/pkg/internal/controller.(*Controller[...]).Reconcile\n\tsigs.k8s.io/controller-runtime@v0.20.4/pkg/internal/controller/controller.go:119\nsigs.k8s.io/controller-runtime/pkg/internal/controller.(*Controller[...]).reconcileHandler\n\tsigs.k8s.io/controller-runtime@v0.20.4/pkg/internal/controller/controller.go:334\nsigs.k8s.io/controller-runtime/pkg/internal/controller.(*Controller[...]).processNextWorkItem\n\tsigs.k8s.io/controller-runtime@v0.20.4/pkg/internal/controller/controller.go:294\nsigs.k8s.io/controller-runtime/pkg/internal/controller.(*Controller[...]).Start.func2.2\n\tsigs.k8s.io/controller-runtime@v0.20.4/pkg/internal/controller/controller.go:255"}
{"level":"info","timestamp":"2026-02-27T05:33:30.468Z","msg":"AUDIT: Triggering restart of OpenTelemetry Collector","controller":"mdaihub","controllerGroup":"hub.mydecisive.ai","controllerKind":"MdaiHub","MdaiHub":{"name":"mdaihub","namespace":"mdai"},"namespace":"mdai","name":"mdaihub","reconcileID":"3f28b60c-7d8a-4861-bcf7-7e33501b4c17","mdai-logstream":"audit","type":"collector_restart","timestamp":"2026-02-27T05:33:30Z","hub_name":"mdaihub","FIELDS_TO_REDACT":"","FIELDS_TO_HASH":""}
{"level":"info","timestamp":"2026-02-27T05:33:30.468Z","msg":"Triggering restart of OpenTelemetry Collector","controller":"mdaihub","controllerGroup":"hub.mydecisive.ai","controllerKind":"MdaiHub","MdaiHub":{"name":"mdaihub","namespace":"mdai"},"namespace":"mdai","name":"mdaihub","reconcileID":"3f28b60c-7d8a-4861-bcf7-7e33501b4c17","name":"gateway-datadog"}
{"level":"warn","timestamp":"2026-02-27T05:33:30.477Z","msg":"VALKEY_AUDIT_STREAM_EXPIRY_MS is deprecated; use VALKEY_AUDIT_STREAM_RETENTION","retention":2592000,"stacktrace":"github.com/decisiveai/mdai-data-core/audit.getStreamRetention\n\tgithub.com/decisiveai/mdai-data-core@v0.2.9/audit/adapter.go:241\ngithub.com/decisiveai/mdai-data-core/audit.NewAuditAdapter\n\tgithub.com/decisiveai/mdai-data-core@v0.2.9/audit/adapter.go:54\ngithub.com/decisiveai/mdai-operator/internal/controller.HubAdapter.restartCollectorAndAudit\n\tgithub.com/decisiveai/mdai-operator/internal/controller/hub_adapter.go:427\ngithub.com/decisiveai/mdai-operator/internal/controller.HubAdapter.syncComputedConfigMapsAndRestart\n\tgithub.com/decisiveai/mdai-operator/internal/controller/hub_adapter.go:458\ngithub.com/decisiveai/mdai-operator/internal/controller.HubAdapter.ensureVariableSynchronized\n\tgithub.com/decisiveai/mdai-operator/internal/controller/hub_adapter.go:507\ngithub.com/decisiveai/mdai-operator/internal/controller.(*MdaiHubReconciler).ReconcileHandler\n\tgithub.com/decisiveai/mdai-operator/internal/controller/mdaihub_controller.go:113\ngithub.com/decisiveai/mdai-operator/internal/controller.(*MdaiHubReconciler).Reconcile\n\tgithub.com/decisiveai/mdai-operator/internal/controller/mdaihub_controller.go:87\nsigs.k8s.io/controller-runtime/pkg/internal/controller.(*Controller[...]).Reconcile\n\tsigs.k8s.io/controller-runtime@v0.20.4/pkg/internal/controller/controller.go:119\nsigs.k8s.io/controller-runtime/pkg/internal/controller.(*Controller[...]).reconcileHandler\n\tsigs.k8s.io/controller-runtime@v0.20.4/pkg/internal/controller/controller.go:334\nsigs.k8s.io/controller-runtime/pkg/internal/controller.(*Controller[...]).processNextWorkItem\n\tsigs.k8s.io/controller-runtime@v0.20.4/pkg/internal/controller/controller.go:294\nsigs.k8s.io/controller-runtime/pkg/internal/controller.(*Controller[...]).Start.func2.2\n\tsigs.k8s.io/controller-runtime@v0.20.4/pkg/internal/controller/controller.go:255"}
{"level":"info","timestamp":"2026-02-27T05:33:30.477Z","msg":"AUDIT: Triggering restart of OpenTelemetry Collector","controller":"mdaihub","controllerGroup":"hub.mydecisive.ai","controllerKind":"MdaiHub","MdaiHub":{"name":"mdaihub","namespace":"mdai"},"namespace":"mdai","name":"mdaihub","reconcileID":"3f28b60c-7d8a-4861-bcf7-7e33501b4c17","mdai-logstream":"audit","type":"collector_restart","timestamp":"2026-02-27T05:33:30Z","hub_name":"mdaihub","FIELDS_TO_REDACT":"","FIELDS_TO_HASH":""}
{"level":"info","timestamp":"2026-02-27T05:33:30.480Z","msg":"Status set to done for mdai hub","controller":"mdaihub","controllerGroup":"hub.mydecisive.ai","controllerKind":"MdaiHub","MdaiHub":{"name":"mdaihub","namespace":"mdai"},"namespace":"mdai","name":"mdaihub","reconcileID":"3f28b60c-7d8a-4861-bcf7-7e33501b4c17","mdaiHub":"mdaihub"}
{"level":"info","timestamp":"2026-02-27T05:33:30.480Z","msg":"-- Finished MdaiHub reconciliation --","controller":"mdaihub","controllerGroup":"hub.mydecisive.ai","controllerKind":"MdaiHub","MdaiHub":{"name":"mdaihub","namespace":"mdai"},"namespace":"mdai","name":"mdaihub","reconcileID":"3f28b60c-7d8a-4861-bcf7-7e33501b4c17"}
{"level":"info","timestamp":"2026-02-27T05:33:31.051Z","logger":"mdaihub-resource","msg":"Defaulting for MdaiHub","name":"mdaihub"}
{"level":"info","timestamp":"2026-02-27T05:33:31.052Z","logger":"mdaihub-resource","msg":"Validation for MdaiHub upon update","name":"mdaihub"}
{"level":"info","timestamp":"2026-02-27T05:33:31.053Z","msg":"-- Starting MdaiHub reconciliation --","controller":"mdaihub","controllerGroup":"hub.mydecisive.ai","controllerKind":"MdaiHub","MdaiHub":{"name":"mdaihub","namespace":"mdai"},"namespace":"mdai","name":"mdaihub","reconcileID":"af30688c-d261-441a-96ea-caee0917159f","namespace":{"name":"mdaihub","namespace":"mdai"},"name":"mdaihub"}
{"level":"info","timestamp":"2026-02-27T05:33:31.053Z","msg":"EnsurePrometheusRuleSynchronized","controller":"mdaihub","controllerGroup":"hub.mydecisive.ai","controllerKind":"MdaiHub","MdaiHub":{"name":"mdaihub","namespace":"mdai"},"namespace":"mdai","name":"mdaihub","reconcileID":"af30688c-d261-441a-96ea-caee0917159f"}
{"level":"info","timestamp":"2026-02-27T05:33:31.053Z","msg":"No evaluations found, skipping PrometheusRule creation","controller":"mdaihub","controllerGroup":"hub.mydecisive.ai","controllerKind":"MdaiHub","MdaiHub":{"name":"mdaihub","namespace":"mdai"},"namespace":"mdai","name":"mdaihub","reconcileID":"af30688c-d261-441a-96ea-caee0917159f"}
{"level":"info","timestamp":"2026-02-27T05:33:31.053Z","msg":"No automations defined in the MDAI CR","controller":"mdaihub","controllerGroup":"hub.mydecisive.ai","controllerKind":"MdaiHub","MdaiHub":{"name":"mdaihub","namespace":"mdai"},"namespace":"mdai","name":"mdaihub","reconcileID":"af30688c-d261-441a-96ea-caee0917159f","name":"mdaihub"}
{"level":"info","timestamp":"2026-02-27T05:33:31.053Z","msg":"Deleting ConfigMap","controller":"mdaihub","controllerGroup":"hub.mydecisive.ai","controllerKind":"MdaiHub","MdaiHub":{"name":"mdaihub","namespace":"mdai"},"namespace":"mdai","name":"mdaihub","reconcileID":"af30688c-d261-441a-96ea-caee0917159f","name":"mdaihub-automation","namespace":"mdai"}
{"level":"info","timestamp":"2026-02-27T05:33:31.054Z","msg":"ConfigMap not found, skipping deletion","controller":"mdaihub","controllerGroup":"hub.mydecisive.ai","controllerKind":"MdaiHub","MdaiHub":{"name":"mdaihub","namespace":"mdai"},"namespace":"mdai","name":"mdaihub","reconcileID":"af30688c-d261-441a-96ea-caee0917159f","name":"mdaihub-automation","namespace":"mdai"}
{"level":"info","timestamp":"2026-02-27T05:33:31.054Z","msg":"No variables found in the CR, skipping variable synchronization","controller":"mdaihub","controllerGroup":"hub.mydecisive.ai","controllerKind":"MdaiHub","MdaiHub":{"name":"mdaihub","namespace":"mdai"},"namespace":"mdai","name":"mdaihub","reconcileID":"af30688c-d261-441a-96ea-caee0917159f"}
{"level":"info","timestamp":"2026-02-27T05:33:31.055Z","msg":"Status set to done for mdai hub","controller":"mdaihub","controllerGroup":"hub.mydecisive.ai","controllerKind":"MdaiHub","MdaiHub":{"name":"mdaihub","namespace":"mdai"},"namespace":"mdai","name":"mdaihub","reconcileID":"af30688c-d261-441a-96ea-caee0917159f","mdaiHub":"mdaihub"}
{"level":"info","timestamp":"2026-02-27T05:33:31.055Z","msg":"-- Finished MdaiHub reconciliation --","controller":"mdaihub","controllerGroup":"hub.mydecisive.ai","controllerKind":"MdaiHub","MdaiHub":{"name":"mdaihub","namespace":"mdai"},"namespace":"mdai","name":"mdaihub","reconcileID":"af30688c-d261-441a-96ea-caee0917159f"}
{"level":"info","timestamp":"2026-02-27T05:33:31.230Z","logger":"mdaihub-resource","msg":"Defaulting for MdaiHub","name":"mdaihub"}
{"level":"info","timestamp":"2026-02-27T05:33:31.231Z","logger":"mdaihub-resource","msg":"Validation for MdaiHub upon update","name":"mdaihub"}
{"level":"info","timestamp":"2026-02-27T05:33:31.232Z","msg":"-- Starting MdaiHub reconciliation --","controller":"mdaihub","controllerGroup":"hub.mydecisive.ai","controllerKind":"MdaiHub","MdaiHub":{"name":"mdaihub","namespace":"mdai"},"namespace":"mdai","name":"mdaihub","reconcileID":"3ecc0193-935b-4850-acb0-51cbf76b63fd","namespace":{"name":"mdaihub","namespace":"mdai"},"name":"mdaihub"}
{"level":"info","timestamp":"2026-02-27T05:33:31.233Z","msg":"EnsurePrometheusRuleSynchronized","controller":"mdaihub","controllerGroup":"hub.mydecisive.ai","controllerKind":"MdaiHub","MdaiHub":{"name":"mdaihub","namespace":"mdai"},"namespace":"mdai","name":"mdaihub","reconcileID":"3ecc0193-935b-4850-acb0-51cbf76b63fd"}
{"level":"info","timestamp":"2026-02-27T05:33:31.235Z","msg":"Created new PrometheusRule","controller":"mdaihub","controllerGroup":"hub.mydecisive.ai","controllerKind":"MdaiHub","MdaiHub":{"name":"mdaihub","namespace":"mdai"},"namespace":"mdai","name":"mdaihub","reconcileID":"3ecc0193-935b-4850-acb0-51cbf76b63fd","prometheus_rule_name":"mdai-mdaihub-alert-rules"}
{"level":"info","timestamp":"2026-02-27T05:33:31.239Z","msg":"Creating or updating ConfigMap for automations","controller":"mdaihub","controllerGroup":"hub.mydecisive.ai","controllerKind":"MdaiHub","MdaiHub":{"name":"mdaihub","namespace":"mdai"},"namespace":"mdai","name":"mdaihub","reconcileID":"3ecc0193-935b-4850-acb0-51cbf76b63fd","name":"mdaihub"}
{"level":"info","timestamp":"2026-02-27T05:33:31.241Z","msg":"<CreateFunc> mdaihub-automation ignored"}
{"level":"info","timestamp":"2026-02-27T05:33:31.241Z","msg":"Successfully created or updated ConfigMap","controller":"mdaihub","controllerGroup":"hub.mydecisive.ai","controllerKind":"MdaiHub","MdaiHub":{"name":"mdaihub","namespace":"mdai"},"namespace":"mdai","name":"mdaihub","reconcileID":"3ecc0193-935b-4850-acb0-51cbf76b63fd","name":"mdaihub-automation","namespace":"mdai","operation":"created"}
{"level":"info","timestamp":"2026-02-27T05:33:31.241Z","msg":"Successfully created ConfigMap for automations","controller":"mdaihub","controllerGroup":"hub.mydecisive.ai","controllerKind":"MdaiHub","MdaiHub":{"name":"mdaihub","namespace":"mdai"},"namespace":"mdai","name":"mdaihub","reconcileID":"3ecc0193-935b-4850-acb0-51cbf76b63fd","name":"mdaihub"}
{"level":"info","timestamp":"2026-02-27T05:33:31.241Z","msg":"Processing variable","controller":"mdaihub","controllerGroup":"hub.mydecisive.ai","controllerKind":"MdaiHub","MdaiHub":{"name":"mdaihub","namespace":"mdai"},"namespace":"mdai","name":"mdaihub","reconcileID":"3ecc0193-935b-4850-acb0-51cbf76b63fd","key":"service_list"}
{"level":"info","timestamp":"2026-02-27T05:33:31.242Z","msg":"Data received for variable/mdaihub/service_list: []"}
{"level":"info","timestamp":"2026-02-27T05:33:31.242Z","msg":"Processing variable","controller":"mdaihub","controllerGroup":"hub.mydecisive.ai","controllerKind":"MdaiHub","MdaiHub":{"name":"mdaihub","namespace":"mdai"},"namespace":"mdai","name":"mdaihub","reconcileID":"3ecc0193-935b-4850-acb0-51cbf76b63fd","key":"alerting_data_type"}
{"level":"info","timestamp":"2026-02-27T05:33:31.242Z","msg":"No value found in storage","key":"variable/mdaihub/alerting_data_type"}
{"level":"info","timestamp":"2026-02-27T05:33:31.242Z","msg":"Processing variable","controller":"mdaihub","controllerGroup":"hub.mydecisive.ai","controllerKind":"MdaiHub","MdaiHub":{"name":"mdaihub","namespace":"mdai"},"namespace":"mdai","name":"mdaihub","reconcileID":"3ecc0193-935b-4850-acb0-51cbf76b63fd","key":"alerting_triggered"}
{"level":"info","timestamp":"2026-02-27T05:33:31.242Z","msg":"No value found in storage","key":"variable/mdaihub/alerting_triggered"}
{"level":"info","timestamp":"2026-02-27T05:33:31.242Z","msg":"Deleting old valkey keys","controller":"mdaihub","controllerGroup":"hub.mydecisive.ai","controllerKind":"MdaiHub","MdaiHub":{"name":"mdaihub","namespace":"mdai"},"namespace":"mdai","name":"mdaihub","reconcileID":"3ecc0193-935b-4850-acb0-51cbf76b63fd","valkeyKeysToKeep":{"alerting_data_type":{},"alerting_triggered":{},"service_list":{}}}
{"level":"info","timestamp":"2026-02-27T05:33:31.243Z","msg":"No manual variables defined in the MDAI CR","controller":"mdaihub","controllerGroup":"hub.mydecisive.ai","controllerKind":"MdaiHub","MdaiHub":{"name":"mdaihub","namespace":"mdai"},"namespace":"mdai","name":"mdaihub","reconcileID":"3ecc0193-935b-4850-acb0-51cbf76b63fd","name":"mdaihub"}
{"level":"info","timestamp":"2026-02-27T05:33:31.243Z","msg":"Deleting ConfigMap","controller":"mdaihub","controllerGroup":"hub.mydecisive.ai","controllerKind":"MdaiHub","MdaiHub":{"name":"mdaihub","namespace":"mdai"},"namespace":"mdai","name":"mdaihub","reconcileID":"3ecc0193-935b-4850-acb0-51cbf76b63fd","name":"mdaihub-manual-variables","namespace":"mdai"}
{"level":"info","timestamp":"2026-02-27T05:33:31.245Z","msg":"<DeleteFunc> mdaihub-manual-variables ignored"}
{"level":"info","timestamp":"2026-02-27T05:33:31.247Z","msg":"<UpdateFunc> mdaihub-variables shouldReconcile: false"}
{"level":"info","timestamp":"2026-02-27T05:33:31.247Z","msg":"Successfully created or updated ConfigMap","controller":"mdaihub","controllerGroup":"hub.mydecisive.ai","controllerKind":"MdaiHub","MdaiHub":{"name":"mdaihub","namespace":"mdai"},"namespace":"mdai","name":"mdaihub","reconcileID":"3ecc0193-935b-4850-acb0-51cbf76b63fd","name":"mdaihub-variables","namespace":"mdai","operation":"updated"}
{"level":"info","timestamp":"2026-02-27T05:33:31.247Z","msg":"Successfully created or updated ConfigMap","controller":"mdaihub","controllerGroup":"hub.mydecisive.ai","controllerKind":"MdaiHub","MdaiHub":{"name":"mdaihub","namespace":"mdai"},"namespace":"mdai","name":"mdaihub","reconcileID":"3ecc0193-935b-4850-acb0-51cbf76b63fd","name":"mdaihub-variables","namespace":"mdai","operation":"unchanged"}
{"level":"info","timestamp":"2026-02-27T05:33:31.247Z","msg":"Successfully created or updated ConfigMap","controller":"mdaihub","controllerGroup":"hub.mydecisive.ai","controllerKind":"MdaiHub","MdaiHub":{"name":"mdaihub","namespace":"mdai"},"namespace":"mdai","name":"mdaihub","reconcileID":"3ecc0193-935b-4850-acb0-51cbf76b63fd","name":"mdaihub-variables","namespace":"mdai","operation":"unchanged"}
{"level":"info","timestamp":"2026-02-27T05:33:31.247Z","msg":"Triggering restart of OpenTelemetry Collector","controller":"mdaihub","controllerGroup":"hub.mydecisive.ai","controllerKind":"MdaiHub","MdaiHub":{"name":"mdaihub","namespace":"mdai"},"namespace":"mdai","name":"mdaihub","reconcileID":"3ecc0193-935b-4850-acb0-51cbf76b63fd","name":"gateway-pii"}
{"level":"warn","timestamp":"2026-02-27T05:33:31.253Z","msg":"VALKEY_AUDIT_STREAM_EXPIRY_MS is deprecated; use VALKEY_AUDIT_STREAM_RETENTION","retention":2592000,"stacktrace":"github.com/decisiveai/mdai-data-core/audit.getStreamRetention\n\tgithub.com/decisiveai/mdai-data-core@v0.2.9/audit/adapter.go:241\ngithub.com/decisiveai/mdai-data-core/audit.NewAuditAdapter\n\tgithub.com/decisiveai/mdai-data-core@v0.2.9/audit/adapter.go:54\ngithub.com/decisiveai/mdai-operator/internal/controller.HubAdapter.restartCollectorAndAudit\n\tgithub.com/decisiveai/mdai-operator/internal/controller/hub_adapter.go:427\ngithub.com/decisiveai/mdai-operator/internal/controller.HubAdapter.syncComputedConfigMapsAndRestart\n\tgithub.com/decisiveai/mdai-operator/internal/controller/hub_adapter.go:458\ngithub.com/decisiveai/mdai-operator/internal/controller.HubAdapter.ensureVariableSynchronized\n\tgithub.com/decisiveai/mdai-operator/internal/controller/hub_adapter.go:507\ngithub.com/decisiveai/mdai-operator/internal/controller.(*MdaiHubReconciler).ReconcileHandler\n\tgithub.com/decisiveai/mdai-operator/internal/controller/mdaihub_controller.go:113\ngithub.com/decisiveai/mdai-operator/internal/controller.(*MdaiHubReconciler).Reconcile\n\tgithub.com/decisiveai/mdai-operator/internal/controller/mdaihub_controller.go:87\nsigs.k8s.io/controller-runtime/pkg/internal/controller.(*Controller[...]).Reconcile\n\tsigs.k8s.io/controller-runtime@v0.20.4/pkg/internal/controller/controller.go:119\nsigs.k8s.io/controller-runtime/pkg/internal/controller.(*Controller[...]).reconcileHandler\n\tsigs.k8s.io/controller-runtime@v0.20.4/pkg/internal/controller/controller.go:334\nsigs.k8s.io/controller-runtime/pkg/internal/controller.(*Controller[...]).processNextWorkItem\n\tsigs.k8s.io/controller-runtime@v0.20.4/pkg/internal/controller/controller.go:294\nsigs.k8s.io/controller-runtime/pkg/internal/controller.(*Controller[...]).Start.func2.2\n\tsigs.k8s.io/controller-runtime@v0.20.4/pkg/internal/controller/controller.go:255"}
{"level":"info","timestamp":"2026-02-27T05:33:31.253Z","msg":"AUDIT: Triggering restart of OpenTelemetry Collector","controller":"mdaihub","controllerGroup":"hub.mydecisive.ai","controllerKind":"MdaiHub","MdaiHub":{"name":"mdaihub","namespace":"mdai"},"namespace":"mdai","name":"mdaihub","reconcileID":"3ecc0193-935b-4850-acb0-51cbf76b63fd","mdai-logstream":"audit","type":"collector_restart","timestamp":"2026-02-27T05:33:31Z","hub_name":"mdaihub","SERVICE_LIST_REGEX":""}
{"level":"info","timestamp":"2026-02-27T05:33:31.253Z","msg":"Triggering restart of OpenTelemetry Collector","controller":"mdaihub","controllerGroup":"hub.mydecisive.ai","controllerKind":"MdaiHub","MdaiHub":{"name":"mdaihub","namespace":"mdai"},"namespace":"mdai","name":"mdaihub","reconcileID":"3ecc0193-935b-4850-acb0-51cbf76b63fd","name":"gateway-datadog"}
{"level":"warn","timestamp":"2026-02-27T05:33:31.259Z","msg":"VALKEY_AUDIT_STREAM_EXPIRY_MS is deprecated; use VALKEY_AUDIT_STREAM_RETENTION","retention":2592000,"stacktrace":"github.com/decisiveai/mdai-data-core/audit.getStreamRetention\n\tgithub.com/decisiveai/mdai-data-core@v0.2.9/audit/adapter.go:241\ngithub.com/decisiveai/mdai-data-core/audit.NewAuditAdapter\n\tgithub.com/decisiveai/mdai-data-core@v0.2.9/audit/adapter.go:54\ngithub.com/decisiveai/mdai-operator/internal/controller.HubAdapter.restartCollectorAndAudit\n\tgithub.com/decisiveai/mdai-operator/internal/controller/hub_adapter.go:427\ngithub.com/decisiveai/mdai-operator/internal/controller.HubAdapter.syncComputedConfigMapsAndRestart\n\tgithub.com/decisiveai/mdai-operator/internal/controller/hub_adapter.go:458\ngithub.com/decisiveai/mdai-operator/internal/controller.HubAdapter.ensureVariableSynchronized\n\tgithub.com/decisiveai/mdai-operator/internal/controller/hub_adapter.go:507\ngithub.com/decisiveai/mdai-operator/internal/controller.(*MdaiHubReconciler).ReconcileHandler\n\tgithub.com/decisiveai/mdai-operator/internal/controller/mdaihub_controller.go:113\ngithub.com/decisiveai/mdai-operator/internal/controller.(*MdaiHubReconciler).Reconcile\n\tgithub.com/decisiveai/mdai-operator/internal/controller/mdaihub_controller.go:87\nsigs.k8s.io/controller-runtime/pkg/internal/controller.(*Controller[...]).Reconcile\n\tsigs.k8s.io/controller-runtime@v0.20.4/pkg/internal/controller/controller.go:119\nsigs.k8s.io/controller-runtime/pkg/internal/controller.(*Controller[...]).reconcileHandler\n\tsigs.k8s.io/controller-runtime@v0.20.4/pkg/internal/controller/controller.go:334\nsigs.k8s.io/controller-runtime/pkg/internal/controller.(*Controller[...]).processNextWorkItem\n\tsigs.k8s.io/controller-runtime@v0.20.4/pkg/internal/controller/controller.go:294\nsigs.k8s.io/controller-runtime/pkg/internal/controller.(*Controller[...]).Start.func2.2\n\tsigs.k8s.io/controller-runtime@v0.20.4/pkg/internal/controller/controller.go:255"}
{"level":"info","timestamp":"2026-02-27T05:33:31.259Z","msg":"AUDIT: Triggering restart of OpenTelemetry Collector","controller":"mdaihub","controllerGroup":"hub.mydecisive.ai","controllerKind":"MdaiHub","MdaiHub":{"name":"mdaihub","namespace":"mdai"},"namespace":"mdai","name":"mdaihub","reconcileID":"3ecc0193-935b-4850-acb0-51cbf76b63fd","mdai-logstream":"audit","type":"collector_restart","timestamp":"2026-02-27T05:33:31Z","hub_name":"mdaihub","SERVICE_LIST_REGEX":""}
{"level":"info","timestamp":"2026-02-27T05:33:31.260Z","msg":"Triggering restart of OpenTelemetry Collector","controller":"mdaihub","controllerGroup":"hub.mydecisive.ai","controllerKind":"MdaiHub","MdaiHub":{"name":"mdaihub","namespace":"mdai"},"namespace":"mdai","name":"mdaihub","reconcileID":"3ecc0193-935b-4850-acb0-51cbf76b63fd","name":"gateway-dynamic-filtration"}
{"level":"warn","timestamp":"2026-02-27T05:33:31.266Z","msg":"VALKEY_AUDIT_STREAM_EXPIRY_MS is deprecated; use VALKEY_AUDIT_STREAM_RETENTION","retention":2592000,"stacktrace":"github.com/decisiveai/mdai-data-core/audit.getStreamRetention\n\tgithub.com/decisiveai/mdai-data-core@v0.2.9/audit/adapter.go:241\ngithub.com/decisiveai/mdai-data-core/audit.NewAuditAdapter\n\tgithub.com/decisiveai/mdai-data-core@v0.2.9/audit/adapter.go:54\ngithub.com/decisiveai/mdai-operator/internal/controller.HubAdapter.restartCollectorAndAudit\n\tgithub.com/decisiveai/mdai-operator/internal/controller/hub_adapter.go:427\ngithub.com/decisiveai/mdai-operator/internal/controller.HubAdapter.syncComputedConfigMapsAndRestart\n\tgithub.com/decisiveai/mdai-operator/internal/controller/hub_adapter.go:458\ngithub.com/decisiveai/mdai-operator/internal/controller.HubAdapter.ensureVariableSynchronized\n\tgithub.com/decisiveai/mdai-operator/internal/controller/hub_adapter.go:507\ngithub.com/decisiveai/mdai-operator/internal/controller.(*MdaiHubReconciler).ReconcileHandler\n\tgithub.com/decisiveai/mdai-operator/internal/controller/mdaihub_controller.go:113\ngithub.com/decisiveai/mdai-operator/internal/controller.(*MdaiHubReconciler).Reconcile\n\tgithub.com/decisiveai/mdai-operator/internal/controller/mdaihub_controller.go:87\nsigs.k8s.io/controller-runtime/pkg/internal/controller.(*Controller[...]).Reconcile\n\tsigs.k8s.io/controller-runtime@v0.20.4/pkg/internal/controller/controller.go:119\nsigs.k8s.io/controller-runtime/pkg/internal/controller.(*Controller[...]).reconcileHandler\n\tsigs.k8s.io/controller-runtime@v0.20.4/pkg/internal/controller/controller.go:334\nsigs.k8s.io/controller-runtime/pkg/internal/controller.(*Controller[...]).processNextWorkItem\n\tsigs.k8s.io/controller-runtime@v0.20.4/pkg/internal/controller/controller.go:294\nsigs.k8s.io/controller-runtime/pkg/internal/controller.(*Controller[...]).Start.func2.2\n\tsigs.k8s.io/controller-runtime@v0.20.4/pkg/internal/controller/controller.go:255"}
{"level":"info","timestamp":"2026-02-27T05:33:31.266Z","msg":"AUDIT: Triggering restart of OpenTelemetry Collector","controller":"mdaihub","controllerGroup":"hub.mydecisive.ai","controllerKind":"MdaiHub","MdaiHub":{"name":"mdaihub","namespace":"mdai"},"namespace":"mdai","name":"mdaihub","reconcileID":"3ecc0193-935b-4850-acb0-51cbf76b63fd","mdai-logstream":"audit","type":"collector_restart","timestamp":"2026-02-27T05:33:31Z","hub_name":"mdaihub","SERVICE_LIST_REGEX":""}
{"level":"info","timestamp":"2026-02-27T05:33:31.269Z","msg":"Status set to done for mdai hub","controller":"mdaihub","controllerGroup":"hub.mydecisive.ai","controllerKind":"MdaiHub","MdaiHub":{"name":"mdaihub","namespace":"mdai"},"namespace":"mdai","name":"mdaihub","reconcileID":"3ecc0193-935b-4850-acb0-51cbf76b63fd","mdaiHub":"mdaihub"}
{"level":"info","timestamp":"2026-02-27T05:33:31.269Z","msg":"-- Finished MdaiHub reconciliation --","controller":"mdaihub","controllerGroup":"hub.mydecisive.ai","controllerKind":"MdaiHub","MdaiHub":{"name":"mdaihub","namespace":"mdai"},"namespace":"mdai","name":"mdaihub","reconcileID":"3ecc0193-935b-4850-acb0-51cbf76b63fd"}
{"level":"info","timestamp":"2026-02-27T05:33:32.048Z","logger":"mdaihub-resource","msg":"Defaulting for MdaiHub","name":"mdaihub"}
{"level":"info","timestamp":"2026-02-27T05:33:32.049Z","logger":"mdaihub-resource","msg":"Validation for MdaiHub upon update","name":"mdaihub"}
{"level":"info","timestamp":"2026-02-27T05:33:32.050Z","msg":"-- Starting MdaiHub reconciliation --","controller":"mdaihub","controllerGroup":"hub.mydecisive.ai","controllerKind":"MdaiHub","MdaiHub":{"name":"mdaihub","namespace":"mdai"},"namespace":"mdai","name":"mdaihub","reconcileID":"0d89021a-d6f6-484e-9c05-823824ec4607","namespace":{"name":"mdaihub","namespace":"mdai"},"name":"mdaihub"}
{"level":"info","timestamp":"2026-02-27T05:33:32.050Z","msg":"EnsurePrometheusRuleSynchronized","controller":"mdaihub","controllerGroup":"hub.mydecisive.ai","controllerKind":"MdaiHub","MdaiHub":{"name":"mdaihub","namespace":"mdai"},"namespace":"mdai","name":"mdaihub","reconcileID":"0d89021a-d6f6-484e-9c05-823824ec4607"}
{"level":"info","timestamp":"2026-02-27T05:33:32.050Z","msg":"No evaluations found, skipping PrometheusRule creation","controller":"mdaihub","controllerGroup":"hub.mydecisive.ai","controllerKind":"MdaiHub","MdaiHub":{"name":"mdaihub","namespace":"mdai"},"namespace":"mdai","name":"mdaihub","reconcileID":"0d89021a-d6f6-484e-9c05-823824ec4607"}
{"level":"info","timestamp":"2026-02-27T05:33:32.050Z","msg":"Removing existing rules","controller":"mdaihub","controllerGroup":"hub.mydecisive.ai","controllerKind":"MdaiHub","MdaiHub":{"name":"mdaihub","namespace":"mdai"},"namespace":"mdai","name":"mdaihub","reconcileID":"0d89021a-d6f6-484e-9c05-823824ec4607"}
{"level":"info","timestamp":"2026-02-27T05:33:32.052Z","msg":"Deleted PrometheusRule","controller":"mdaihub","controllerGroup":"hub.mydecisive.ai","controllerKind":"MdaiHub","MdaiHub":{"name":"mdaihub","namespace":"mdai"},"namespace":"mdai","name":"mdaihub","reconcileID":"0d89021a-d6f6-484e-9c05-823824ec4607","prometheus_rule_name":"mdai-mdaihub-alert-rules"}
{"level":"info","timestamp":"2026-02-27T05:33:32.052Z","msg":"No automations defined in the MDAI CR","controller":"mdaihub","controllerGroup":"hub.mydecisive.ai","controllerKind":"MdaiHub","MdaiHub":{"name":"mdaihub","namespace":"mdai"},"namespace":"mdai","name":"mdaihub","reconcileID":"0d89021a-d6f6-484e-9c05-823824ec4607","name":"mdaihub"}
{"level":"info","timestamp":"2026-02-27T05:33:32.052Z","msg":"Deleting ConfigMap","controller":"mdaihub","controllerGroup":"hub.mydecisive.ai","controllerKind":"MdaiHub","MdaiHub":{"name":"mdaihub","namespace":"mdai"},"namespace":"mdai","name":"mdaihub","reconcileID":"0d89021a-d6f6-484e-9c05-823824ec4607","name":"mdaihub-automation","namespace":"mdai"}
{"level":"info","timestamp":"2026-02-27T05:33:32.054Z","msg":"<DeleteFunc> mdaihub-automation ignored"}
{"level":"info","timestamp":"2026-02-27T05:33:32.054Z","msg":"Processing variable","controller":"mdaihub","controllerGroup":"hub.mydecisive.ai","controllerKind":"MdaiHub","MdaiHub":{"name":"mdaihub","namespace":"mdai"},"namespace":"mdai","name":"mdaihub","reconcileID":"0d89021a-d6f6-484e-9c05-823824ec4607","key":"fields_to_redact"}
{"level":"info","timestamp":"2026-02-27T05:33:32.054Z","msg":"Data received for variable/mdaihub/fields_to_redact: []"}
{"level":"info","timestamp":"2026-02-27T05:33:32.054Z","msg":"Processing variable","controller":"mdaihub","controllerGroup":"hub.mydecisive.ai","controllerKind":"MdaiHub","MdaiHub":{"name":"mdaihub","namespace":"mdai"},"namespace":"mdai","name":"mdaihub","reconcileID":"0d89021a-d6f6-484e-9c05-823824ec4607","key":"fields_to_hash"}
{"level":"info","timestamp":"2026-02-27T05:33:32.055Z","msg":"Data received for variable/mdaihub/fields_to_hash: []"}
{"level":"info","timestamp":"2026-02-27T05:33:32.055Z","msg":"Processing variable","controller":"mdaihub","controllerGroup":"hub.mydecisive.ai","controllerKind":"MdaiHub","MdaiHub":{"name":"mdaihub","namespace":"mdai"},"namespace":"mdai","name":"mdaihub","reconcileID":"0d89021a-d6f6-484e-9c05-823824ec4607","key":"email_regex"}
{"level":"info","timestamp":"2026-02-27T05:33:32.055Z","msg":"No value found in storage","key":"variable/mdaihub/email_regex"}
{"level":"info","timestamp":"2026-02-27T05:33:32.055Z","msg":"Processing variable","controller":"mdaihub","controllerGroup":"hub.mydecisive.ai","controllerKind":"MdaiHub","MdaiHub":{"name":"mdaihub","namespace":"mdai"},"namespace":"mdai","name":"mdaihub","reconcileID":"0d89021a-d6f6-484e-9c05-823824ec4607","key":"cc_regex"}
{"level":"info","timestamp":"2026-02-27T05:33:32.055Z","msg":"No value found in storage","key":"variable/mdaihub/cc_regex"}
{"level":"info","timestamp":"2026-02-27T05:33:32.055Z","msg":"Processing variable","controller":"mdaihub","controllerGroup":"hub.mydecisive.ai","controllerKind":"MdaiHub","MdaiHub":{"name":"mdaihub","namespace":"mdai"},"namespace":"mdai","name":"mdaihub","reconcileID":"0d89021a-d6f6-484e-9c05-823824ec4607","key":"phone_regex"}
{"level":"info","timestamp":"2026-02-27T05:33:32.055Z","msg":"No value found in storage","key":"variable/mdaihub/phone_regex"}
{"level":"info","timestamp":"2026-02-27T05:33:32.055Z","msg":"Processing variable","controller":"mdaihub","controllerGroup":"hub.mydecisive.ai","controllerKind":"MdaiHub","MdaiHub":{"name":"mdaihub","namespace":"mdai"},"namespace":"mdai","name":"mdaihub","reconcileID":"0d89021a-d6f6-484e-9c05-823824ec4607","key":"address_regex"}
{"level":"info","timestamp":"2026-02-27T05:33:32.055Z","msg":"No value found in storage","key":"variable/mdaihub/address_regex"}
{"level":"info","timestamp":"2026-02-27T05:33:32.055Z","msg":"Processing variable","controller":"mdaihub","controllerGroup":"hub.mydecisive.ai","controllerKind":"MdaiHub","MdaiHub":{"name":"mdaihub","namespace":"mdai"},"namespace":"mdai","name":"mdaihub","reconcileID":"0d89021a-d6f6-484e-9c05-823824ec4607","key":"ssn_regex"}
{"level":"info","timestamp":"2026-02-27T05:33:32.055Z","msg":"No value found in storage","key":"variable/mdaihub/ssn_regex"}
{"level":"info","timestamp":"2026-02-27T05:33:32.055Z","msg":"Processing variable","controller":"mdaihub","controllerGroup":"hub.mydecisive.ai","controllerKind":"MdaiHub","MdaiHub":{"name":"mdaihub","namespace":"mdai"},"namespace":"mdai","name":"mdaihub","reconcileID":"0d89021a-d6f6-484e-9c05-823824ec4607","key":"name_regex"}
{"level":"info","timestamp":"2026-02-27T05:33:32.055Z","msg":"No value found in storage","key":"variable/mdaihub/name_regex"}
{"level":"info","timestamp":"2026-02-27T05:33:32.055Z","msg":"Processing variable","controller":"mdaihub","controllerGroup":"hub.mydecisive.ai","controllerKind":"MdaiHub","MdaiHub":{"name":"mdaihub","namespace":"mdai"},"namespace":"mdai","name":"mdaihub","reconcileID":"0d89021a-d6f6-484e-9c05-823824ec4607","key":"email_template"}
{"level":"info","timestamp":"2026-02-27T05:33:32.056Z","msg":"No value found in storage","key":"variable/mdaihub/email_template"}
{"level":"info","timestamp":"2026-02-27T05:33:32.056Z","msg":"Processing variable","controller":"mdaihub","controllerGroup":"hub.mydecisive.ai","controllerKind":"MdaiHub","MdaiHub":{"name":"mdaihub","namespace":"mdai"},"namespace":"mdai","name":"mdaihub","reconcileID":"0d89021a-d6f6-484e-9c05-823824ec4607","key":"cc_template"}
{"level":"info","timestamp":"2026-02-27T05:33:32.056Z","msg":"No value found in storage","key":"variable/mdaihub/cc_template"}
{"level":"info","timestamp":"2026-02-27T05:33:32.056Z","msg":"Processing variable","controller":"mdaihub","controllerGroup":"hub.mydecisive.ai","controllerKind":"MdaiHub","MdaiHub":{"name":"mdaihub","namespace":"mdai"},"namespace":"mdai","name":"mdaihub","reconcileID":"0d89021a-d6f6-484e-9c05-823824ec4607","key":"phone_template"}
{"level":"info","timestamp":"2026-02-27T05:33:32.056Z","msg":"No value found in storage","key":"variable/mdaihub/phone_template"}
{"level":"info","timestamp":"2026-02-27T05:33:32.056Z","msg":"Processing variable","controller":"mdaihub","controllerGroup":"hub.mydecisive.ai","controllerKind":"MdaiHub","MdaiHub":{"name":"mdaihub","namespace":"mdai"},"namespace":"mdai","name":"mdaihub","reconcileID":"0d89021a-d6f6-484e-9c05-823824ec4607","key":"address_template"}
{"level":"info","timestamp":"2026-02-27T05:33:32.056Z","msg":"No value found in storage","key":"variable/mdaihub/address_template"}
{"level":"info","timestamp":"2026-02-27T05:33:32.056Z","msg":"Processing variable","controller":"mdaihub","controllerGroup":"hub.mydecisive.ai","controllerKind":"MdaiHub","MdaiHub":{"name":"mdaihub","namespace":"mdai"},"namespace":"mdai","name":"mdaihub","reconcileID":"0d89021a-d6f6-484e-9c05-823824ec4607","key":"ssn_template"}
{"level":"info","timestamp":"2026-02-27T05:33:32.056Z","msg":"No value found in storage","key":"variable/mdaihub/ssn_template"}
{"level":"info","timestamp":"2026-02-27T05:33:32.056Z","msg":"Processing variable","controller":"mdaihub","controllerGroup":"hub.mydecisive.ai","controllerKind":"MdaiHub","MdaiHub":{"name":"mdaihub","namespace":"mdai"},"namespace":"mdai","name":"mdaihub","reconcileID":"0d89021a-d6f6-484e-9c05-823824ec4607","key":"name_template"}
{"level":"info","timestamp":"2026-02-27T05:33:32.056Z","msg":"No value found in storage","key":"variable/mdaihub/name_template"}
{"level":"info","timestamp":"2026-02-27T05:33:32.056Z","msg":"Deleting old valkey keys","controller":"mdaihub","controllerGroup":"hub.mydecisive.ai","controllerKind":"MdaiHub","MdaiHub":{"name":"mdaihub","namespace":"mdai"},"namespace":"mdai","name":"mdaihub","reconcileID":"0d89021a-d6f6-484e-9c05-823824ec4607","valkeyKeysToKeep":{"address_regex":{},"address_template":{},"cc_regex":{},"cc_template":{},"email_regex":{},"email_template":{},"fields_to_hash":{},"fields_to_redact":{},"name_regex":{},"name_template":{},"phone_regex":{},"phone_template":{},"ssn_regex":{},"ssn_template":{}}}
{"level":"info","timestamp":"2026-02-27T05:33:32.057Z","msg":"Successfully created or updated ConfigMap","controller":"mdaihub","controllerGroup":"hub.mydecisive.ai","controllerKind":"MdaiHub","MdaiHub":{"name":"mdaihub","namespace":"mdai"},"namespace":"mdai","name":"mdaihub","reconcileID":"0d89021a-d6f6-484e-9c05-823824ec4607","name":"mdaihub-manual-variables","namespace":"mdai","operation":"created"}
{"level":"info","timestamp":"2026-02-27T05:33:32.057Z","msg":"<CreateFunc> mdaihub-manual-variables ignored"}
{"level":"info","timestamp":"2026-02-27T05:33:32.059Z","msg":"<UpdateFunc> mdaihub-variables shouldReconcile: false"}
{"level":"info","timestamp":"2026-02-27T05:33:32.059Z","msg":"Successfully created or updated ConfigMap","controller":"mdaihub","controllerGroup":"hub.mydecisive.ai","controllerKind":"MdaiHub","MdaiHub":{"name":"mdaihub","namespace":"mdai"},"namespace":"mdai","name":"mdaihub","reconcileID":"0d89021a-d6f6-484e-9c05-823824ec4607","name":"mdaihub-variables","namespace":"mdai","operation":"updated"}
{"level":"info","timestamp":"2026-02-27T05:33:32.059Z","msg":"Successfully created or updated ConfigMap","controller":"mdaihub","controllerGroup":"hub.mydecisive.ai","controllerKind":"MdaiHub","MdaiHub":{"name":"mdaihub","namespace":"mdai"},"namespace":"mdai","name":"mdaihub","reconcileID":"0d89021a-d6f6-484e-9c05-823824ec4607","name":"mdaihub-variables","namespace":"mdai","operation":"unchanged"}
{"level":"info","timestamp":"2026-02-27T05:33:32.059Z","msg":"Successfully created or updated ConfigMap","controller":"mdaihub","controllerGroup":"hub.mydecisive.ai","controllerKind":"MdaiHub","MdaiHub":{"name":"mdaihub","namespace":"mdai"},"namespace":"mdai","name":"mdaihub","reconcileID":"0d89021a-d6f6-484e-9c05-823824ec4607","name":"mdaihub-variables","namespace":"mdai","operation":"unchanged"}
{"level":"info","timestamp":"2026-02-27T05:33:32.059Z","msg":"Triggering restart of OpenTelemetry Collector","controller":"mdaihub","controllerGroup":"hub.mydecisive.ai","controllerKind":"MdaiHub","MdaiHub":{"name":"mdaihub","namespace":"mdai"},"namespace":"mdai","name":"mdaihub","reconcileID":"0d89021a-d6f6-484e-9c05-823824ec4607","name":"gateway-datadog"}
{"level":"warn","timestamp":"2026-02-27T05:33:32.067Z","msg":"VALKEY_AUDIT_STREAM_EXPIRY_MS is deprecated; use VALKEY_AUDIT_STREAM_RETENTION","retention":2592000,"stacktrace":"github.com/decisiveai/mdai-data-core/audit.getStreamRetention\n\tgithub.com/decisiveai/mdai-data-core@v0.2.9/audit/adapter.go:241\ngithub.com/decisiveai/mdai-data-core/audit.NewAuditAdapter\n\tgithub.com/decisiveai/mdai-data-core@v0.2.9/audit/adapter.go:54\ngithub.com/decisiveai/mdai-operator/internal/controller.HubAdapter.restartCollectorAndAudit\n\tgithub.com/decisiveai/mdai-operator/internal/controller/hub_adapter.go:427\ngithub.com/decisiveai/mdai-operator/internal/controller.HubAdapter.syncComputedConfigMapsAndRestart\n\tgithub.com/decisiveai/mdai-operator/internal/controller/hub_adapter.go:458\ngithub.com/decisiveai/mdai-operator/internal/controller.HubAdapter.ensureVariableSynchronized\n\tgithub.com/decisiveai/mdai-operator/internal/controller/hub_adapter.go:507\ngithub.com/decisiveai/mdai-operator/internal/controller.(*MdaiHubReconciler).ReconcileHandler\n\tgithub.com/decisiveai/mdai-operator/internal/controller/mdaihub_controller.go:113\ngithub.com/decisiveai/mdai-operator/internal/controller.(*MdaiHubReconciler).Reconcile\n\tgithub.com/decisiveai/mdai-operator/internal/controller/mdaihub_controller.go:87\nsigs.k8s.io/controller-runtime/pkg/internal/controller.(*Controller[...]).Reconcile\n\tsigs.k8s.io/controller-runtime@v0.20.4/pkg/internal/controller/controller.go:119\nsigs.k8s.io/controller-runtime/pkg/internal/controller.(*Controller[...]).reconcileHandler\n\tsigs.k8s.io/controller-runtime@v0.20.4/pkg/internal/controller/controller.go:334\nsigs.k8s.io/controller-runtime/pkg/internal/controller.(*Controller[...]).processNextWorkItem\n\tsigs.k8s.io/controller-runtime@v0.20.4/pkg/internal/controller/controller.go:294\nsigs.k8s.io/controller-runtime/pkg/internal/controller.(*Controller[...]).Start.func2.2\n\tsigs.k8s.io/controller-runtime@v0.20.4/pkg/internal/controller/controller.go:255"}
{"level":"info","timestamp":"2026-02-27T05:33:32.067Z","msg":"AUDIT: Triggering restart of OpenTelemetry Collector","controller":"mdaihub","controllerGroup":"hub.mydecisive.ai","controllerKind":"MdaiHub","MdaiHub":{"name":"mdaihub","namespace":"mdai"},"namespace":"mdai","name":"mdaihub","reconcileID":"0d89021a-d6f6-484e-9c05-823824ec4607","mdai-logstream":"audit","type":"collector_restart","timestamp":"2026-02-27T05:33:32Z","hub_name":"mdaihub","FIELDS_TO_HASH":"","FIELDS_TO_REDACT":""}
{"level":"info","timestamp":"2026-02-27T05:33:32.067Z","msg":"Triggering restart of OpenTelemetry Collector","controller":"mdaihub","controllerGroup":"hub.mydecisive.ai","controllerKind":"MdaiHub","MdaiHub":{"name":"mdaihub","namespace":"mdai"},"namespace":"mdai","name":"mdaihub","reconcileID":"0d89021a-d6f6-484e-9c05-823824ec4607","name":"gateway-dynamic-filtration"}
{"level":"warn","timestamp":"2026-02-27T05:33:32.073Z","msg":"VALKEY_AUDIT_STREAM_EXPIRY_MS is deprecated; use VALKEY_AUDIT_STREAM_RETENTION","retention":2592000,"stacktrace":"github.com/decisiveai/mdai-data-core/audit.getStreamRetention\n\tgithub.com/decisiveai/mdai-data-core@v0.2.9/audit/adapter.go:241\ngithub.com/decisiveai/mdai-data-core/audit.NewAuditAdapter\n\tgithub.com/decisiveai/mdai-data-core@v0.2.9/audit/adapter.go:54\ngithub.com/decisiveai/mdai-operator/internal/controller.HubAdapter.restartCollectorAndAudit\n\tgithub.com/decisiveai/mdai-operator/internal/controller/hub_adapter.go:427\ngithub.com/decisiveai/mdai-operator/internal/controller.HubAdapter.syncComputedConfigMapsAndRestart\n\tgithub.com/decisiveai/mdai-operator/internal/controller/hub_adapter.go:458\ngithub.com/decisiveai/mdai-operator/internal/controller.HubAdapter.ensureVariableSynchronized\n\tgithub.com/decisiveai/mdai-operator/internal/controller/hub_adapter.go:507\ngithub.com/decisiveai/mdai-operator/internal/controller.(*MdaiHubReconciler).ReconcileHandler\n\tgithub.com/decisiveai/mdai-operator/internal/controller/mdaihub_controller.go:113\ngithub.com/decisiveai/mdai-operator/internal/controller.(*MdaiHubReconciler).Reconcile\n\tgithub.com/decisiveai/mdai-operator/internal/controller/mdaihub_controller.go:87\nsigs.k8s.io/controller-runtime/pkg/internal/controller.(*Controller[...]).Reconcile\n\tsigs.k8s.io/controller-runtime@v0.20.4/pkg/internal/controller/controller.go:119\nsigs.k8s.io/controller-runtime/pkg/internal/controller.(*Controller[...]).reconcileHandler\n\tsigs.k8s.io/controller-runtime@v0.20.4/pkg/internal/controller/controller.go:334\nsigs.k8s.io/controller-runtime/pkg/internal/controller.(*Controller[...]).processNextWorkItem\n\tsigs.k8s.io/controller-runtime@v0.20.4/pkg/internal/controller/controller.go:294\nsigs.k8s.io/controller-runtime/pkg/internal/controller.(*Controller[...]).Start.func2.2\n\tsigs.k8s.io/controller-runtime@v0.20.4/pkg/internal/controller/controller.go:255"}
{"level":"info","timestamp":"2026-02-27T05:33:32.073Z","msg":"AUDIT: Triggering restart of OpenTelemetry Collector","controller":"mdaihub","controllerGroup":"hub.mydecisive.ai","controllerKind":"MdaiHub","MdaiHub":{"name":"mdaihub","namespace":"mdai"},"namespace":"mdai","name":"mdaihub","reconcileID":"0d89021a-d6f6-484e-9c05-823824ec4607","mdai-logstream":"audit","type":"collector_restart","timestamp":"2026-02-27T05:33:32Z","hub_name":"mdaihub","FIELDS_TO_HASH":"","FIELDS_TO_REDACT":""}
{"level":"info","timestamp":"2026-02-27T05:33:32.073Z","msg":"Triggering restart of OpenTelemetry Collector","controller":"mdaihub","controllerGroup":"hub.mydecisive.ai","controllerKind":"MdaiHub","MdaiHub":{"name":"mdaihub","namespace":"mdai"},"namespace":"mdai","name":"mdaihub","reconcileID":"0d89021a-d6f6-484e-9c05-823824ec4607","name":"gateway-pii"}
{"level":"warn","timestamp":"2026-02-27T05:33:32.079Z","msg":"VALKEY_AUDIT_STREAM_EXPIRY_MS is deprecated; use VALKEY_AUDIT_STREAM_RETENTION","retention":2592000,"stacktrace":"github.com/decisiveai/mdai-data-core/audit.getStreamRetention\n\tgithub.com/decisiveai/mdai-data-core@v0.2.9/audit/adapter.go:241\ngithub.com/decisiveai/mdai-data-core/audit.NewAuditAdapter\n\tgithub.com/decisiveai/mdai-data-core@v0.2.9/audit/adapter.go:54\ngithub.com/decisiveai/mdai-operator/internal/controller.HubAdapter.restartCollectorAndAudit\n\tgithub.com/decisiveai/mdai-operator/internal/controller/hub_adapter.go:427\ngithub.com/decisiveai/mdai-operator/internal/controller.HubAdapter.syncComputedConfigMapsAndRestart\n\tgithub.com/decisiveai/mdai-operator/internal/controller/hub_adapter.go:458\ngithub.com/decisiveai/mdai-operator/internal/controller.HubAdapter.ensureVariableSynchronized\n\tgithub.com/decisiveai/mdai-operator/internal/controller/hub_adapter.go:507\ngithub.com/decisiveai/mdai-operator/internal/controller.(*MdaiHubReconciler).ReconcileHandler\n\tgithub.com/decisiveai/mdai-operator/internal/controller/mdaihub_controller.go:113\ngithub.com/decisiveai/mdai-operator/internal/controller.(*MdaiHubReconciler).Reconcile\n\tgithub.com/decisiveai/mdai-operator/internal/controller/mdaihub_controller.go:87\nsigs.k8s.io/controller-runtime/pkg/internal/controller.(*Controller[...]).Reconcile\n\tsigs.k8s.io/controller-runtime@v0.20.4/pkg/internal/controller/controller.go:119\nsigs.k8s.io/controller-runtime/pkg/internal/controller.(*Controller[...]).reconcileHandler\n\tsigs.k8s.io/controller-runtime@v0.20.4/pkg/internal/controller/controller.go:334\nsigs.k8s.io/controller-runtime/pkg/internal/controller.(*Controller[...]).processNextWorkItem\n\tsigs.k8s.io/controller-runtime@v0.20.4/pkg/internal/controller/controller.go:294\nsigs.k8s.io/controller-runtime/pkg/internal/controller.(*Controller[...]).Start.func2.2\n\tsigs.k8s.io/controller-runtime@v0.20.4/pkg/internal/controller/controller.go:255"}
{"level":"info","timestamp":"2026-02-27T05:33:32.079Z","msg":"AUDIT: Triggering restart of OpenTelemetry Collector","controller":"mdaihub","controllerGroup":"hub.mydecisive.ai","controllerKind":"MdaiHub","MdaiHub":{"name":"mdaihub","namespace":"mdai"},"namespace":"mdai","name":"mdaihub","reconcileID":"0d89021a-d6f6-484e-9c05-823824ec4607","mdai-logstream":"audit","timestamp":"2026-02-27T05:33:32Z","hub_name":"mdaihub","FIELDS_TO_REDACT":"","FIELDS_TO_HASH":"","type":"collector_restart"}
{"level":"info","timestamp":"2026-02-27T05:33:32.081Z","msg":"Status set to done for mdai hub","controller":"mdaihub","controllerGroup":"hub.mydecisive.ai","controllerKind":"MdaiHub","MdaiHub":{"name":"mdaihub","namespace":"mdai"},"namespace":"mdai","name":"mdaihub","reconcileID":"0d89021a-d6f6-484e-9c05-823824ec4607","mdaiHub":"mdaihub"}
{"level":"info","timestamp":"2026-02-27T05:33:32.081Z","msg":"-- Finished MdaiHub reconciliation --","controller":"mdaihub","controllerGroup":"hub.mydecisive.ai","controllerKind":"MdaiHub","MdaiHub":{"name":"mdaihub","namespace":"mdai"},"namespace":"mdai","name":"mdaihub","reconcileID":"0d89021a-d6f6-484e-9c05-823824ec4607"}
{"level":"info","timestamp":"2026-02-27T06:11:34.320Z","logger":"mdaihub-resource","msg":"Defaulting for MdaiHub","name":"mdaihub"}
{"level":"info","timestamp":"2026-02-27T06:11:34.321Z","logger":"mdaihub-resource","msg":"Defaulting for MdaiHub","name":"mdaihub"}
{"level":"info","timestamp":"2026-02-27T06:11:34.323Z","logger":"mdaihub-resource","msg":"Validation for MdaiHub upon update","name":"mdaihub"}
{"level":"info","timestamp":"2026-02-27T06:11:34.323Z","logger":"mdaihub-resource","msg":"Validation for MdaiHub upon update","name":"mdaihub"}
{"level":"info","timestamp":"2026-02-27T06:11:34.324Z","msg":"-- Starting MdaiHub reconciliation --","controller":"mdaihub","controllerGroup":"hub.mydecisive.ai","controllerKind":"MdaiHub","MdaiHub":{"name":"mdaihub","namespace":"mdai"},"namespace":"mdai","name":"mdaihub","reconcileID":"6e4ea157-8a7c-4c42-bec1-4540bf0f27df","namespace":{"name":"mdaihub","namespace":"mdai"},"name":"mdaihub"}
{"level":"info","timestamp":"2026-02-27T06:11:34.324Z","msg":"EnsurePrometheusRuleSynchronized","controller":"mdaihub","controllerGroup":"hub.mydecisive.ai","controllerKind":"MdaiHub","MdaiHub":{"name":"mdaihub","namespace":"mdai"},"namespace":"mdai","name":"mdaihub","reconcileID":"6e4ea157-8a7c-4c42-bec1-4540bf0f27df"}
{"level":"info","timestamp":"2026-02-27T06:11:34.324Z","msg":"No evaluations found, skipping PrometheusRule creation","controller":"mdaihub","controllerGroup":"hub.mydecisive.ai","controllerKind":"MdaiHub","MdaiHub":{"name":"mdaihub","namespace":"mdai"},"namespace":"mdai","name":"mdaihub","reconcileID":"6e4ea157-8a7c-4c42-bec1-4540bf0f27df"}
{"level":"info","timestamp":"2026-02-27T06:11:34.324Z","msg":"No automations defined in the MDAI CR","controller":"mdaihub","controllerGroup":"hub.mydecisive.ai","controllerKind":"MdaiHub","MdaiHub":{"name":"mdaihub","namespace":"mdai"},"namespace":"mdai","name":"mdaihub","reconcileID":"6e4ea157-8a7c-4c42-bec1-4540bf0f27df","name":"mdaihub"}
{"level":"info","timestamp":"2026-02-27T06:11:34.324Z","msg":"Deleting ConfigMap","controller":"mdaihub","controllerGroup":"hub.mydecisive.ai","controllerKind":"MdaiHub","MdaiHub":{"name":"mdaihub","namespace":"mdai"},"namespace":"mdai","name":"mdaihub","reconcileID":"6e4ea157-8a7c-4c42-bec1-4540bf0f27df","name":"mdaihub-automation","namespace":"mdai"}
{"level":"info","timestamp":"2026-02-27T06:11:34.326Z","msg":"ConfigMap not found, skipping deletion","controller":"mdaihub","controllerGroup":"hub.mydecisive.ai","controllerKind":"MdaiHub","MdaiHub":{"name":"mdaihub","namespace":"mdai"},"namespace":"mdai","name":"mdaihub","reconcileID":"6e4ea157-8a7c-4c42-bec1-4540bf0f27df","name":"mdaihub-automation","namespace":"mdai"}
{"level":"info","timestamp":"2026-02-27T06:11:34.326Z","msg":"No variables found in the CR, skipping variable synchronization","controller":"mdaihub","controllerGroup":"hub.mydecisive.ai","controllerKind":"MdaiHub","MdaiHub":{"name":"mdaihub","namespace":"mdai"},"namespace":"mdai","name":"mdaihub","reconcileID":"6e4ea157-8a7c-4c42-bec1-4540bf0f27df"}
{"level":"info","timestamp":"2026-02-27T06:11:34.326Z","logger":"mdaihub-resource","msg":"Defaulting for MdaiHub","name":"mdaihub"}
{"level":"info","timestamp":"2026-02-27T06:11:34.327Z","msg":"Status set to done for mdai hub","controller":"mdaihub","controllerGroup":"hub.mydecisive.ai","controllerKind":"MdaiHub","MdaiHub":{"name":"mdaihub","namespace":"mdai"},"namespace":"mdai","name":"mdaihub","reconcileID":"6e4ea157-8a7c-4c42-bec1-4540bf0f27df","mdaiHub":"mdaihub"}
{"level":"info","timestamp":"2026-02-27T06:11:34.327Z","msg":"-- Finished MdaiHub reconciliation --","controller":"mdaihub","controllerGroup":"hub.mydecisive.ai","controllerKind":"MdaiHub","MdaiHub":{"name":"mdaihub","namespace":"mdai"},"namespace":"mdai","name":"mdaihub","reconcileID":"6e4ea157-8a7c-4c42-bec1-4540bf0f27df"}
{"level":"info","timestamp":"2026-02-27T06:11:34.327Z","logger":"mdaihub-resource","msg":"Validation for MdaiHub upon update","name":"mdaihub"}
{"level":"info","timestamp":"2026-02-27T06:11:34.328Z","msg":"-- Starting MdaiHub reconciliation --","controller":"mdaihub","controllerGroup":"hub.mydecisive.ai","controllerKind":"MdaiHub","MdaiHub":{"name":"mdaihub","namespace":"mdai"},"namespace":"mdai","name":"mdaihub","reconcileID":"747ad95d-6f4d-488d-9b40-9a9329af7778","namespace":{"name":"mdaihub","namespace":"mdai"},"name":"mdaihub"}
{"level":"info","timestamp":"2026-02-27T06:11:34.328Z","msg":"EnsurePrometheusRuleSynchronized","controller":"mdaihub","controllerGroup":"hub.mydecisive.ai","controllerKind":"MdaiHub","MdaiHub":{"name":"mdaihub","namespace":"mdai"},"namespace":"mdai","name":"mdaihub","reconcileID":"747ad95d-6f4d-488d-9b40-9a9329af7778"}
{"level":"info","timestamp":"2026-02-27T06:11:34.334Z","msg":"Created new PrometheusRule","controller":"mdaihub","controllerGroup":"hub.mydecisive.ai","controllerKind":"MdaiHub","MdaiHub":{"name":"mdaihub","namespace":"mdai"},"namespace":"mdai","name":"mdaihub","reconcileID":"747ad95d-6f4d-488d-9b40-9a9329af7778","prometheus_rule_name":"mdai-mdaihub-alert-rules"}
{"level":"info","timestamp":"2026-02-27T06:11:34.340Z","msg":"Creating or updating ConfigMap for automations","controller":"mdaihub","controllerGroup":"hub.mydecisive.ai","controllerKind":"MdaiHub","MdaiHub":{"name":"mdaihub","namespace":"mdai"},"namespace":"mdai","name":"mdaihub","reconcileID":"747ad95d-6f4d-488d-9b40-9a9329af7778","name":"mdaihub"}
{"level":"info","timestamp":"2026-02-27T06:11:34.342Z","msg":"<CreateFunc> mdaihub-automation ignored"}
{"level":"info","timestamp":"2026-02-27T06:11:34.342Z","msg":"Successfully created or updated ConfigMap","controller":"mdaihub","controllerGroup":"hub.mydecisive.ai","controllerKind":"MdaiHub","MdaiHub":{"name":"mdaihub","namespace":"mdai"},"namespace":"mdai","name":"mdaihub","reconcileID":"747ad95d-6f4d-488d-9b40-9a9329af7778","name":"mdaihub-automation","namespace":"mdai","operation":"created"}
{"level":"info","timestamp":"2026-02-27T06:11:34.342Z","msg":"Successfully created ConfigMap for automations","controller":"mdaihub","controllerGroup":"hub.mydecisive.ai","controllerKind":"MdaiHub","MdaiHub":{"name":"mdaihub","namespace":"mdai"},"namespace":"mdai","name":"mdaihub","reconcileID":"747ad95d-6f4d-488d-9b40-9a9329af7778","name":"mdaihub"}
{"level":"info","timestamp":"2026-02-27T06:11:34.342Z","msg":"Processing variable","controller":"mdaihub","controllerGroup":"hub.mydecisive.ai","controllerKind":"MdaiHub","MdaiHub":{"name":"mdaihub","namespace":"mdai"},"namespace":"mdai","name":"mdaihub","reconcileID":"747ad95d-6f4d-488d-9b40-9a9329af7778","key":"service_list"}
{"level":"info","timestamp":"2026-02-27T06:11:34.342Z","msg":"Data received for variable/mdaihub/service_list: []"}
{"level":"info","timestamp":"2026-02-27T06:11:34.342Z","msg":"Processing variable","controller":"mdaihub","controllerGroup":"hub.mydecisive.ai","controllerKind":"MdaiHub","MdaiHub":{"name":"mdaihub","namespace":"mdai"},"namespace":"mdai","name":"mdaihub","reconcileID":"747ad95d-6f4d-488d-9b40-9a9329af7778","key":"alerting_data_type"}
{"level":"info","timestamp":"2026-02-27T06:11:34.342Z","msg":"No value found in storage","key":"variable/mdaihub/alerting_data_type"}
{"level":"info","timestamp":"2026-02-27T06:11:34.342Z","msg":"Processing variable","controller":"mdaihub","controllerGroup":"hub.mydecisive.ai","controllerKind":"MdaiHub","MdaiHub":{"name":"mdaihub","namespace":"mdai"},"namespace":"mdai","name":"mdaihub","reconcileID":"747ad95d-6f4d-488d-9b40-9a9329af7778","key":"alerting_triggered"}
{"level":"info","timestamp":"2026-02-27T06:11:34.342Z","msg":"No value found in storage","key":"variable/mdaihub/alerting_triggered"}
{"level":"info","timestamp":"2026-02-27T06:11:34.342Z","msg":"Deleting old valkey keys","controller":"mdaihub","controllerGroup":"hub.mydecisive.ai","controllerKind":"MdaiHub","MdaiHub":{"name":"mdaihub","namespace":"mdai"},"namespace":"mdai","name":"mdaihub","reconcileID":"747ad95d-6f4d-488d-9b40-9a9329af7778","valkeyKeysToKeep":{"alerting_data_type":{},"alerting_triggered":{},"service_list":{}}}
{"level":"info","timestamp":"2026-02-27T06:11:34.343Z","msg":"No manual variables defined in the MDAI CR","controller":"mdaihub","controllerGroup":"hub.mydecisive.ai","controllerKind":"MdaiHub","MdaiHub":{"name":"mdaihub","namespace":"mdai"},"namespace":"mdai","name":"mdaihub","reconcileID":"747ad95d-6f4d-488d-9b40-9a9329af7778","name":"mdaihub"}
{"level":"info","timestamp":"2026-02-27T06:11:34.343Z","msg":"Deleting ConfigMap","controller":"mdaihub","controllerGroup":"hub.mydecisive.ai","controllerKind":"MdaiHub","MdaiHub":{"name":"mdaihub","namespace":"mdai"},"namespace":"mdai","name":"mdaihub","reconcileID":"747ad95d-6f4d-488d-9b40-9a9329af7778","name":"mdaihub-manual-variables","namespace":"mdai"}
{"level":"info","timestamp":"2026-02-27T06:11:34.346Z","msg":"<DeleteFunc> mdaihub-manual-variables ignored"}
{"level":"info","timestamp":"2026-02-27T06:11:34.347Z","msg":"<UpdateFunc> mdaihub-variables shouldReconcile: false"}
{"level":"info","timestamp":"2026-02-27T06:11:34.347Z","msg":"Successfully created or updated ConfigMap","controller":"mdaihub","controllerGroup":"hub.mydecisive.ai","controllerKind":"MdaiHub","MdaiHub":{"name":"mdaihub","namespace":"mdai"},"namespace":"mdai","name":"mdaihub","reconcileID":"747ad95d-6f4d-488d-9b40-9a9329af7778","name":"mdaihub-variables","namespace":"mdai","operation":"updated"}
{"level":"info","timestamp":"2026-02-27T06:11:34.347Z","msg":"Successfully created or updated ConfigMap","controller":"mdaihub","controllerGroup":"hub.mydecisive.ai","controllerKind":"MdaiHub","MdaiHub":{"name":"mdaihub","namespace":"mdai"},"namespace":"mdai","name":"mdaihub","reconcileID":"747ad95d-6f4d-488d-9b40-9a9329af7778","name":"mdaihub-variables","namespace":"mdai","operation":"unchanged"}
{"level":"info","timestamp":"2026-02-27T06:11:34.347Z","msg":"Successfully created or updated ConfigMap","controller":"mdaihub","controllerGroup":"hub.mydecisive.ai","controllerKind":"MdaiHub","MdaiHub":{"name":"mdaihub","namespace":"mdai"},"namespace":"mdai","name":"mdaihub","reconcileID":"747ad95d-6f4d-488d-9b40-9a9329af7778","name":"mdaihub-variables","namespace":"mdai","operation":"unchanged"}
{"level":"info","timestamp":"2026-02-27T06:11:34.347Z","msg":"Triggering restart of OpenTelemetry Collector","controller":"mdaihub","controllerGroup":"hub.mydecisive.ai","controllerKind":"MdaiHub","MdaiHub":{"name":"mdaihub","namespace":"mdai"},"namespace":"mdai","name":"mdaihub","reconcileID":"747ad95d-6f4d-488d-9b40-9a9329af7778","name":"gateway-datadog"}
{"level":"warn","timestamp":"2026-02-27T06:11:34.356Z","msg":"VALKEY_AUDIT_STREAM_EXPIRY_MS is deprecated; use VALKEY_AUDIT_STREAM_RETENTION","retention":2592000,"stacktrace":"github.com/decisiveai/mdai-data-core/audit.getStreamRetention\n\tgithub.com/decisiveai/mdai-data-core@v0.2.9/audit/adapter.go:241\ngithub.com/decisiveai/mdai-data-core/audit.NewAuditAdapter\n\tgithub.com/decisiveai/mdai-data-core@v0.2.9/audit/adapter.go:54\ngithub.com/decisiveai/mdai-operator/internal/controller.HubAdapter.restartCollectorAndAudit\n\tgithub.com/decisiveai/mdai-operator/internal/controller/hub_adapter.go:427\ngithub.com/decisiveai/mdai-operator/internal/controller.HubAdapter.syncComputedConfigMapsAndRestart\n\tgithub.com/decisiveai/mdai-operator/internal/controller/hub_adapter.go:458\ngithub.com/decisiveai/mdai-operator/internal/controller.HubAdapter.ensureVariableSynchronized\n\tgithub.com/decisiveai/mdai-operator/internal/controller/hub_adapter.go:507\ngithub.com/decisiveai/mdai-operator/internal/controller.(*MdaiHubReconciler).ReconcileHandler\n\tgithub.com/decisiveai/mdai-operator/internal/controller/mdaihub_controller.go:113\ngithub.com/decisiveai/mdai-operator/internal/controller.(*MdaiHubReconciler).Reconcile\n\tgithub.com/decisiveai/mdai-operator/internal/controller/mdaihub_controller.go:87\nsigs.k8s.io/controller-runtime/pkg/internal/controller.(*Controller[...]).Reconcile\n\tsigs.k8s.io/controller-runtime@v0.20.4/pkg/internal/controller/controller.go:119\nsigs.k8s.io/controller-runtime/pkg/internal/controller.(*Controller[...]).reconcileHandler\n\tsigs.k8s.io/controller-runtime@v0.20.4/pkg/internal/controller/controller.go:334\nsigs.k8s.io/controller-runtime/pkg/internal/controller.(*Controller[...]).processNextWorkItem\n\tsigs.k8s.io/controller-runtime@v0.20.4/pkg/internal/controller/controller.go:294\nsigs.k8s.io/controller-runtime/pkg/internal/controller.(*Controller[...]).Start.func2.2\n\tsigs.k8s.io/controller-runtime@v0.20.4/pkg/internal/controller/controller.go:255"}
{"level":"info","timestamp":"2026-02-27T06:11:34.357Z","msg":"AUDIT: Triggering restart of OpenTelemetry Collector","controller":"mdaihub","controllerGroup":"hub.mydecisive.ai","controllerKind":"MdaiHub","MdaiHub":{"name":"mdaihub","namespace":"mdai"},"namespace":"mdai","name":"mdaihub","reconcileID":"747ad95d-6f4d-488d-9b40-9a9329af7778","mdai-logstream":"audit","type":"collector_restart","timestamp":"2026-02-27T06:11:34Z","hub_name":"mdaihub","SERVICE_LIST_REGEX":""}
{"level":"info","timestamp":"2026-02-27T06:11:34.357Z","msg":"Triggering restart of OpenTelemetry Collector","controller":"mdaihub","controllerGroup":"hub.mydecisive.ai","controllerKind":"MdaiHub","MdaiHub":{"name":"mdaihub","namespace":"mdai"},"namespace":"mdai","name":"mdaihub","reconcileID":"747ad95d-6f4d-488d-9b40-9a9329af7778","name":"gateway-dynamic-filtration"}
{"level":"warn","timestamp":"2026-02-27T06:11:34.365Z","msg":"VALKEY_AUDIT_STREAM_EXPIRY_MS is deprecated; use VALKEY_AUDIT_STREAM_RETENTION","retention":2592000,"stacktrace":"github.com/decisiveai/mdai-data-core/audit.getStreamRetention\n\tgithub.com/decisiveai/mdai-data-core@v0.2.9/audit/adapter.go:241\ngithub.com/decisiveai/mdai-data-core/audit.NewAuditAdapter\n\tgithub.com/decisiveai/mdai-data-core@v0.2.9/audit/adapter.go:54\ngithub.com/decisiveai/mdai-operator/internal/controller.HubAdapter.restartCollectorAndAudit\n\tgithub.com/decisiveai/mdai-operator/internal/controller/hub_adapter.go:427\ngithub.com/decisiveai/mdai-operator/internal/controller.HubAdapter.syncComputedConfigMapsAndRestart\n\tgithub.com/decisiveai/mdai-operator/internal/controller/hub_adapter.go:458\ngithub.com/decisiveai/mdai-operator/internal/controller.HubAdapter.ensureVariableSynchronized\n\tgithub.com/decisiveai/mdai-operator/internal/controller/hub_adapter.go:507\ngithub.com/decisiveai/mdai-operator/internal/controller.(*MdaiHubReconciler).ReconcileHandler\n\tgithub.com/decisiveai/mdai-operator/internal/controller/mdaihub_controller.go:113\ngithub.com/decisiveai/mdai-operator/internal/controller.(*MdaiHubReconciler).Reconcile\n\tgithub.com/decisiveai/mdai-operator/internal/controller/mdaihub_controller.go:87\nsigs.k8s.io/controller-runtime/pkg/internal/controller.(*Controller[...]).Reconcile\n\tsigs.k8s.io/controller-runtime@v0.20.4/pkg/internal/controller/controller.go:119\nsigs.k8s.io/controller-runtime/pkg/internal/controller.(*Controller[...]).reconcileHandler\n\tsigs.k8s.io/controller-runtime@v0.20.4/pkg/internal/controller/controller.go:334\nsigs.k8s.io/controller-runtime/pkg/internal/controller.(*Controller[...]).processNextWorkItem\n\tsigs.k8s.io/controller-runtime@v0.20.4/pkg/internal/controller/controller.go:294\nsigs.k8s.io/controller-runtime/pkg/internal/controller.(*Controller[...]).Start.func2.2\n\tsigs.k8s.io/controller-runtime@v0.20.4/pkg/internal/controller/controller.go:255"}
{"level":"info","timestamp":"2026-02-27T06:11:34.365Z","msg":"AUDIT: Triggering restart of OpenTelemetry Collector","controller":"mdaihub","controllerGroup":"hub.mydecisive.ai","controllerKind":"MdaiHub","MdaiHub":{"name":"mdaihub","namespace":"mdai"},"namespace":"mdai","name":"mdaihub","reconcileID":"747ad95d-6f4d-488d-9b40-9a9329af7778","mdai-logstream":"audit","hub_name":"mdaihub","SERVICE_LIST_REGEX":"","type":"collector_restart","timestamp":"2026-02-27T06:11:34Z"}
{"level":"info","timestamp":"2026-02-27T06:11:34.365Z","msg":"Triggering restart of OpenTelemetry Collector","controller":"mdaihub","controllerGroup":"hub.mydecisive.ai","controllerKind":"MdaiHub","MdaiHub":{"name":"mdaihub","namespace":"mdai"},"namespace":"mdai","name":"mdaihub","reconcileID":"747ad95d-6f4d-488d-9b40-9a9329af7778","name":"gateway-pii"}
{"level":"warn","timestamp":"2026-02-27T06:11:34.373Z","msg":"VALKEY_AUDIT_STREAM_EXPIRY_MS is deprecated; use VALKEY_AUDIT_STREAM_RETENTION","retention":2592000,"stacktrace":"github.com/decisiveai/mdai-data-core/audit.getStreamRetention\n\tgithub.com/decisiveai/mdai-data-core@v0.2.9/audit/adapter.go:241\ngithub.com/decisiveai/mdai-data-core/audit.NewAuditAdapter\n\tgithub.com/decisiveai/mdai-data-core@v0.2.9/audit/adapter.go:54\ngithub.com/decisiveai/mdai-operator/internal/controller.HubAdapter.restartCollectorAndAudit\n\tgithub.com/decisiveai/mdai-operator/internal/controller/hub_adapter.go:427\ngithub.com/decisiveai/mdai-operator/internal/controller.HubAdapter.syncComputedConfigMapsAndRestart\n\tgithub.com/decisiveai/mdai-operator/internal/controller/hub_adapter.go:458\ngithub.com/decisiveai/mdai-operator/internal/controller.HubAdapter.ensureVariableSynchronized\n\tgithub.com/decisiveai/mdai-operator/internal/controller/hub_adapter.go:507\ngithub.com/decisiveai/mdai-operator/internal/controller.(*MdaiHubReconciler).ReconcileHandler\n\tgithub.com/decisiveai/mdai-operator/internal/controller/mdaihub_controller.go:113\ngithub.com/decisiveai/mdai-operator/internal/controller.(*MdaiHubReconciler).Reconcile\n\tgithub.com/decisiveai/mdai-operator/internal/controller/mdaihub_controller.go:87\nsigs.k8s.io/controller-runtime/pkg/internal/controller.(*Controller[...]).Reconcile\n\tsigs.k8s.io/controller-runtime@v0.20.4/pkg/internal/controller/controller.go:119\nsigs.k8s.io/controller-runtime/pkg/internal/controller.(*Controller[...]).reconcileHandler\n\tsigs.k8s.io/controller-runtime@v0.20.4/pkg/internal/controller/controller.go:334\nsigs.k8s.io/controller-runtime/pkg/internal/controller.(*Controller[...]).processNextWorkItem\n\tsigs.k8s.io/controller-runtime@v0.20.4/pkg/internal/controller/controller.go:294\nsigs.k8s.io/controller-runtime/pkg/internal/controller.(*Controller[...]).Start.func2.2\n\tsigs.k8s.io/controller-runtime@v0.20.4/pkg/internal/controller/controller.go:255"}
{"level":"info","timestamp":"2026-02-27T06:11:34.373Z","msg":"AUDIT: Triggering restart of OpenTelemetry Collector","controller":"mdaihub","controllerGroup":"hub.mydecisive.ai","controllerKind":"MdaiHub","MdaiHub":{"name":"mdaihub","namespace":"mdai"},"namespace":"mdai","name":"mdaihub","reconcileID":"747ad95d-6f4d-488d-9b40-9a9329af7778","mdai-logstream":"audit","type":"collector_restart","timestamp":"2026-02-27T06:11:34Z","hub_name":"mdaihub","SERVICE_LIST_REGEX":""}
{"level":"info","timestamp":"2026-02-27T06:11:34.376Z","msg":"Status set to done for mdai hub","controller":"mdaihub","controllerGroup":"hub.mydecisive.ai","controllerKind":"MdaiHub","MdaiHub":{"name":"mdaihub","namespace":"mdai"},"namespace":"mdai","name":"mdaihub","reconcileID":"747ad95d-6f4d-488d-9b40-9a9329af7778","mdaiHub":"mdaihub"}
{"level":"info","timestamp":"2026-02-27T06:11:34.376Z","msg":"-- Finished MdaiHub reconciliation --","controller":"mdaihub","controllerGroup":"hub.mydecisive.ai","controllerKind":"MdaiHub","MdaiHub":{"name":"mdaihub","namespace":"mdai"},"namespace":"mdai","name":"mdaihub","reconcileID":"747ad95d-6f4d-488d-9b40-9a9329af7778"}
{"level":"info","timestamp":"2026-02-27T06:11:34.424Z","logger":"mdaihub-resource","msg":"Defaulting for MdaiHub","name":"mdaihub"}
{"level":"info","timestamp":"2026-02-27T06:11:34.426Z","logger":"mdaihub-resource","msg":"Validation for MdaiHub upon update","name":"mdaihub"}
{"level":"info","timestamp":"2026-02-27T06:11:34.428Z","msg":"-- Starting MdaiHub reconciliation --","controller":"mdaihub","controllerGroup":"hub.mydecisive.ai","controllerKind":"MdaiHub","MdaiHub":{"name":"mdaihub","namespace":"mdai"},"namespace":"mdai","name":"mdaihub","reconcileID":"2a8fac80-ce35-4718-aa90-4ea654206afb","namespace":{"name":"mdaihub","namespace":"mdai"},"name":"mdaihub"}
{"level":"info","timestamp":"2026-02-27T06:11:34.428Z","msg":"EnsurePrometheusRuleSynchronized","controller":"mdaihub","controllerGroup":"hub.mydecisive.ai","controllerKind":"MdaiHub","MdaiHub":{"name":"mdaihub","namespace":"mdai"},"namespace":"mdai","name":"mdaihub","reconcileID":"2a8fac80-ce35-4718-aa90-4ea654206afb"}
{"level":"info","timestamp":"2026-02-27T06:11:34.428Z","msg":"No evaluations found, skipping PrometheusRule creation","controller":"mdaihub","controllerGroup":"hub.mydecisive.ai","controllerKind":"MdaiHub","MdaiHub":{"name":"mdaihub","namespace":"mdai"},"namespace":"mdai","name":"mdaihub","reconcileID":"2a8fac80-ce35-4718-aa90-4ea654206afb"}
{"level":"info","timestamp":"2026-02-27T06:11:34.428Z","msg":"Removing existing rules","controller":"mdaihub","controllerGroup":"hub.mydecisive.ai","controllerKind":"MdaiHub","MdaiHub":{"name":"mdaihub","namespace":"mdai"},"namespace":"mdai","name":"mdaihub","reconcileID":"2a8fac80-ce35-4718-aa90-4ea654206afb"}
{"level":"info","timestamp":"2026-02-27T06:11:34.431Z","msg":"Deleted PrometheusRule","controller":"mdaihub","controllerGroup":"hub.mydecisive.ai","controllerKind":"MdaiHub","MdaiHub":{"name":"mdaihub","namespace":"mdai"},"namespace":"mdai","name":"mdaihub","reconcileID":"2a8fac80-ce35-4718-aa90-4ea654206afb","prometheus_rule_name":"mdai-mdaihub-alert-rules"}
{"level":"info","timestamp":"2026-02-27T06:11:34.431Z","msg":"No automations defined in the MDAI CR","controller":"mdaihub","controllerGroup":"hub.mydecisive.ai","controllerKind":"MdaiHub","MdaiHub":{"name":"mdaihub","namespace":"mdai"},"namespace":"mdai","name":"mdaihub","reconcileID":"2a8fac80-ce35-4718-aa90-4ea654206afb","name":"mdaihub"}
{"level":"info","timestamp":"2026-02-27T06:11:34.431Z","msg":"Deleting ConfigMap","controller":"mdaihub","controllerGroup":"hub.mydecisive.ai","controllerKind":"MdaiHub","MdaiHub":{"name":"mdaihub","namespace":"mdai"},"namespace":"mdai","name":"mdaihub","reconcileID":"2a8fac80-ce35-4718-aa90-4ea654206afb","name":"mdaihub-automation","namespace":"mdai"}
{"level":"info","timestamp":"2026-02-27T06:11:34.434Z","msg":"Processing variable","controller":"mdaihub","controllerGroup":"hub.mydecisive.ai","controllerKind":"MdaiHub","MdaiHub":{"name":"mdaihub","namespace":"mdai"},"namespace":"mdai","name":"mdaihub","reconcileID":"2a8fac80-ce35-4718-aa90-4ea654206afb","key":"fields_to_redact"}
{"level":"info","timestamp":"2026-02-27T06:11:34.434Z","msg":"<DeleteFunc> mdaihub-automation ignored"}
{"level":"info","timestamp":"2026-02-27T06:11:34.434Z","msg":"Data received for variable/mdaihub/fields_to_redact: []"}
{"level":"info","timestamp":"2026-02-27T06:11:34.434Z","msg":"Processing variable","controller":"mdaihub","controllerGroup":"hub.mydecisive.ai","controllerKind":"MdaiHub","MdaiHub":{"name":"mdaihub","namespace":"mdai"},"namespace":"mdai","name":"mdaihub","reconcileID":"2a8fac80-ce35-4718-aa90-4ea654206afb","key":"fields_to_hash"}
{"level":"info","timestamp":"2026-02-27T06:11:34.434Z","msg":"Data received for variable/mdaihub/fields_to_hash: []"}
{"level":"info","timestamp":"2026-02-27T06:11:34.434Z","msg":"Processing variable","controller":"mdaihub","controllerGroup":"hub.mydecisive.ai","controllerKind":"MdaiHub","MdaiHub":{"name":"mdaihub","namespace":"mdai"},"namespace":"mdai","name":"mdaihub","reconcileID":"2a8fac80-ce35-4718-aa90-4ea654206afb","key":"email_regex"}
{"level":"info","timestamp":"2026-02-27T06:11:34.434Z","msg":"No value found in storage","key":"variable/mdaihub/email_regex"}
{"level":"info","timestamp":"2026-02-27T06:11:34.434Z","msg":"Processing variable","controller":"mdaihub","controllerGroup":"hub.mydecisive.ai","controllerKind":"MdaiHub","MdaiHub":{"name":"mdaihub","namespace":"mdai"},"namespace":"mdai","name":"mdaihub","reconcileID":"2a8fac80-ce35-4718-aa90-4ea654206afb","key":"cc_regex"}
{"level":"info","timestamp":"2026-02-27T06:11:34.434Z","msg":"No value found in storage","key":"variable/mdaihub/cc_regex"}
{"level":"info","timestamp":"2026-02-27T06:11:34.434Z","msg":"Processing variable","controller":"mdaihub","controllerGroup":"hub.mydecisive.ai","controllerKind":"MdaiHub","MdaiHub":{"name":"mdaihub","namespace":"mdai"},"namespace":"mdai","name":"mdaihub","reconcileID":"2a8fac80-ce35-4718-aa90-4ea654206afb","key":"phone_regex"}
{"level":"info","timestamp":"2026-02-27T06:11:34.434Z","msg":"No value found in storage","key":"variable/mdaihub/phone_regex"}
{"level":"info","timestamp":"2026-02-27T06:11:34.434Z","msg":"Processing variable","controller":"mdaihub","controllerGroup":"hub.mydecisive.ai","controllerKind":"MdaiHub","MdaiHub":{"name":"mdaihub","namespace":"mdai"},"namespace":"mdai","name":"mdaihub","reconcileID":"2a8fac80-ce35-4718-aa90-4ea654206afb","key":"address_regex"}
{"level":"info","timestamp":"2026-02-27T06:11:34.434Z","msg":"No value found in storage","key":"variable/mdaihub/address_regex"}
{"level":"info","timestamp":"2026-02-27T06:11:34.434Z","msg":"Processing variable","controller":"mdaihub","controllerGroup":"hub.mydecisive.ai","controllerKind":"MdaiHub","MdaiHub":{"name":"mdaihub","namespace":"mdai"},"namespace":"mdai","name":"mdaihub","reconcileID":"2a8fac80-ce35-4718-aa90-4ea654206afb","key":"ssn_regex"}
{"level":"info","timestamp":"2026-02-27T06:11:34.435Z","msg":"No value found in storage","key":"variable/mdaihub/ssn_regex"}
{"level":"info","timestamp":"2026-02-27T06:11:34.435Z","msg":"Processing variable","controller":"mdaihub","controllerGroup":"hub.mydecisive.ai","controllerKind":"MdaiHub","MdaiHub":{"name":"mdaihub","namespace":"mdai"},"namespace":"mdai","name":"mdaihub","reconcileID":"2a8fac80-ce35-4718-aa90-4ea654206afb","key":"name_regex"}
{"level":"info","timestamp":"2026-02-27T06:11:34.435Z","msg":"No value found in storage","key":"variable/mdaihub/name_regex"}
{"level":"info","timestamp":"2026-02-27T06:11:34.435Z","msg":"Processing variable","controller":"mdaihub","controllerGroup":"hub.mydecisive.ai","controllerKind":"MdaiHub","MdaiHub":{"name":"mdaihub","namespace":"mdai"},"namespace":"mdai","name":"mdaihub","reconcileID":"2a8fac80-ce35-4718-aa90-4ea654206afb","key":"email_template"}
{"level":"info","timestamp":"2026-02-27T06:11:34.436Z","msg":"No value found in storage","key":"variable/mdaihub/email_template"}
{"level":"info","timestamp":"2026-02-27T06:11:34.436Z","msg":"Processing variable","controller":"mdaihub","controllerGroup":"hub.mydecisive.ai","controllerKind":"MdaiHub","MdaiHub":{"name":"mdaihub","namespace":"mdai"},"namespace":"mdai","name":"mdaihub","reconcileID":"2a8fac80-ce35-4718-aa90-4ea654206afb","key":"cc_template"}
{"level":"info","timestamp":"2026-02-27T06:11:34.436Z","msg":"No value found in storage","key":"variable/mdaihub/cc_template"}
{"level":"info","timestamp":"2026-02-27T06:11:34.436Z","msg":"Processing variable","controller":"mdaihub","controllerGroup":"hub.mydecisive.ai","controllerKind":"MdaiHub","MdaiHub":{"name":"mdaihub","namespace":"mdai"},"namespace":"mdai","name":"mdaihub","reconcileID":"2a8fac80-ce35-4718-aa90-4ea654206afb","key":"phone_template"}
{"level":"info","timestamp":"2026-02-27T06:11:34.436Z","msg":"No value found in storage","key":"variable/mdaihub/phone_template"}
{"level":"info","timestamp":"2026-02-27T06:11:34.436Z","msg":"Processing variable","controller":"mdaihub","controllerGroup":"hub.mydecisive.ai","controllerKind":"MdaiHub","MdaiHub":{"name":"mdaihub","namespace":"mdai"},"namespace":"mdai","name":"mdaihub","reconcileID":"2a8fac80-ce35-4718-aa90-4ea654206afb","key":"address_template"}
{"level":"info","timestamp":"2026-02-27T06:11:34.436Z","msg":"No value found in storage","key":"variable/mdaihub/address_template"}
{"level":"info","timestamp":"2026-02-27T06:11:34.436Z","msg":"Processing variable","controller":"mdaihub","controllerGroup":"hub.mydecisive.ai","controllerKind":"MdaiHub","MdaiHub":{"name":"mdaihub","namespace":"mdai"},"namespace":"mdai","name":"mdaihub","reconcileID":"2a8fac80-ce35-4718-aa90-4ea654206afb","key":"ssn_template"}
{"level":"info","timestamp":"2026-02-27T06:11:34.436Z","msg":"No value found in storage","key":"variable/mdaihub/ssn_template"}
{"level":"info","timestamp":"2026-02-27T06:11:34.436Z","msg":"Processing variable","controller":"mdaihub","controllerGroup":"hub.mydecisive.ai","controllerKind":"MdaiHub","MdaiHub":{"name":"mdaihub","namespace":"mdai"},"namespace":"mdai","name":"mdaihub","reconcileID":"2a8fac80-ce35-4718-aa90-4ea654206afb","key":"name_template"}
{"level":"info","timestamp":"2026-02-27T06:11:34.436Z","msg":"No value found in storage","key":"variable/mdaihub/name_template"}
{"level":"info","timestamp":"2026-02-27T06:11:34.436Z","msg":"Deleting old valkey keys","controller":"mdaihub","controllerGroup":"hub.mydecisive.ai","controllerKind":"MdaiHub","MdaiHub":{"name":"mdaihub","namespace":"mdai"},"namespace":"mdai","name":"mdaihub","reconcileID":"2a8fac80-ce35-4718-aa90-4ea654206afb","valkeyKeysToKeep":{"address_regex":{},"address_template":{},"cc_regex":{},"cc_template":{},"email_regex":{},"email_template":{},"fields_to_hash":{},"fields_to_redact":{},"name_regex":{},"name_template":{},"phone_regex":{},"phone_template":{},"ssn_regex":{},"ssn_template":{}}}
{"level":"info","timestamp":"2026-02-27T06:11:34.438Z","msg":"<CreateFunc> mdaihub-manual-variables ignored"}
{"level":"info","timestamp":"2026-02-27T06:11:34.438Z","msg":"Successfully created or updated ConfigMap","controller":"mdaihub","controllerGroup":"hub.mydecisive.ai","controllerKind":"MdaiHub","MdaiHub":{"name":"mdaihub","namespace":"mdai"},"namespace":"mdai","name":"mdaihub","reconcileID":"2a8fac80-ce35-4718-aa90-4ea654206afb","name":"mdaihub-manual-variables","namespace":"mdai","operation":"created"}
{"level":"info","timestamp":"2026-02-27T06:11:34.440Z","msg":"<UpdateFunc> mdaihub-variables shouldReconcile: false"}
{"level":"info","timestamp":"2026-02-27T06:11:34.440Z","msg":"Successfully created or updated ConfigMap","controller":"mdaihub","controllerGroup":"hub.mydecisive.ai","controllerKind":"MdaiHub","MdaiHub":{"name":"mdaihub","namespace":"mdai"},"namespace":"mdai","name":"mdaihub","reconcileID":"2a8fac80-ce35-4718-aa90-4ea654206afb","name":"mdaihub-variables","namespace":"mdai","operation":"updated"}
{"level":"info","timestamp":"2026-02-27T06:11:34.440Z","msg":"Successfully created or updated ConfigMap","controller":"mdaihub","controllerGroup":"hub.mydecisive.ai","controllerKind":"MdaiHub","MdaiHub":{"name":"mdaihub","namespace":"mdai"},"namespace":"mdai","name":"mdaihub","reconcileID":"2a8fac80-ce35-4718-aa90-4ea654206afb","name":"mdaihub-variables","namespace":"mdai","operation":"unchanged"}
{"level":"info","timestamp":"2026-02-27T06:11:34.440Z","msg":"Successfully created or updated ConfigMap","controller":"mdaihub","controllerGroup":"hub.mydecisive.ai","controllerKind":"MdaiHub","MdaiHub":{"name":"mdaihub","namespace":"mdai"},"namespace":"mdai","name":"mdaihub","reconcileID":"2a8fac80-ce35-4718-aa90-4ea654206afb","name":"mdaihub-variables","namespace":"mdai","operation":"unchanged"}
{"level":"info","timestamp":"2026-02-27T06:11:34.440Z","msg":"Triggering restart of OpenTelemetry Collector","controller":"mdaihub","controllerGroup":"hub.mydecisive.ai","controllerKind":"MdaiHub","MdaiHub":{"name":"mdaihub","namespace":"mdai"},"namespace":"mdai","name":"mdaihub","reconcileID":"2a8fac80-ce35-4718-aa90-4ea654206afb","name":"gateway-datadog"}
{"level":"warn","timestamp":"2026-02-27T06:11:34.449Z","msg":"VALKEY_AUDIT_STREAM_EXPIRY_MS is deprecated; use VALKEY_AUDIT_STREAM_RETENTION","retention":2592000,"stacktrace":"github.com/decisiveai/mdai-data-core/audit.getStreamRetention\n\tgithub.com/decisiveai/mdai-data-core@v0.2.9/audit/adapter.go:241\ngithub.com/decisiveai/mdai-data-core/audit.NewAuditAdapter\n\tgithub.com/decisiveai/mdai-data-core@v0.2.9/audit/adapter.go:54\ngithub.com/decisiveai/mdai-operator/internal/controller.HubAdapter.restartCollectorAndAudit\n\tgithub.com/decisiveai/mdai-operator/internal/controller/hub_adapter.go:427\ngithub.com/decisiveai/mdai-operator/internal/controller.HubAdapter.syncComputedConfigMapsAndRestart\n\tgithub.com/decisiveai/mdai-operator/internal/controller/hub_adapter.go:458\ngithub.com/decisiveai/mdai-operator/internal/controller.HubAdapter.ensureVariableSynchronized\n\tgithub.com/decisiveai/mdai-operator/internal/controller/hub_adapter.go:507\ngithub.com/decisiveai/mdai-operator/internal/controller.(*MdaiHubReconciler).ReconcileHandler\n\tgithub.com/decisiveai/mdai-operator/internal/controller/mdaihub_controller.go:113\ngithub.com/decisiveai/mdai-operator/internal/controller.(*MdaiHubReconciler).Reconcile\n\tgithub.com/decisiveai/mdai-operator/internal/controller/mdaihub_controller.go:87\nsigs.k8s.io/controller-runtime/pkg/internal/controller.(*Controller[...]).Reconcile\n\tsigs.k8s.io/controller-runtime@v0.20.4/pkg/internal/controller/controller.go:119\nsigs.k8s.io/controller-runtime/pkg/internal/controller.(*Controller[...]).reconcileHandler\n\tsigs.k8s.io/controller-runtime@v0.20.4/pkg/internal/controller/controller.go:334\nsigs.k8s.io/controller-runtime/pkg/internal/controller.(*Controller[...]).processNextWorkItem\n\tsigs.k8s.io/controller-runtime@v0.20.4/pkg/internal/controller/controller.go:294\nsigs.k8s.io/controller-runtime/pkg/internal/controller.(*Controller[...]).Start.func2.2\n\tsigs.k8s.io/controller-runtime@v0.20.4/pkg/internal/controller/controller.go:255"}
{"level":"info","timestamp":"2026-02-27T06:11:34.449Z","msg":"AUDIT: Triggering restart of OpenTelemetry Collector","controller":"mdaihub","controllerGroup":"hub.mydecisive.ai","controllerKind":"MdaiHub","MdaiHub":{"name":"mdaihub","namespace":"mdai"},"namespace":"mdai","name":"mdaihub","reconcileID":"2a8fac80-ce35-4718-aa90-4ea654206afb","mdai-logstream":"audit","type":"collector_restart","timestamp":"2026-02-27T06:11:34Z","hub_name":"mdaihub","FIELDS_TO_REDACT":"","FIELDS_TO_HASH":""}
{"level":"info","timestamp":"2026-02-27T06:11:34.449Z","msg":"Triggering restart of OpenTelemetry Collector","controller":"mdaihub","controllerGroup":"hub.mydecisive.ai","controllerKind":"MdaiHub","MdaiHub":{"name":"mdaihub","namespace":"mdai"},"namespace":"mdai","name":"mdaihub","reconcileID":"2a8fac80-ce35-4718-aa90-4ea654206afb","name":"gateway-dynamic-filtration"}
{"level":"warn","timestamp":"2026-02-27T06:11:34.455Z","msg":"VALKEY_AUDIT_STREAM_EXPIRY_MS is deprecated; use VALKEY_AUDIT_STREAM_RETENTION","retention":2592000,"stacktrace":"github.com/decisiveai/mdai-data-core/audit.getStreamRetention\n\tgithub.com/decisiveai/mdai-data-core@v0.2.9/audit/adapter.go:241\ngithub.com/decisiveai/mdai-data-core/audit.NewAuditAdapter\n\tgithub.com/decisiveai/mdai-data-core@v0.2.9/audit/adapter.go:54\ngithub.com/decisiveai/mdai-operator/internal/controller.HubAdapter.restartCollectorAndAudit\n\tgithub.com/decisiveai/mdai-operator/internal/controller/hub_adapter.go:427\ngithub.com/decisiveai/mdai-operator/internal/controller.HubAdapter.syncComputedConfigMapsAndRestart\n\tgithub.com/decisiveai/mdai-operator/internal/controller/hub_adapter.go:458\ngithub.com/decisiveai/mdai-operator/internal/controller.HubAdapter.ensureVariableSynchronized\n\tgithub.com/decisiveai/mdai-operator/internal/controller/hub_adapter.go:507\ngithub.com/decisiveai/mdai-operator/internal/controller.(*MdaiHubReconciler).ReconcileHandler\n\tgithub.com/decisiveai/mdai-operator/internal/controller/mdaihub_controller.go:113\ngithub.com/decisiveai/mdai-operator/internal/controller.(*MdaiHubReconciler).Reconcile\n\tgithub.com/decisiveai/mdai-operator/internal/controller/mdaihub_controller.go:87\nsigs.k8s.io/controller-runtime/pkg/internal/controller.(*Controller[...]).Reconcile\n\tsigs.k8s.io/controller-runtime@v0.20.4/pkg/internal/controller/controller.go:119\nsigs.k8s.io/controller-runtime/pkg/internal/controller.(*Controller[...]).reconcileHandler\n\tsigs.k8s.io/controller-runtime@v0.20.4/pkg/internal/controller/controller.go:334\nsigs.k8s.io/controller-runtime/pkg/internal/controller.(*Controller[...]).processNextWorkItem\n\tsigs.k8s.io/controller-runtime@v0.20.4/pkg/internal/controller/controller.go:294\nsigs.k8s.io/controller-runtime/pkg/internal/controller.(*Controller[...]).Start.func2.2\n\tsigs.k8s.io/controller-runtime@v0.20.4/pkg/internal/controller/controller.go:255"}
{"level":"info","timestamp":"2026-02-27T06:11:34.455Z","msg":"AUDIT: Triggering restart of OpenTelemetry Collector","controller":"mdaihub","controllerGroup":"hub.mydecisive.ai","controllerKind":"MdaiHub","MdaiHub":{"name":"mdaihub","namespace":"mdai"},"namespace":"mdai","name":"mdaihub","reconcileID":"2a8fac80-ce35-4718-aa90-4ea654206afb","mdai-logstream":"audit","hub_name":"mdaihub","FIELDS_TO_REDACT":"","FIELDS_TO_HASH":"","type":"collector_restart","timestamp":"2026-02-27T06:11:34Z"}
{"level":"info","timestamp":"2026-02-27T06:11:34.455Z","msg":"Triggering restart of OpenTelemetry Collector","controller":"mdaihub","controllerGroup":"hub.mydecisive.ai","controllerKind":"MdaiHub","MdaiHub":{"name":"mdaihub","namespace":"mdai"},"namespace":"mdai","name":"mdaihub","reconcileID":"2a8fac80-ce35-4718-aa90-4ea654206afb","name":"gateway-pii"}
{"level":"warn","timestamp":"2026-02-27T06:11:34.460Z","msg":"VALKEY_AUDIT_STREAM_EXPIRY_MS is deprecated; use VALKEY_AUDIT_STREAM_RETENTION","retention":2592000,"stacktrace":"github.com/decisiveai/mdai-data-core/audit.getStreamRetention\n\tgithub.com/decisiveai/mdai-data-core@v0.2.9/audit/adapter.go:241\ngithub.com/decisiveai/mdai-data-core/audit.NewAuditAdapter\n\tgithub.com/decisiveai/mdai-data-core@v0.2.9/audit/adapter.go:54\ngithub.com/decisiveai/mdai-operator/internal/controller.HubAdapter.restartCollectorAndAudit\n\tgithub.com/decisiveai/mdai-operator/internal/controller/hub_adapter.go:427\ngithub.com/decisiveai/mdai-operator/internal/controller.HubAdapter.syncComputedConfigMapsAndRestart\n\tgithub.com/decisiveai/mdai-operator/internal/controller/hub_adapter.go:458\ngithub.com/decisiveai/mdai-operator/internal/controller.HubAdapter.ensureVariableSynchronized\n\tgithub.com/decisiveai/mdai-operator/internal/controller/hub_adapter.go:507\ngithub.com/decisiveai/mdai-operator/internal/controller.(*MdaiHubReconciler).ReconcileHandler\n\tgithub.com/decisiveai/mdai-operator/internal/controller/mdaihub_controller.go:113\ngithub.com/decisiveai/mdai-operator/internal/controller.(*MdaiHubReconciler).Reconcile\n\tgithub.com/decisiveai/mdai-operator/internal/controller/mdaihub_controller.go:87\nsigs.k8s.io/controller-runtime/pkg/internal/controller.(*Controller[...]).Reconcile\n\tsigs.k8s.io/controller-runtime@v0.20.4/pkg/internal/controller/controller.go:119\nsigs.k8s.io/controller-runtime/pkg/internal/controller.(*Controller[...]).reconcileHandler\n\tsigs.k8s.io/controller-runtime@v0.20.4/pkg/internal/controller/controller.go:334\nsigs.k8s.io/controller-runtime/pkg/internal/controller.(*Controller[...]).processNextWorkItem\n\tsigs.k8s.io/controller-runtime@v0.20.4/pkg/internal/controller/controller.go:294\nsigs.k8s.io/controller-runtime/pkg/internal/controller.(*Controller[...]).Start.func2.2\n\tsigs.k8s.io/controller-runtime@v0.20.4/pkg/internal/controller/controller.go:255"}
{"level":"info","timestamp":"2026-02-27T06:11:34.460Z","msg":"AUDIT: Triggering restart of OpenTelemetry Collector","controller":"mdaihub","controllerGroup":"hub.mydecisive.ai","controllerKind":"MdaiHub","MdaiHub":{"name":"mdaihub","namespace":"mdai"},"namespace":"mdai","name":"mdaihub","reconcileID":"2a8fac80-ce35-4718-aa90-4ea654206afb","mdai-logstream":"audit","hub_name":"mdaihub","FIELDS_TO_REDACT":"","FIELDS_TO_HASH":"","type":"collector_restart","timestamp":"2026-02-27T06:11:34Z"}
{"level":"info","timestamp":"2026-02-27T06:11:34.462Z","msg":"Status set to done for mdai hub","controller":"mdaihub","controllerGroup":"hub.mydecisive.ai","controllerKind":"MdaiHub","MdaiHub":{"name":"mdaihub","namespace":"mdai"},"namespace":"mdai","name":"mdaihub","reconcileID":"2a8fac80-ce35-4718-aa90-4ea654206afb","mdaiHub":"mdaihub"}
{"level":"info","timestamp":"2026-02-27T06:11:34.462Z","msg":"-- Finished MdaiHub reconciliation --","controller":"mdaihub","controllerGroup":"hub.mydecisive.ai","controllerKind":"MdaiHub","MdaiHub":{"name":"mdaihub","namespace":"mdai"},"namespace":"mdai","name":"mdaihub","reconcileID":"2a8fac80-ce35-4718-aa90-4ea654206afb"}
{"level":"info","timestamp":"2026-02-27T06:11:36.057Z","logger":"mdaihub-resource","msg":"Defaulting for MdaiHub","name":"mdaihub"}
{"level":"info","timestamp":"2026-02-27T06:11:36.059Z","logger":"mdaihub-resource","msg":"Validation for MdaiHub upon update","name":"mdaihub"}
{"level":"info","timestamp":"2026-02-27T06:11:36.059Z","logger":"mdaihub-resource","msg":"Defaulting for MdaiHub","name":"mdaihub"}
{"level":"info","timestamp":"2026-02-27T06:11:36.061Z","logger":"mdaihub-resource","msg":"Validation for MdaiHub upon update","name":"mdaihub"}
{"level":"info","timestamp":"2026-02-27T06:11:36.061Z","msg":"-- Starting MdaiHub reconciliation --","controller":"mdaihub","controllerGroup":"hub.mydecisive.ai","controllerKind":"MdaiHub","MdaiHub":{"name":"mdaihub","namespace":"mdai"},"namespace":"mdai","name":"mdaihub","reconcileID":"6ed2b93f-091f-4cc5-be5a-9cf58c88f871","namespace":{"name":"mdaihub","namespace":"mdai"},"name":"mdaihub"}
{"level":"info","timestamp":"2026-02-27T06:11:36.061Z","msg":"EnsurePrometheusRuleSynchronized","controller":"mdaihub","controllerGroup":"hub.mydecisive.ai","controllerKind":"MdaiHub","MdaiHub":{"name":"mdaihub","namespace":"mdai"},"namespace":"mdai","name":"mdaihub","reconcileID":"6ed2b93f-091f-4cc5-be5a-9cf58c88f871"}
{"level":"info","timestamp":"2026-02-27T06:11:36.061Z","msg":"No evaluations found, skipping PrometheusRule creation","controller":"mdaihub","controllerGroup":"hub.mydecisive.ai","controllerKind":"MdaiHub","MdaiHub":{"name":"mdaihub","namespace":"mdai"},"namespace":"mdai","name":"mdaihub","reconcileID":"6ed2b93f-091f-4cc5-be5a-9cf58c88f871"}
{"level":"info","timestamp":"2026-02-27T06:11:36.061Z","msg":"No automations defined in the MDAI CR","controller":"mdaihub","controllerGroup":"hub.mydecisive.ai","controllerKind":"MdaiHub","MdaiHub":{"name":"mdaihub","namespace":"mdai"},"namespace":"mdai","name":"mdaihub","reconcileID":"6ed2b93f-091f-4cc5-be5a-9cf58c88f871","name":"mdaihub"}
{"level":"info","timestamp":"2026-02-27T06:11:36.061Z","msg":"Deleting ConfigMap","controller":"mdaihub","controllerGroup":"hub.mydecisive.ai","controllerKind":"MdaiHub","MdaiHub":{"name":"mdaihub","namespace":"mdai"},"namespace":"mdai","name":"mdaihub","reconcileID":"6ed2b93f-091f-4cc5-be5a-9cf58c88f871","name":"mdaihub-automation","namespace":"mdai"}
{"level":"info","timestamp":"2026-02-27T06:11:36.062Z","msg":"ConfigMap not found, skipping deletion","controller":"mdaihub","controllerGroup":"hub.mydecisive.ai","controllerKind":"MdaiHub","MdaiHub":{"name":"mdaihub","namespace":"mdai"},"namespace":"mdai","name":"mdaihub","reconcileID":"6ed2b93f-091f-4cc5-be5a-9cf58c88f871","name":"mdaihub-automation","namespace":"mdai"}
{"level":"info","timestamp":"2026-02-27T06:11:36.062Z","msg":"No variables found in the CR, skipping variable synchronization","controller":"mdaihub","controllerGroup":"hub.mydecisive.ai","controllerKind":"MdaiHub","MdaiHub":{"name":"mdaihub","namespace":"mdai"},"namespace":"mdai","name":"mdaihub","reconcileID":"6ed2b93f-091f-4cc5-be5a-9cf58c88f871"}
{"level":"info","timestamp":"2026-02-27T06:11:36.063Z","logger":"mdaihub-resource","msg":"Defaulting for MdaiHub","name":"mdaihub"}
{"level":"info","timestamp":"2026-02-27T06:11:36.064Z","logger":"mdaihub-resource","msg":"Validation for MdaiHub upon update","name":"mdaihub"}
{"level":"info","timestamp":"2026-02-27T06:11:36.064Z","msg":"Status set to done for mdai hub","controller":"mdaihub","controllerGroup":"hub.mydecisive.ai","controllerKind":"MdaiHub","MdaiHub":{"name":"mdaihub","namespace":"mdai"},"namespace":"mdai","name":"mdaihub","reconcileID":"6ed2b93f-091f-4cc5-be5a-9cf58c88f871","mdaiHub":"mdaihub"}
{"level":"info","timestamp":"2026-02-27T06:11:36.065Z","msg":"-- Finished MdaiHub reconciliation --","controller":"mdaihub","controllerGroup":"hub.mydecisive.ai","controllerKind":"MdaiHub","MdaiHub":{"name":"mdaihub","namespace":"mdai"},"namespace":"mdai","name":"mdaihub","reconcileID":"6ed2b93f-091f-4cc5-be5a-9cf58c88f871"}
{"level":"info","timestamp":"2026-02-27T06:11:36.066Z","msg":"-- Starting MdaiHub reconciliation --","controller":"mdaihub","controllerGroup":"hub.mydecisive.ai","controllerKind":"MdaiHub","MdaiHub":{"name":"mdaihub","namespace":"mdai"},"namespace":"mdai","name":"mdaihub","reconcileID":"c793ddce-449c-4d55-845f-a436e0af0398","namespace":{"name":"mdaihub","namespace":"mdai"},"name":"mdaihub"}
{"level":"info","timestamp":"2026-02-27T06:11:36.066Z","msg":"EnsurePrometheusRuleSynchronized","controller":"mdaihub","controllerGroup":"hub.mydecisive.ai","controllerKind":"MdaiHub","MdaiHub":{"name":"mdaihub","namespace":"mdai"},"namespace":"mdai","name":"mdaihub","reconcileID":"c793ddce-449c-4d55-845f-a436e0af0398"}
{"level":"info","timestamp":"2026-02-27T06:11:36.069Z","msg":"Created new PrometheusRule","controller":"mdaihub","controllerGroup":"hub.mydecisive.ai","controllerKind":"MdaiHub","MdaiHub":{"name":"mdaihub","namespace":"mdai"},"namespace":"mdai","name":"mdaihub","reconcileID":"c793ddce-449c-4d55-845f-a436e0af0398","prometheus_rule_name":"mdai-mdaihub-alert-rules"}
{"level":"info","timestamp":"2026-02-27T06:11:36.073Z","msg":"Creating or updating ConfigMap for automations","controller":"mdaihub","controllerGroup":"hub.mydecisive.ai","controllerKind":"MdaiHub","MdaiHub":{"name":"mdaihub","namespace":"mdai"},"namespace":"mdai","name":"mdaihub","reconcileID":"c793ddce-449c-4d55-845f-a436e0af0398","name":"mdaihub"}
{"level":"info","timestamp":"2026-02-27T06:11:36.074Z","msg":"Successfully created or updated ConfigMap","controller":"mdaihub","controllerGroup":"hub.mydecisive.ai","controllerKind":"MdaiHub","MdaiHub":{"name":"mdaihub","namespace":"mdai"},"namespace":"mdai","name":"mdaihub","reconcileID":"c793ddce-449c-4d55-845f-a436e0af0398","name":"mdaihub-automation","namespace":"mdai","operation":"created"}
{"level":"info","timestamp":"2026-02-27T06:11:36.074Z","msg":"Successfully created ConfigMap for automations","controller":"mdaihub","controllerGroup":"hub.mydecisive.ai","controllerKind":"MdaiHub","MdaiHub":{"name":"mdaihub","namespace":"mdai"},"namespace":"mdai","name":"mdaihub","reconcileID":"c793ddce-449c-4d55-845f-a436e0af0398","name":"mdaihub"}
{"level":"info","timestamp":"2026-02-27T06:11:36.074Z","msg":"Processing variable","controller":"mdaihub","controllerGroup":"hub.mydecisive.ai","controllerKind":"MdaiHub","MdaiHub":{"name":"mdaihub","namespace":"mdai"},"namespace":"mdai","name":"mdaihub","reconcileID":"c793ddce-449c-4d55-845f-a436e0af0398","key":"service_list"}
{"level":"info","timestamp":"2026-02-27T06:11:36.074Z","msg":"Data received for variable/mdaihub/service_list: []"}
{"level":"info","timestamp":"2026-02-27T06:11:36.074Z","msg":"Processing variable","controller":"mdaihub","controllerGroup":"hub.mydecisive.ai","controllerKind":"MdaiHub","MdaiHub":{"name":"mdaihub","namespace":"mdai"},"namespace":"mdai","name":"mdaihub","reconcileID":"c793ddce-449c-4d55-845f-a436e0af0398","key":"alerting_data_type"}
{"level":"info","timestamp":"2026-02-27T06:11:36.075Z","msg":"<CreateFunc> mdaihub-automation ignored"}
{"level":"info","timestamp":"2026-02-27T06:11:36.075Z","msg":"No value found in storage","key":"variable/mdaihub/alerting_data_type"}
{"level":"info","timestamp":"2026-02-27T06:11:36.075Z","msg":"Processing variable","controller":"mdaihub","controllerGroup":"hub.mydecisive.ai","controllerKind":"MdaiHub","MdaiHub":{"name":"mdaihub","namespace":"mdai"},"namespace":"mdai","name":"mdaihub","reconcileID":"c793ddce-449c-4d55-845f-a436e0af0398","key":"alerting_triggered"}
{"level":"info","timestamp":"2026-02-27T06:11:36.075Z","msg":"No value found in storage","key":"variable/mdaihub/alerting_triggered"}
{"level":"info","timestamp":"2026-02-27T06:11:36.075Z","msg":"Deleting old valkey keys","controller":"mdaihub","controllerGroup":"hub.mydecisive.ai","controllerKind":"MdaiHub","MdaiHub":{"name":"mdaihub","namespace":"mdai"},"namespace":"mdai","name":"mdaihub","reconcileID":"c793ddce-449c-4d55-845f-a436e0af0398","valkeyKeysToKeep":{"alerting_data_type":{},"alerting_triggered":{},"service_list":{}}}
{"level":"info","timestamp":"2026-02-27T06:11:36.075Z","msg":"No manual variables defined in the MDAI CR","controller":"mdaihub","controllerGroup":"hub.mydecisive.ai","controllerKind":"MdaiHub","MdaiHub":{"name":"mdaihub","namespace":"mdai"},"namespace":"mdai","name":"mdaihub","reconcileID":"c793ddce-449c-4d55-845f-a436e0af0398","name":"mdaihub"}
{"level":"info","timestamp":"2026-02-27T06:11:36.075Z","msg":"Deleting ConfigMap","controller":"mdaihub","controllerGroup":"hub.mydecisive.ai","controllerKind":"MdaiHub","MdaiHub":{"name":"mdaihub","namespace":"mdai"},"namespace":"mdai","name":"mdaihub","reconcileID":"c793ddce-449c-4d55-845f-a436e0af0398","name":"mdaihub-manual-variables","namespace":"mdai"}
{"level":"info","timestamp":"2026-02-27T06:11:36.078Z","msg":"<DeleteFunc> mdaihub-manual-variables ignored"}
{"level":"info","timestamp":"2026-02-27T06:11:36.079Z","msg":"<UpdateFunc> mdaihub-variables shouldReconcile: false"}
{"level":"info","timestamp":"2026-02-27T06:11:36.079Z","msg":"Successfully created or updated ConfigMap","controller":"mdaihub","controllerGroup":"hub.mydecisive.ai","controllerKind":"MdaiHub","MdaiHub":{"name":"mdaihub","namespace":"mdai"},"namespace":"mdai","name":"mdaihub","reconcileID":"c793ddce-449c-4d55-845f-a436e0af0398","name":"mdaihub-variables","namespace":"mdai","operation":"updated"}
{"level":"info","timestamp":"2026-02-27T06:11:36.079Z","msg":"Successfully created or updated ConfigMap","controller":"mdaihub","controllerGroup":"hub.mydecisive.ai","controllerKind":"MdaiHub","MdaiHub":{"name":"mdaihub","namespace":"mdai"},"namespace":"mdai","name":"mdaihub","reconcileID":"c793ddce-449c-4d55-845f-a436e0af0398","name":"mdaihub-variables","namespace":"mdai","operation":"unchanged"}
{"level":"info","timestamp":"2026-02-27T06:11:36.080Z","msg":"Successfully created or updated ConfigMap","controller":"mdaihub","controllerGroup":"hub.mydecisive.ai","controllerKind":"MdaiHub","MdaiHub":{"name":"mdaihub","namespace":"mdai"},"namespace":"mdai","name":"mdaihub","reconcileID":"c793ddce-449c-4d55-845f-a436e0af0398","name":"mdaihub-variables","namespace":"mdai","operation":"unchanged"}
{"level":"info","timestamp":"2026-02-27T06:11:36.080Z","msg":"Triggering restart of OpenTelemetry Collector","controller":"mdaihub","controllerGroup":"hub.mydecisive.ai","controllerKind":"MdaiHub","MdaiHub":{"name":"mdaihub","namespace":"mdai"},"namespace":"mdai","name":"mdaihub","reconcileID":"c793ddce-449c-4d55-845f-a436e0af0398","name":"gateway-datadog"}
{"level":"warn","timestamp":"2026-02-27T06:11:36.086Z","msg":"VALKEY_AUDIT_STREAM_EXPIRY_MS is deprecated; use VALKEY_AUDIT_STREAM_RETENTION","retention":2592000,"stacktrace":"github.com/decisiveai/mdai-data-core/audit.getStreamRetention\n\tgithub.com/decisiveai/mdai-data-core@v0.2.9/audit/adapter.go:241\ngithub.com/decisiveai/mdai-data-core/audit.NewAuditAdapter\n\tgithub.com/decisiveai/mdai-data-core@v0.2.9/audit/adapter.go:54\ngithub.com/decisiveai/mdai-operator/internal/controller.HubAdapter.restartCollectorAndAudit\n\tgithub.com/decisiveai/mdai-operator/internal/controller/hub_adapter.go:427\ngithub.com/decisiveai/mdai-operator/internal/controller.HubAdapter.syncComputedConfigMapsAndRestart\n\tgithub.com/decisiveai/mdai-operator/internal/controller/hub_adapter.go:458\ngithub.com/decisiveai/mdai-operator/internal/controller.HubAdapter.ensureVariableSynchronized\n\tgithub.com/decisiveai/mdai-operator/internal/controller/hub_adapter.go:507\ngithub.com/decisiveai/mdai-operator/internal/controller.(*MdaiHubReconciler).ReconcileHandler\n\tgithub.com/decisiveai/mdai-operator/internal/controller/mdaihub_controller.go:113\ngithub.com/decisiveai/mdai-operator/internal/controller.(*MdaiHubReconciler).Reconcile\n\tgithub.com/decisiveai/mdai-operator/internal/controller/mdaihub_controller.go:87\nsigs.k8s.io/controller-runtime/pkg/internal/controller.(*Controller[...]).Reconcile\n\tsigs.k8s.io/controller-runtime@v0.20.4/pkg/internal/controller/controller.go:119\nsigs.k8s.io/controller-runtime/pkg/internal/controller.(*Controller[...]).reconcileHandler\n\tsigs.k8s.io/controller-runtime@v0.20.4/pkg/internal/controller/controller.go:334\nsigs.k8s.io/controller-runtime/pkg/internal/controller.(*Controller[...]).processNextWorkItem\n\tsigs.k8s.io/controller-runtime@v0.20.4/pkg/internal/controller/controller.go:294\nsigs.k8s.io/controller-runtime/pkg/internal/controller.(*Controller[...]).Start.func2.2\n\tsigs.k8s.io/controller-runtime@v0.20.4/pkg/internal/controller/controller.go:255"}
{"level":"info","timestamp":"2026-02-27T06:11:36.086Z","msg":"AUDIT: Triggering restart of OpenTelemetry Collector","controller":"mdaihub","controllerGroup":"hub.mydecisive.ai","controllerKind":"MdaiHub","MdaiHub":{"name":"mdaihub","namespace":"mdai"},"namespace":"mdai","name":"mdaihub","reconcileID":"c793ddce-449c-4d55-845f-a436e0af0398","mdai-logstream":"audit","timestamp":"2026-02-27T06:11:36Z","hub_name":"mdaihub","SERVICE_LIST_REGEX":"","type":"collector_restart"}
{"level":"info","timestamp":"2026-02-27T06:11:36.086Z","msg":"Triggering restart of OpenTelemetry Collector","controller":"mdaihub","controllerGroup":"hub.mydecisive.ai","controllerKind":"MdaiHub","MdaiHub":{"name":"mdaihub","namespace":"mdai"},"namespace":"mdai","name":"mdaihub","reconcileID":"c793ddce-449c-4d55-845f-a436e0af0398","name":"gateway-dynamic-filtration"}
{"level":"warn","timestamp":"2026-02-27T06:11:36.095Z","msg":"VALKEY_AUDIT_STREAM_EXPIRY_MS is deprecated; use VALKEY_AUDIT_STREAM_RETENTION","retention":2592000,"stacktrace":"github.com/decisiveai/mdai-data-core/audit.getStreamRetention\n\tgithub.com/decisiveai/mdai-data-core@v0.2.9/audit/adapter.go:241\ngithub.com/decisiveai/mdai-data-core/audit.NewAuditAdapter\n\tgithub.com/decisiveai/mdai-data-core@v0.2.9/audit/adapter.go:54\ngithub.com/decisiveai/mdai-operator/internal/controller.HubAdapter.restartCollectorAndAudit\n\tgithub.com/decisiveai/mdai-operator/internal/controller/hub_adapter.go:427\ngithub.com/decisiveai/mdai-operator/internal/controller.HubAdapter.syncComputedConfigMapsAndRestart\n\tgithub.com/decisiveai/mdai-operator/internal/controller/hub_adapter.go:458\ngithub.com/decisiveai/mdai-operator/internal/controller.HubAdapter.ensureVariableSynchronized\n\tgithub.com/decisiveai/mdai-operator/internal/controller/hub_adapter.go:507\ngithub.com/decisiveai/mdai-operator/internal/controller.(*MdaiHubReconciler).ReconcileHandler\n\tgithub.com/decisiveai/mdai-operator/internal/controller/mdaihub_controller.go:113\ngithub.com/decisiveai/mdai-operator/internal/controller.(*MdaiHubReconciler).Reconcile\n\tgithub.com/decisiveai/mdai-operator/internal/controller/mdaihub_controller.go:87\nsigs.k8s.io/controller-runtime/pkg/internal/controller.(*Controller[...]).Reconcile\n\tsigs.k8s.io/controller-runtime@v0.20.4/pkg/internal/controller/controller.go:119\nsigs.k8s.io/controller-runtime/pkg/internal/controller.(*Controller[...]).reconcileHandler\n\tsigs.k8s.io/controller-runtime@v0.20.4/pkg/internal/controller/controller.go:334\nsigs.k8s.io/controller-runtime/pkg/internal/controller.(*Controller[...]).processNextWorkItem\n\tsigs.k8s.io/controller-runtime@v0.20.4/pkg/internal/controller/controller.go:294\nsigs.k8s.io/controller-runtime/pkg/internal/controller.(*Controller[...]).Start.func2.2\n\tsigs.k8s.io/controller-runtime@v0.20.4/pkg/internal/controller/controller.go:255"}
{"level":"info","timestamp":"2026-02-27T06:11:36.095Z","msg":"AUDIT: Triggering restart of OpenTelemetry Collector","controller":"mdaihub","controllerGroup":"hub.mydecisive.ai","controllerKind":"MdaiHub","MdaiHub":{"name":"mdaihub","namespace":"mdai"},"namespace":"mdai","name":"mdaihub","reconcileID":"c793ddce-449c-4d55-845f-a436e0af0398","mdai-logstream":"audit","type":"collector_restart","timestamp":"2026-02-27T06:11:36Z","hub_name":"mdaihub","SERVICE_LIST_REGEX":""}
{"level":"info","timestamp":"2026-02-27T06:11:36.095Z","msg":"Triggering restart of OpenTelemetry Collector","controller":"mdaihub","controllerGroup":"hub.mydecisive.ai","controllerKind":"MdaiHub","MdaiHub":{"name":"mdaihub","namespace":"mdai"},"namespace":"mdai","name":"mdaihub","reconcileID":"c793ddce-449c-4d55-845f-a436e0af0398","name":"gateway-pii"}
{"level":"warn","timestamp":"2026-02-27T06:11:36.102Z","msg":"VALKEY_AUDIT_STREAM_EXPIRY_MS is deprecated; use VALKEY_AUDIT_STREAM_RETENTION","retention":2592000,"stacktrace":"github.com/decisiveai/mdai-data-core/audit.getStreamRetention\n\tgithub.com/decisiveai/mdai-data-core@v0.2.9/audit/adapter.go:241\ngithub.com/decisiveai/mdai-data-core/audit.NewAuditAdapter\n\tgithub.com/decisiveai/mdai-data-core@v0.2.9/audit/adapter.go:54\ngithub.com/decisiveai/mdai-operator/internal/controller.HubAdapter.restartCollectorAndAudit\n\tgithub.com/decisiveai/mdai-operator/internal/controller/hub_adapter.go:427\ngithub.com/decisiveai/mdai-operator/internal/controller.HubAdapter.syncComputedConfigMapsAndRestart\n\tgithub.com/decisiveai/mdai-operator/internal/controller/hub_adapter.go:458\ngithub.com/decisiveai/mdai-operator/internal/controller.HubAdapter.ensureVariableSynchronized\n\tgithub.com/decisiveai/mdai-operator/internal/controller/hub_adapter.go:507\ngithub.com/decisiveai/mdai-operator/internal/controller.(*MdaiHubReconciler).ReconcileHandler\n\tgithub.com/decisiveai/mdai-operator/internal/controller/mdaihub_controller.go:113\ngithub.com/decisiveai/mdai-operator/internal/controller.(*MdaiHubReconciler).Reconcile\n\tgithub.com/decisiveai/mdai-operator/internal/controller/mdaihub_controller.go:87\nsigs.k8s.io/controller-runtime/pkg/internal/controller.(*Controller[...]).Reconcile\n\tsigs.k8s.io/controller-runtime@v0.20.4/pkg/internal/controller/controller.go:119\nsigs.k8s.io/controller-runtime/pkg/internal/controller.(*Controller[...]).reconcileHandler\n\tsigs.k8s.io/controller-runtime@v0.20.4/pkg/internal/controller/controller.go:334\nsigs.k8s.io/controller-runtime/pkg/internal/controller.(*Controller[...]).processNextWorkItem\n\tsigs.k8s.io/controller-runtime@v0.20.4/pkg/internal/controller/controller.go:294\nsigs.k8s.io/controller-runtime/pkg/internal/controller.(*Controller[...]).Start.func2.2\n\tsigs.k8s.io/controller-runtime@v0.20.4/pkg/internal/controller/controller.go:255"}
{"level":"info","timestamp":"2026-02-27T06:11:36.102Z","msg":"AUDIT: Triggering restart of OpenTelemetry Collector","controller":"mdaihub","controllerGroup":"hub.mydecisive.ai","controllerKind":"MdaiHub","MdaiHub":{"name":"mdaihub","namespace":"mdai"},"namespace":"mdai","name":"mdaihub","reconcileID":"c793ddce-449c-4d55-845f-a436e0af0398","mdai-logstream":"audit","type":"collector_restart","timestamp":"2026-02-27T06:11:36Z","hub_name":"mdaihub","SERVICE_LIST_REGEX":""}
{"level":"info","timestamp":"2026-02-27T06:11:36.104Z","msg":"Status set to done for mdai hub","controller":"mdaihub","controllerGroup":"hub.mydecisive.ai","controllerKind":"MdaiHub","MdaiHub":{"name":"mdaihub","namespace":"mdai"},"namespace":"mdai","name":"mdaihub","reconcileID":"c793ddce-449c-4d55-845f-a436e0af0398","mdaiHub":"mdaihub"}
{"level":"info","timestamp":"2026-02-27T06:11:36.104Z","msg":"-- Finished MdaiHub reconciliation --","controller":"mdaihub","controllerGroup":"hub.mydecisive.ai","controllerKind":"MdaiHub","MdaiHub":{"name":"mdaihub","namespace":"mdai"},"namespace":"mdai","name":"mdaihub","reconcileID":"c793ddce-449c-4d55-845f-a436e0af0398"}
{"level":"info","timestamp":"2026-02-27T06:11:36.239Z","logger":"mdaihub-resource","msg":"Defaulting for MdaiHub","name":"mdaihub"}
{"level":"info","timestamp":"2026-02-27T06:11:36.241Z","logger":"mdaihub-resource","msg":"Validation for MdaiHub upon update","name":"mdaihub"}
{"level":"info","timestamp":"2026-02-27T06:11:36.243Z","msg":"-- Starting MdaiHub reconciliation --","controller":"mdaihub","controllerGroup":"hub.mydecisive.ai","controllerKind":"MdaiHub","MdaiHub":{"name":"mdaihub","namespace":"mdai"},"namespace":"mdai","name":"mdaihub","reconcileID":"f729fd41-502f-4e65-9511-e4a98cfe7a9a","namespace":{"name":"mdaihub","namespace":"mdai"},"name":"mdaihub"}
{"level":"info","timestamp":"2026-02-27T06:11:36.243Z","msg":"EnsurePrometheusRuleSynchronized","controller":"mdaihub","controllerGroup":"hub.mydecisive.ai","controllerKind":"MdaiHub","MdaiHub":{"name":"mdaihub","namespace":"mdai"},"namespace":"mdai","name":"mdaihub","reconcileID":"f729fd41-502f-4e65-9511-e4a98cfe7a9a"}
{"level":"info","timestamp":"2026-02-27T06:11:36.243Z","msg":"No evaluations found, skipping PrometheusRule creation","controller":"mdaihub","controllerGroup":"hub.mydecisive.ai","controllerKind":"MdaiHub","MdaiHub":{"name":"mdaihub","namespace":"mdai"},"namespace":"mdai","name":"mdaihub","reconcileID":"f729fd41-502f-4e65-9511-e4a98cfe7a9a"}
{"level":"info","timestamp":"2026-02-27T06:11:36.243Z","msg":"Removing existing rules","controller":"mdaihub","controllerGroup":"hub.mydecisive.ai","controllerKind":"MdaiHub","MdaiHub":{"name":"mdaihub","namespace":"mdai"},"namespace":"mdai","name":"mdaihub","reconcileID":"f729fd41-502f-4e65-9511-e4a98cfe7a9a"}
{"level":"info","timestamp":"2026-02-27T06:11:36.249Z","msg":"Deleted PrometheusRule","controller":"mdaihub","controllerGroup":"hub.mydecisive.ai","controllerKind":"MdaiHub","MdaiHub":{"name":"mdaihub","namespace":"mdai"},"namespace":"mdai","name":"mdaihub","reconcileID":"f729fd41-502f-4e65-9511-e4a98cfe7a9a","prometheus_rule_name":"mdai-mdaihub-alert-rules"}
{"level":"info","timestamp":"2026-02-27T06:11:36.249Z","msg":"No automations defined in the MDAI CR","controller":"mdaihub","controllerGroup":"hub.mydecisive.ai","controllerKind":"MdaiHub","MdaiHub":{"name":"mdaihub","namespace":"mdai"},"namespace":"mdai","name":"mdaihub","reconcileID":"f729fd41-502f-4e65-9511-e4a98cfe7a9a","name":"mdaihub"}
{"level":"info","timestamp":"2026-02-27T06:11:36.249Z","msg":"Deleting ConfigMap","controller":"mdaihub","controllerGroup":"hub.mydecisive.ai","controllerKind":"MdaiHub","MdaiHub":{"name":"mdaihub","namespace":"mdai"},"namespace":"mdai","name":"mdaihub","reconcileID":"f729fd41-502f-4e65-9511-e4a98cfe7a9a","name":"mdaihub-automation","namespace":"mdai"}
{"level":"info","timestamp":"2026-02-27T06:11:36.251Z","msg":"<DeleteFunc> mdaihub-automation ignored"}
{"level":"info","timestamp":"2026-02-27T06:11:36.251Z","msg":"Processing variable","controller":"mdaihub","controllerGroup":"hub.mydecisive.ai","controllerKind":"MdaiHub","MdaiHub":{"name":"mdaihub","namespace":"mdai"},"namespace":"mdai","name":"mdaihub","reconcileID":"f729fd41-502f-4e65-9511-e4a98cfe7a9a","key":"fields_to_redact"}
{"level":"info","timestamp":"2026-02-27T06:11:36.251Z","msg":"Data received for variable/mdaihub/fields_to_redact: []"}
{"level":"info","timestamp":"2026-02-27T06:11:36.251Z","msg":"Processing variable","controller":"mdaihub","controllerGroup":"hub.mydecisive.ai","controllerKind":"MdaiHub","MdaiHub":{"name":"mdaihub","namespace":"mdai"},"namespace":"mdai","name":"mdaihub","reconcileID":"f729fd41-502f-4e65-9511-e4a98cfe7a9a","key":"fields_to_hash"}
{"level":"info","timestamp":"2026-02-27T06:11:36.251Z","msg":"Data received for variable/mdaihub/fields_to_hash: []"}
{"level":"info","timestamp":"2026-02-27T06:11:36.251Z","msg":"Processing variable","controller":"mdaihub","controllerGroup":"hub.mydecisive.ai","controllerKind":"MdaiHub","MdaiHub":{"name":"mdaihub","namespace":"mdai"},"namespace":"mdai","name":"mdaihub","reconcileID":"f729fd41-502f-4e65-9511-e4a98cfe7a9a","key":"email_regex"}
{"level":"info","timestamp":"2026-02-27T06:11:36.251Z","msg":"No value found in storage","key":"variable/mdaihub/email_regex"}
{"level":"info","timestamp":"2026-02-27T06:11:36.251Z","msg":"Processing variable","controller":"mdaihub","controllerGroup":"hub.mydecisive.ai","controllerKind":"MdaiHub","MdaiHub":{"name":"mdaihub","namespace":"mdai"},"namespace":"mdai","name":"mdaihub","reconcileID":"f729fd41-502f-4e65-9511-e4a98cfe7a9a","key":"cc_regex"}
{"level":"info","timestamp":"2026-02-27T06:11:36.251Z","msg":"No value found in storage","key":"variable/mdaihub/cc_regex"}
{"level":"info","timestamp":"2026-02-27T06:11:36.251Z","msg":"Processing variable","controller":"mdaihub","controllerGroup":"hub.mydecisive.ai","controllerKind":"MdaiHub","MdaiHub":{"name":"mdaihub","namespace":"mdai"},"namespace":"mdai","name":"mdaihub","reconcileID":"f729fd41-502f-4e65-9511-e4a98cfe7a9a","key":"phone_regex"}
{"level":"info","timestamp":"2026-02-27T06:11:36.251Z","msg":"No value found in storage","key":"variable/mdaihub/phone_regex"}
{"level":"info","timestamp":"2026-02-27T06:11:36.251Z","msg":"Processing variable","controller":"mdaihub","controllerGroup":"hub.mydecisive.ai","controllerKind":"MdaiHub","MdaiHub":{"name":"mdaihub","namespace":"mdai"},"namespace":"mdai","name":"mdaihub","reconcileID":"f729fd41-502f-4e65-9511-e4a98cfe7a9a","key":"address_regex"}
{"level":"info","timestamp":"2026-02-27T06:11:36.251Z","msg":"No value found in storage","key":"variable/mdaihub/address_regex"}
{"level":"info","timestamp":"2026-02-27T06:11:36.251Z","msg":"Processing variable","controller":"mdaihub","controllerGroup":"hub.mydecisive.ai","controllerKind":"MdaiHub","MdaiHub":{"name":"mdaihub","namespace":"mdai"},"namespace":"mdai","name":"mdaihub","reconcileID":"f729fd41-502f-4e65-9511-e4a98cfe7a9a","key":"ssn_regex"}
{"level":"info","timestamp":"2026-02-27T06:11:36.251Z","msg":"No value found in storage","key":"variable/mdaihub/ssn_regex"}
{"level":"info","timestamp":"2026-02-27T06:11:36.251Z","msg":"Processing variable","controller":"mdaihub","controllerGroup":"hub.mydecisive.ai","controllerKind":"MdaiHub","MdaiHub":{"name":"mdaihub","namespace":"mdai"},"namespace":"mdai","name":"mdaihub","reconcileID":"f729fd41-502f-4e65-9511-e4a98cfe7a9a","key":"name_regex"}
{"level":"info","timestamp":"2026-02-27T06:11:36.251Z","msg":"No value found in storage","key":"variable/mdaihub/name_regex"}
{"level":"info","timestamp":"2026-02-27T06:11:36.251Z","msg":"Processing variable","controller":"mdaihub","controllerGroup":"hub.mydecisive.ai","controllerKind":"MdaiHub","MdaiHub":{"name":"mdaihub","namespace":"mdai"},"namespace":"mdai","name":"mdaihub","reconcileID":"f729fd41-502f-4e65-9511-e4a98cfe7a9a","key":"email_template"}
{"level":"info","timestamp":"2026-02-27T06:11:36.252Z","msg":"No value found in storage","key":"variable/mdaihub/email_template"}
{"level":"info","timestamp":"2026-02-27T06:11:36.252Z","msg":"Processing variable","controller":"mdaihub","controllerGroup":"hub.mydecisive.ai","controllerKind":"MdaiHub","MdaiHub":{"name":"mdaihub","namespace":"mdai"},"namespace":"mdai","name":"mdaihub","reconcileID":"f729fd41-502f-4e65-9511-e4a98cfe7a9a","key":"cc_template"}
{"level":"info","timestamp":"2026-02-27T06:11:36.252Z","msg":"No value found in storage","key":"variable/mdaihub/cc_template"}
{"level":"info","timestamp":"2026-02-27T06:11:36.252Z","msg":"Processing variable","controller":"mdaihub","controllerGroup":"hub.mydecisive.ai","controllerKind":"MdaiHub","MdaiHub":{"name":"mdaihub","namespace":"mdai"},"namespace":"mdai","name":"mdaihub","reconcileID":"f729fd41-502f-4e65-9511-e4a98cfe7a9a","key":"phone_template"}
{"level":"info","timestamp":"2026-02-27T06:11:36.252Z","msg":"No value found in storage","key":"variable/mdaihub/phone_template"}
{"level":"info","timestamp":"2026-02-27T06:11:36.252Z","msg":"Processing variable","controller":"mdaihub","controllerGroup":"hub.mydecisive.ai","controllerKind":"MdaiHub","MdaiHub":{"name":"mdaihub","namespace":"mdai"},"namespace":"mdai","name":"mdaihub","reconcileID":"f729fd41-502f-4e65-9511-e4a98cfe7a9a","key":"address_template"}
{"level":"info","timestamp":"2026-02-27T06:11:36.252Z","msg":"No value found in storage","key":"variable/mdaihub/address_template"}
{"level":"info","timestamp":"2026-02-27T06:11:36.252Z","msg":"Processing variable","controller":"mdaihub","controllerGroup":"hub.mydecisive.ai","controllerKind":"MdaiHub","MdaiHub":{"name":"mdaihub","namespace":"mdai"},"namespace":"mdai","name":"mdaihub","reconcileID":"f729fd41-502f-4e65-9511-e4a98cfe7a9a","key":"ssn_template"}
{"level":"info","timestamp":"2026-02-27T06:11:36.252Z","msg":"No value found in storage","key":"variable/mdaihub/ssn_template"}
{"level":"info","timestamp":"2026-02-27T06:11:36.252Z","msg":"Processing variable","controller":"mdaihub","controllerGroup":"hub.mydecisive.ai","controllerKind":"MdaiHub","MdaiHub":{"name":"mdaihub","namespace":"mdai"},"namespace":"mdai","name":"mdaihub","reconcileID":"f729fd41-502f-4e65-9511-e4a98cfe7a9a","key":"name_template"}
{"level":"info","timestamp":"2026-02-27T06:11:36.252Z","msg":"No value found in storage","key":"variable/mdaihub/name_template"}
{"level":"info","timestamp":"2026-02-27T06:11:36.252Z","msg":"Deleting old valkey keys","controller":"mdaihub","controllerGroup":"hub.mydecisive.ai","controllerKind":"MdaiHub","MdaiHub":{"name":"mdaihub","namespace":"mdai"},"namespace":"mdai","name":"mdaihub","reconcileID":"f729fd41-502f-4e65-9511-e4a98cfe7a9a","valkeyKeysToKeep":{"address_regex":{},"address_template":{},"cc_regex":{},"cc_template":{},"email_regex":{},"email_template":{},"fields_to_hash":{},"fields_to_redact":{},"name_regex":{},"name_template":{},"phone_regex":{},"phone_template":{},"ssn_regex":{},"ssn_template":{}}}
{"level":"info","timestamp":"2026-02-27T06:11:36.255Z","msg":"<CreateFunc> mdaihub-manual-variables ignored"}
{"level":"info","timestamp":"2026-02-27T06:11:36.255Z","msg":"Successfully created or updated ConfigMap","controller":"mdaihub","controllerGroup":"hub.mydecisive.ai","controllerKind":"MdaiHub","MdaiHub":{"name":"mdaihub","namespace":"mdai"},"namespace":"mdai","name":"mdaihub","reconcileID":"f729fd41-502f-4e65-9511-e4a98cfe7a9a","name":"mdaihub-manual-variables","namespace":"mdai","operation":"created"}
{"level":"info","timestamp":"2026-02-27T06:11:36.257Z","msg":"<UpdateFunc> mdaihub-variables shouldReconcile: false"}
{"level":"info","timestamp":"2026-02-27T06:11:36.257Z","msg":"Successfully created or updated ConfigMap","controller":"mdaihub","controllerGroup":"hub.mydecisive.ai","controllerKind":"MdaiHub","MdaiHub":{"name":"mdaihub","namespace":"mdai"},"namespace":"mdai","name":"mdaihub","reconcileID":"f729fd41-502f-4e65-9511-e4a98cfe7a9a","name":"mdaihub-variables","namespace":"mdai","operation":"updated"}
{"level":"info","timestamp":"2026-02-27T06:11:36.257Z","msg":"Successfully created or updated ConfigMap","controller":"mdaihub","controllerGroup":"hub.mydecisive.ai","controllerKind":"MdaiHub","MdaiHub":{"name":"mdaihub","namespace":"mdai"},"namespace":"mdai","name":"mdaihub","reconcileID":"f729fd41-502f-4e65-9511-e4a98cfe7a9a","name":"mdaihub-variables","namespace":"mdai","operation":"unchanged"}
{"level":"info","timestamp":"2026-02-27T06:11:36.257Z","msg":"Successfully created or updated ConfigMap","controller":"mdaihub","controllerGroup":"hub.mydecisive.ai","controllerKind":"MdaiHub","MdaiHub":{"name":"mdaihub","namespace":"mdai"},"namespace":"mdai","name":"mdaihub","reconcileID":"f729fd41-502f-4e65-9511-e4a98cfe7a9a","name":"mdaihub-variables","namespace":"mdai","operation":"unchanged"}
{"level":"info","timestamp":"2026-02-27T06:11:36.257Z","msg":"Triggering restart of OpenTelemetry Collector","controller":"mdaihub","controllerGroup":"hub.mydecisive.ai","controllerKind":"MdaiHub","MdaiHub":{"name":"mdaihub","namespace":"mdai"},"namespace":"mdai","name":"mdaihub","reconcileID":"f729fd41-502f-4e65-9511-e4a98cfe7a9a","name":"gateway-pii"}
{"level":"warn","timestamp":"2026-02-27T06:11:36.264Z","msg":"VALKEY_AUDIT_STREAM_EXPIRY_MS is deprecated; use VALKEY_AUDIT_STREAM_RETENTION","retention":2592000,"stacktrace":"github.com/decisiveai/mdai-data-core/audit.getStreamRetention\n\tgithub.com/decisiveai/mdai-data-core@v0.2.9/audit/adapter.go:241\ngithub.com/decisiveai/mdai-data-core/audit.NewAuditAdapter\n\tgithub.com/decisiveai/mdai-data-core@v0.2.9/audit/adapter.go:54\ngithub.com/decisiveai/mdai-operator/internal/controller.HubAdapter.restartCollectorAndAudit\n\tgithub.com/decisiveai/mdai-operator/internal/controller/hub_adapter.go:427\ngithub.com/decisiveai/mdai-operator/internal/controller.HubAdapter.syncComputedConfigMapsAndRestart\n\tgithub.com/decisiveai/mdai-operator/internal/controller/hub_adapter.go:458\ngithub.com/decisiveai/mdai-operator/internal/controller.HubAdapter.ensureVariableSynchronized\n\tgithub.com/decisiveai/mdai-operator/internal/controller/hub_adapter.go:507\ngithub.com/decisiveai/mdai-operator/internal/controller.(*MdaiHubReconciler).ReconcileHandler\n\tgithub.com/decisiveai/mdai-operator/internal/controller/mdaihub_controller.go:113\ngithub.com/decisiveai/mdai-operator/internal/controller.(*MdaiHubReconciler).Reconcile\n\tgithub.com/decisiveai/mdai-operator/internal/controller/mdaihub_controller.go:87\nsigs.k8s.io/controller-runtime/pkg/internal/controller.(*Controller[...]).Reconcile\n\tsigs.k8s.io/controller-runtime@v0.20.4/pkg/internal/controller/controller.go:119\nsigs.k8s.io/controller-runtime/pkg/internal/controller.(*Controller[...]).reconcileHandler\n\tsigs.k8s.io/controller-runtime@v0.20.4/pkg/internal/controller/controller.go:334\nsigs.k8s.io/controller-runtime/pkg/internal/controller.(*Controller[...]).processNextWorkItem\n\tsigs.k8s.io/controller-runtime@v0.20.4/pkg/internal/controller/controller.go:294\nsigs.k8s.io/controller-runtime/pkg/internal/controller.(*Controller[...]).Start.func2.2\n\tsigs.k8s.io/controller-runtime@v0.20.4/pkg/internal/controller/controller.go:255"}
{"level":"info","timestamp":"2026-02-27T06:11:36.264Z","msg":"AUDIT: Triggering restart of OpenTelemetry Collector","controller":"mdaihub","controllerGroup":"hub.mydecisive.ai","controllerKind":"MdaiHub","MdaiHub":{"name":"mdaihub","namespace":"mdai"},"namespace":"mdai","name":"mdaihub","reconcileID":"f729fd41-502f-4e65-9511-e4a98cfe7a9a","mdai-logstream":"audit","type":"collector_restart","timestamp":"2026-02-27T06:11:36Z","hub_name":"mdaihub","FIELDS_TO_HASH":"","FIELDS_TO_REDACT":""}
{"level":"info","timestamp":"2026-02-27T06:11:36.265Z","msg":"Triggering restart of OpenTelemetry Collector","controller":"mdaihub","controllerGroup":"hub.mydecisive.ai","controllerKind":"MdaiHub","MdaiHub":{"name":"mdaihub","namespace":"mdai"},"namespace":"mdai","name":"mdaihub","reconcileID":"f729fd41-502f-4e65-9511-e4a98cfe7a9a","name":"gateway-datadog"}
{"level":"warn","timestamp":"2026-02-27T06:11:36.272Z","msg":"VALKEY_AUDIT_STREAM_EXPIRY_MS is deprecated; use VALKEY_AUDIT_STREAM_RETENTION","retention":2592000,"stacktrace":"github.com/decisiveai/mdai-data-core/audit.getStreamRetention\n\tgithub.com/decisiveai/mdai-data-core@v0.2.9/audit/adapter.go:241\ngithub.com/decisiveai/mdai-data-core/audit.NewAuditAdapter\n\tgithub.com/decisiveai/mdai-data-core@v0.2.9/audit/adapter.go:54\ngithub.com/decisiveai/mdai-operator/internal/controller.HubAdapter.restartCollectorAndAudit\n\tgithub.com/decisiveai/mdai-operator/internal/controller/hub_adapter.go:427\ngithub.com/decisiveai/mdai-operator/internal/controller.HubAdapter.syncComputedConfigMapsAndRestart\n\tgithub.com/decisiveai/mdai-operator/internal/controller/hub_adapter.go:458\ngithub.com/decisiveai/mdai-operator/internal/controller.HubAdapter.ensureVariableSynchronized\n\tgithub.com/decisiveai/mdai-operator/internal/controller/hub_adapter.go:507\ngithub.com/decisiveai/mdai-operator/internal/controller.(*MdaiHubReconciler).ReconcileHandler\n\tgithub.com/decisiveai/mdai-operator/internal/controller/mdaihub_controller.go:113\ngithub.com/decisiveai/mdai-operator/internal/controller.(*MdaiHubReconciler).Reconcile\n\tgithub.com/decisiveai/mdai-operator/internal/controller/mdaihub_controller.go:87\nsigs.k8s.io/controller-runtime/pkg/internal/controller.(*Controller[...]).Reconcile\n\tsigs.k8s.io/controller-runtime@v0.20.4/pkg/internal/controller/controller.go:119\nsigs.k8s.io/controller-runtime/pkg/internal/controller.(*Controller[...]).reconcileHandler\n\tsigs.k8s.io/controller-runtime@v0.20.4/pkg/internal/controller/controller.go:334\nsigs.k8s.io/controller-runtime/pkg/internal/controller.(*Controller[...]).processNextWorkItem\n\tsigs.k8s.io/controller-runtime@v0.20.4/pkg/internal/controller/controller.go:294\nsigs.k8s.io/controller-runtime/pkg/internal/controller.(*Controller[...]).Start.func2.2\n\tsigs.k8s.io/controller-runtime@v0.20.4/pkg/internal/controller/controller.go:255"}
{"level":"info","timestamp":"2026-02-27T06:11:36.272Z","msg":"AUDIT: Triggering restart of OpenTelemetry Collector","controller":"mdaihub","controllerGroup":"hub.mydecisive.ai","controllerKind":"MdaiHub","MdaiHub":{"name":"mdaihub","namespace":"mdai"},"namespace":"mdai","name":"mdaihub","reconcileID":"f729fd41-502f-4e65-9511-e4a98cfe7a9a","mdai-logstream":"audit","type":"collector_restart","timestamp":"2026-02-27T06:11:36Z","hub_name":"mdaihub","FIELDS_TO_REDACT":"","FIELDS_TO_HASH":""}
{"level":"info","timestamp":"2026-02-27T06:11:36.272Z","msg":"Triggering restart of OpenTelemetry Collector","controller":"mdaihub","controllerGroup":"hub.mydecisive.ai","controllerKind":"MdaiHub","MdaiHub":{"name":"mdaihub","namespace":"mdai"},"namespace":"mdai","name":"mdaihub","reconcileID":"f729fd41-502f-4e65-9511-e4a98cfe7a9a","name":"gateway-dynamic-filtration"}
{"level":"warn","timestamp":"2026-02-27T06:11:36.280Z","msg":"VALKEY_AUDIT_STREAM_EXPIRY_MS is deprecated; use VALKEY_AUDIT_STREAM_RETENTION","retention":2592000,"stacktrace":"github.com/decisiveai/mdai-data-core/audit.getStreamRetention\n\tgithub.com/decisiveai/mdai-data-core@v0.2.9/audit/adapter.go:241\ngithub.com/decisiveai/mdai-data-core/audit.NewAuditAdapter\n\tgithub.com/decisiveai/mdai-data-core@v0.2.9/audit/adapter.go:54\ngithub.com/decisiveai/mdai-operator/internal/controller.HubAdapter.restartCollectorAndAudit\n\tgithub.com/decisiveai/mdai-operator/internal/controller/hub_adapter.go:427\ngithub.com/decisiveai/mdai-operator/internal/controller.HubAdapter.syncComputedConfigMapsAndRestart\n\tgithub.com/decisiveai/mdai-operator/internal/controller/hub_adapter.go:458\ngithub.com/decisiveai/mdai-operator/internal/controller.HubAdapter.ensureVariableSynchronized\n\tgithub.com/decisiveai/mdai-operator/internal/controller/hub_adapter.go:507\ngithub.com/decisiveai/mdai-operator/internal/controller.(*MdaiHubReconciler).ReconcileHandler\n\tgithub.com/decisiveai/mdai-operator/internal/controller/mdaihub_controller.go:113\ngithub.com/decisiveai/mdai-operator/internal/controller.(*MdaiHubReconciler).Reconcile\n\tgithub.com/decisiveai/mdai-operator/internal/controller/mdaihub_controller.go:87\nsigs.k8s.io/controller-runtime/pkg/internal/controller.(*Controller[...]).Reconcile\n\tsigs.k8s.io/controller-runtime@v0.20.4/pkg/internal/controller/controller.go:119\nsigs.k8s.io/controller-runtime/pkg/internal/controller.(*Controller[...]).reconcileHandler\n\tsigs.k8s.io/controller-runtime@v0.20.4/pkg/internal/controller/controller.go:334\nsigs.k8s.io/controller-runtime/pkg/internal/controller.(*Controller[...]).processNextWorkItem\n\tsigs.k8s.io/controller-runtime@v0.20.4/pkg/internal/controller/controller.go:294\nsigs.k8s.io/controller-runtime/pkg/internal/controller.(*Controller[...]).Start.func2.2\n\tsigs.k8s.io/controller-runtime@v0.20.4/pkg/internal/controller/controller.go:255"}
{"level":"info","timestamp":"2026-02-27T06:11:36.280Z","msg":"AUDIT: Triggering restart of OpenTelemetry Collector","controller":"mdaihub","controllerGroup":"hub.mydecisive.ai","controllerKind":"MdaiHub","MdaiHub":{"name":"mdaihub","namespace":"mdai"},"namespace":"mdai","name":"mdaihub","reconcileID":"f729fd41-502f-4e65-9511-e4a98cfe7a9a","mdai-logstream":"audit","FIELDS_TO_HASH":"","type":"collector_restart","timestamp":"2026-02-27T06:11:36Z","hub_name":"mdaihub","FIELDS_TO_REDACT":""}
{"level":"info","timestamp":"2026-02-27T06:11:36.283Z","msg":"Status set to done for mdai hub","controller":"mdaihub","controllerGroup":"hub.mydecisive.ai","controllerKind":"MdaiHub","MdaiHub":{"name":"mdaihub","namespace":"mdai"},"namespace":"mdai","name":"mdaihub","reconcileID":"f729fd41-502f-4e65-9511-e4a98cfe7a9a","mdaiHub":"mdaihub"}
{"level":"info","timestamp":"2026-02-27T06:11:36.283Z","msg":"-- Finished MdaiHub reconciliation --","controller":"mdaihub","controllerGroup":"hub.mydecisive.ai","controllerKind":"MdaiHub","MdaiHub":{"name":"mdaihub","namespace":"mdai"},"namespace":"mdai","name":"mdaihub","reconcileID":"f729fd41-502f-4e65-9511-e4a98cfe7a9a"}
{"level":"info","timestamp":"2026-02-27T06:11:42.080Z","logger":"mdaihub-resource","msg":"Defaulting for MdaiHub","name":"mdaihub"}
{"level":"info","timestamp":"2026-02-27T06:11:42.080Z","logger":"mdaihub-resource","msg":"Defaulting for MdaiHub","name":"mdaihub"}
{"level":"info","timestamp":"2026-02-27T06:11:42.081Z","logger":"mdaihub-resource","msg":"Validation for MdaiHub upon update","name":"mdaihub"}
{"level":"info","timestamp":"2026-02-27T06:11:42.081Z","logger":"mdaihub-resource","msg":"Validation for MdaiHub upon update","name":"mdaihub"}
{"level":"info","timestamp":"2026-02-27T06:11:42.083Z","msg":"-- Starting MdaiHub reconciliation --","controller":"mdaihub","controllerGroup":"hub.mydecisive.ai","controllerKind":"MdaiHub","MdaiHub":{"name":"mdaihub","namespace":"mdai"},"namespace":"mdai","name":"mdaihub","reconcileID":"40ef6250-1767-4a55-baf9-9947f6898783","namespace":{"name":"mdaihub","namespace":"mdai"},"name":"mdaihub"}
{"level":"info","timestamp":"2026-02-27T06:11:42.083Z","msg":"EnsurePrometheusRuleSynchronized","controller":"mdaihub","controllerGroup":"hub.mydecisive.ai","controllerKind":"MdaiHub","MdaiHub":{"name":"mdaihub","namespace":"mdai"},"namespace":"mdai","name":"mdaihub","reconcileID":"40ef6250-1767-4a55-baf9-9947f6898783"}
{"level":"info","timestamp":"2026-02-27T06:11:42.083Z","msg":"No evaluations found, skipping PrometheusRule creation","controller":"mdaihub","controllerGroup":"hub.mydecisive.ai","controllerKind":"MdaiHub","MdaiHub":{"name":"mdaihub","namespace":"mdai"},"namespace":"mdai","name":"mdaihub","reconcileID":"40ef6250-1767-4a55-baf9-9947f6898783"}
{"level":"info","timestamp":"2026-02-27T06:11:42.083Z","msg":"No automations defined in the MDAI CR","controller":"mdaihub","controllerGroup":"hub.mydecisive.ai","controllerKind":"MdaiHub","MdaiHub":{"name":"mdaihub","namespace":"mdai"},"namespace":"mdai","name":"mdaihub","reconcileID":"40ef6250-1767-4a55-baf9-9947f6898783","name":"mdaihub"}
{"level":"info","timestamp":"2026-02-27T06:11:42.083Z","msg":"Deleting ConfigMap","controller":"mdaihub","controllerGroup":"hub.mydecisive.ai","controllerKind":"MdaiHub","MdaiHub":{"name":"mdaihub","namespace":"mdai"},"namespace":"mdai","name":"mdaihub","reconcileID":"40ef6250-1767-4a55-baf9-9947f6898783","name":"mdaihub-automation","namespace":"mdai"}
{"level":"info","timestamp":"2026-02-27T06:11:42.083Z","logger":"mdaihub-resource","msg":"Defaulting for MdaiHub","name":"mdaihub"}
{"level":"info","timestamp":"2026-02-27T06:11:42.084Z","msg":"ConfigMap not found, skipping deletion","controller":"mdaihub","controllerGroup":"hub.mydecisive.ai","controllerKind":"MdaiHub","MdaiHub":{"name":"mdaihub","namespace":"mdai"},"namespace":"mdai","name":"mdaihub","reconcileID":"40ef6250-1767-4a55-baf9-9947f6898783","name":"mdaihub-automation","namespace":"mdai"}
{"level":"info","timestamp":"2026-02-27T06:11:42.084Z","msg":"No variables found in the CR, skipping variable synchronization","controller":"mdaihub","controllerGroup":"hub.mydecisive.ai","controllerKind":"MdaiHub","MdaiHub":{"name":"mdaihub","namespace":"mdai"},"namespace":"mdai","name":"mdaihub","reconcileID":"40ef6250-1767-4a55-baf9-9947f6898783"}
{"level":"info","timestamp":"2026-02-27T06:11:42.084Z","logger":"mdaihub-resource","msg":"Validation for MdaiHub upon update","name":"mdaihub"}
{"level":"info","timestamp":"2026-02-27T06:11:42.086Z","msg":"Status set to done for mdai hub","controller":"mdaihub","controllerGroup":"hub.mydecisive.ai","controllerKind":"MdaiHub","MdaiHub":{"name":"mdaihub","namespace":"mdai"},"namespace":"mdai","name":"mdaihub","reconcileID":"40ef6250-1767-4a55-baf9-9947f6898783","mdaiHub":"mdaihub"}
{"level":"info","timestamp":"2026-02-27T06:11:42.086Z","msg":"-- Finished MdaiHub reconciliation --","controller":"mdaihub","controllerGroup":"hub.mydecisive.ai","controllerKind":"MdaiHub","MdaiHub":{"name":"mdaihub","namespace":"mdai"},"namespace":"mdai","name":"mdaihub","reconcileID":"40ef6250-1767-4a55-baf9-9947f6898783"}
{"level":"info","timestamp":"2026-02-27T06:11:42.088Z","msg":"-- Starting MdaiHub reconciliation --","controller":"mdaihub","controllerGroup":"hub.mydecisive.ai","controllerKind":"MdaiHub","MdaiHub":{"name":"mdaihub","namespace":"mdai"},"namespace":"mdai","name":"mdaihub","reconcileID":"c39fcdb7-68d9-4fdd-88c9-a860fb06fdc4","namespace":{"name":"mdaihub","namespace":"mdai"},"name":"mdaihub"}
{"level":"info","timestamp":"2026-02-27T06:11:42.088Z","msg":"EnsurePrometheusRuleSynchronized","controller":"mdaihub","controllerGroup":"hub.mydecisive.ai","controllerKind":"MdaiHub","MdaiHub":{"name":"mdaihub","namespace":"mdai"},"namespace":"mdai","name":"mdaihub","reconcileID":"c39fcdb7-68d9-4fdd-88c9-a860fb06fdc4"}
{"level":"info","timestamp":"2026-02-27T06:11:42.091Z","msg":"Created new PrometheusRule","controller":"mdaihub","controllerGroup":"hub.mydecisive.ai","controllerKind":"MdaiHub","MdaiHub":{"name":"mdaihub","namespace":"mdai"},"namespace":"mdai","name":"mdaihub","reconcileID":"c39fcdb7-68d9-4fdd-88c9-a860fb06fdc4","prometheus_rule_name":"mdai-mdaihub-alert-rules"}
{"level":"info","timestamp":"2026-02-27T06:11:42.096Z","msg":"Creating or updating ConfigMap for automations","controller":"mdaihub","controllerGroup":"hub.mydecisive.ai","controllerKind":"MdaiHub","MdaiHub":{"name":"mdaihub","namespace":"mdai"},"namespace":"mdai","name":"mdaihub","reconcileID":"c39fcdb7-68d9-4fdd-88c9-a860fb06fdc4","name":"mdaihub"}
{"level":"info","timestamp":"2026-02-27T06:11:42.097Z","msg":"<CreateFunc> mdaihub-automation ignored"}
{"level":"info","timestamp":"2026-02-27T06:11:42.098Z","msg":"Successfully created or updated ConfigMap","controller":"mdaihub","controllerGroup":"hub.mydecisive.ai","controllerKind":"MdaiHub","MdaiHub":{"name":"mdaihub","namespace":"mdai"},"namespace":"mdai","name":"mdaihub","reconcileID":"c39fcdb7-68d9-4fdd-88c9-a860fb06fdc4","name":"mdaihub-automation","namespace":"mdai","operation":"created"}
{"level":"info","timestamp":"2026-02-27T06:11:42.098Z","msg":"Successfully created ConfigMap for automations","controller":"mdaihub","controllerGroup":"hub.mydecisive.ai","controllerKind":"MdaiHub","MdaiHub":{"name":"mdaihub","namespace":"mdai"},"namespace":"mdai","name":"mdaihub","reconcileID":"c39fcdb7-68d9-4fdd-88c9-a860fb06fdc4","name":"mdaihub"}
{"level":"info","timestamp":"2026-02-27T06:11:42.098Z","msg":"Processing variable","controller":"mdaihub","controllerGroup":"hub.mydecisive.ai","controllerKind":"MdaiHub","MdaiHub":{"name":"mdaihub","namespace":"mdai"},"namespace":"mdai","name":"mdaihub","reconcileID":"c39fcdb7-68d9-4fdd-88c9-a860fb06fdc4","key":"service_list"}
{"level":"info","timestamp":"2026-02-27T06:11:42.098Z","msg":"Data received for variable/mdaihub/service_list: []"}
{"level":"info","timestamp":"2026-02-27T06:11:42.098Z","msg":"Processing variable","controller":"mdaihub","controllerGroup":"hub.mydecisive.ai","controllerKind":"MdaiHub","MdaiHub":{"name":"mdaihub","namespace":"mdai"},"namespace":"mdai","name":"mdaihub","reconcileID":"c39fcdb7-68d9-4fdd-88c9-a860fb06fdc4","key":"alerting_data_type"}
{"level":"info","timestamp":"2026-02-27T06:11:42.098Z","msg":"No value found in storage","key":"variable/mdaihub/alerting_data_type"}
{"level":"info","timestamp":"2026-02-27T06:11:42.098Z","msg":"Processing variable","controller":"mdaihub","controllerGroup":"hub.mydecisive.ai","controllerKind":"MdaiHub","MdaiHub":{"name":"mdaihub","namespace":"mdai"},"namespace":"mdai","name":"mdaihub","reconcileID":"c39fcdb7-68d9-4fdd-88c9-a860fb06fdc4","key":"alerting_triggered"}
{"level":"info","timestamp":"2026-02-27T06:11:42.098Z","msg":"No value found in storage","key":"variable/mdaihub/alerting_triggered"}
{"level":"info","timestamp":"2026-02-27T06:11:42.098Z","msg":"Deleting old valkey keys","controller":"mdaihub","controllerGroup":"hub.mydecisive.ai","controllerKind":"MdaiHub","MdaiHub":{"name":"mdaihub","namespace":"mdai"},"namespace":"mdai","name":"mdaihub","reconcileID":"c39fcdb7-68d9-4fdd-88c9-a860fb06fdc4","valkeyKeysToKeep":{"alerting_data_type":{},"alerting_triggered":{},"service_list":{}}}
{"level":"info","timestamp":"2026-02-27T06:11:42.098Z","msg":"No manual variables defined in the MDAI CR","controller":"mdaihub","controllerGroup":"hub.mydecisive.ai","controllerKind":"MdaiHub","MdaiHub":{"name":"mdaihub","namespace":"mdai"},"namespace":"mdai","name":"mdaihub","reconcileID":"c39fcdb7-68d9-4fdd-88c9-a860fb06fdc4","name":"mdaihub"}
{"level":"info","timestamp":"2026-02-27T06:11:42.098Z","msg":"Deleting ConfigMap","controller":"mdaihub","controllerGroup":"hub.mydecisive.ai","controllerKind":"MdaiHub","MdaiHub":{"name":"mdaihub","namespace":"mdai"},"namespace":"mdai","name":"mdaihub","reconcileID":"c39fcdb7-68d9-4fdd-88c9-a860fb06fdc4","name":"mdaihub-manual-variables","namespace":"mdai"}
{"level":"info","timestamp":"2026-02-27T06:11:42.100Z","msg":"<DeleteFunc> mdaihub-manual-variables ignored"}
{"level":"info","timestamp":"2026-02-27T06:11:42.102Z","msg":"Successfully created or updated ConfigMap","controller":"mdaihub","controllerGroup":"hub.mydecisive.ai","controllerKind":"MdaiHub","MdaiHub":{"name":"mdaihub","namespace":"mdai"},"namespace":"mdai","name":"mdaihub","reconcileID":"c39fcdb7-68d9-4fdd-88c9-a860fb06fdc4","name":"mdaihub-variables","namespace":"mdai","operation":"updated"}
{"level":"info","timestamp":"2026-02-27T06:11:42.102Z","msg":"<UpdateFunc> mdaihub-variables shouldReconcile: false"}
{"level":"error","timestamp":"2026-02-27T06:11:42.103Z","msg":"Failed to create or update ConfigMap","controller":"mdaihub","controllerGroup":"hub.mydecisive.ai","controllerKind":"MdaiHub","MdaiHub":{"name":"mdaihub","namespace":"mdai"},"namespace":"mdai","name":"mdaihub","reconcileID":"c39fcdb7-68d9-4fdd-88c9-a860fb06fdc4","name":"mdaihub-variables","namespace":"mdai","error":"Operation cannot be fulfilled on configmaps \"mdaihub-variables\": the object has been modified; please apply your changes to the latest version and try again","stacktrace":"github.com/go-logr/logr.Logger.Error\n\tgithub.com/go-logr/logr@v1.4.3/logr.go:301\ngithub.com/decisiveai/mdai-operator/internal/controller.HubAdapter.createOrUpdateEnvConfigMap\n\tgithub.com/decisiveai/mdai-operator/internal/controller/hub_adapter.go:671\ngithub.com/decisiveai/mdai-operator/internal/controller.HubAdapter.syncComputedConfigMapsAndRestart\n\tgithub.com/decisiveai/mdai-operator/internal/controller/hub_adapter.go:446\ngithub.com/decisiveai/mdai-operator/internal/controller.HubAdapter.ensureVariableSynchronized\n\tgithub.com/decisiveai/mdai-operator/internal/controller/hub_adapter.go:507\ngithub.com/decisiveai/mdai-operator/internal/controller.(*MdaiHubReconciler).ReconcileHandler\n\tgithub.com/decisiveai/mdai-operator/internal/controller/mdaihub_controller.go:113\ngithub.com/decisiveai/mdai-operator/internal/controller.(*MdaiHubReconciler).Reconcile\n\tgithub.com/decisiveai/mdai-operator/internal/controller/mdaihub_controller.go:87\nsigs.k8s.io/controller-runtime/pkg/internal/controller.(*Controller[...]).Reconcile\n\tsigs.k8s.io/controller-runtime@v0.20.4/pkg/internal/controller/controller.go:119\nsigs.k8s.io/controller-runtime/pkg/internal/controller.(*Controller[...]).reconcileHandler\n\tsigs.k8s.io/controller-runtime@v0.20.4/pkg/internal/controller/controller.go:334\nsigs.k8s.io/controller-runtime/pkg/internal/controller.(*Controller[...]).processNextWorkItem\n\tsigs.k8s.io/controller-runtime@v0.20.4/pkg/internal/controller/controller.go:294\nsigs.k8s.io/controller-runtime/pkg/internal/controller.(*Controller[...]).Start.func2.2\n\tsigs.k8s.io/controller-runtime@v0.20.4/pkg/internal/controller/controller.go:255"}
{"level":"error","timestamp":"2026-02-27T06:11:42.103Z","msg":"Reconciler error","controller":"mdaihub","controllerGroup":"hub.mydecisive.ai","controllerKind":"MdaiHub","MdaiHub":{"name":"mdaihub","namespace":"mdai"},"namespace":"mdai","name":"mdaihub","reconcileID":"c39fcdb7-68d9-4fdd-88c9-a860fb06fdc4","error":"failed to create or update ConfigMap: Operation cannot be fulfilled on configmaps \"mdaihub-variables\": the object has been modified; please apply your changes to the latest version and try again","stacktrace":"github.com/go-logr/logr.Logger.Error\n\tgithub.com/go-logr/logr@v1.4.3/logr.go:301\nsigs.k8s.io/controller-runtime/pkg/internal/controller.(*Controller[...]).reconcileHandler\n\tsigs.k8s.io/controller-runtime@v0.20.4/pkg/internal/controller/controller.go:347\nsigs.k8s.io/controller-runtime/pkg/internal/controller.(*Controller[...]).processNextWorkItem\n\tsigs.k8s.io/controller-runtime@v0.20.4/pkg/internal/controller/controller.go:294\nsigs.k8s.io/controller-runtime/pkg/internal/controller.(*Controller[...]).Start.func2.2\n\tsigs.k8s.io/controller-runtime@v0.20.4/pkg/internal/controller/controller.go:255"}
{"level":"info","timestamp":"2026-02-27T06:11:42.109Z","msg":"-- Starting MdaiHub reconciliation --","controller":"mdaihub","controllerGroup":"hub.mydecisive.ai","controllerKind":"MdaiHub","MdaiHub":{"name":"mdaihub","namespace":"mdai"},"namespace":"mdai","name":"mdaihub","reconcileID":"66403f4d-3f90-4df2-bafd-df3dc9bc4811","namespace":{"name":"mdaihub","namespace":"mdai"},"name":"mdaihub"}
{"level":"info","timestamp":"2026-02-27T06:11:42.109Z","msg":"EnsurePrometheusRuleSynchronized","controller":"mdaihub","controllerGroup":"hub.mydecisive.ai","controllerKind":"MdaiHub","MdaiHub":{"name":"mdaihub","namespace":"mdai"},"namespace":"mdai","name":"mdaihub","reconcileID":"66403f4d-3f90-4df2-bafd-df3dc9bc4811"}
{"level":"info","timestamp":"2026-02-27T06:11:42.115Z","msg":"Creating or updating ConfigMap for automations","controller":"mdaihub","controllerGroup":"hub.mydecisive.ai","controllerKind":"MdaiHub","MdaiHub":{"name":"mdaihub","namespace":"mdai"},"namespace":"mdai","name":"mdaihub","reconcileID":"66403f4d-3f90-4df2-bafd-df3dc9bc4811","name":"mdaihub"}
{"level":"info","timestamp":"2026-02-27T06:11:42.115Z","msg":"Successfully created or updated ConfigMap","controller":"mdaihub","controllerGroup":"hub.mydecisive.ai","controllerKind":"MdaiHub","MdaiHub":{"name":"mdaihub","namespace":"mdai"},"namespace":"mdai","name":"mdaihub","reconcileID":"66403f4d-3f90-4df2-bafd-df3dc9bc4811","name":"mdaihub-automation","namespace":"mdai","operation":"unchanged"}
{"level":"info","timestamp":"2026-02-27T06:11:42.115Z","msg":"Successfully unchanged ConfigMap for automations","controller":"mdaihub","controllerGroup":"hub.mydecisive.ai","controllerKind":"MdaiHub","MdaiHub":{"name":"mdaihub","namespace":"mdai"},"namespace":"mdai","name":"mdaihub","reconcileID":"66403f4d-3f90-4df2-bafd-df3dc9bc4811","name":"mdaihub"}
{"level":"info","timestamp":"2026-02-27T06:11:42.115Z","msg":"Processing variable","controller":"mdaihub","controllerGroup":"hub.mydecisive.ai","controllerKind":"MdaiHub","MdaiHub":{"name":"mdaihub","namespace":"mdai"},"namespace":"mdai","name":"mdaihub","reconcileID":"66403f4d-3f90-4df2-bafd-df3dc9bc4811","key":"service_list"}
{"level":"info","timestamp":"2026-02-27T06:11:42.115Z","msg":"Data received for variable/mdaihub/service_list: []"}
{"level":"info","timestamp":"2026-02-27T06:11:42.115Z","msg":"Processing variable","controller":"mdaihub","controllerGroup":"hub.mydecisive.ai","controllerKind":"MdaiHub","MdaiHub":{"name":"mdaihub","namespace":"mdai"},"namespace":"mdai","name":"mdaihub","reconcileID":"66403f4d-3f90-4df2-bafd-df3dc9bc4811","key":"alerting_data_type"}
{"level":"info","timestamp":"2026-02-27T06:11:42.115Z","msg":"No value found in storage","key":"variable/mdaihub/alerting_data_type"}
{"level":"info","timestamp":"2026-02-27T06:11:42.115Z","msg":"Processing variable","controller":"mdaihub","controllerGroup":"hub.mydecisive.ai","controllerKind":"MdaiHub","MdaiHub":{"name":"mdaihub","namespace":"mdai"},"namespace":"mdai","name":"mdaihub","reconcileID":"66403f4d-3f90-4df2-bafd-df3dc9bc4811","key":"alerting_triggered"}
{"level":"info","timestamp":"2026-02-27T06:11:42.115Z","msg":"No value found in storage","key":"variable/mdaihub/alerting_triggered"}
{"level":"info","timestamp":"2026-02-27T06:11:42.115Z","msg":"Deleting old valkey keys","controller":"mdaihub","controllerGroup":"hub.mydecisive.ai","controllerKind":"MdaiHub","MdaiHub":{"name":"mdaihub","namespace":"mdai"},"namespace":"mdai","name":"mdaihub","reconcileID":"66403f4d-3f90-4df2-bafd-df3dc9bc4811","valkeyKeysToKeep":{"alerting_data_type":{},"alerting_triggered":{},"service_list":{}}}
{"level":"info","timestamp":"2026-02-27T06:11:42.115Z","msg":"No manual variables defined in the MDAI CR","controller":"mdaihub","controllerGroup":"hub.mydecisive.ai","controllerKind":"MdaiHub","MdaiHub":{"name":"mdaihub","namespace":"mdai"},"namespace":"mdai","name":"mdaihub","reconcileID":"66403f4d-3f90-4df2-bafd-df3dc9bc4811","name":"mdaihub"}
{"level":"info","timestamp":"2026-02-27T06:11:42.115Z","msg":"Deleting ConfigMap","controller":"mdaihub","controllerGroup":"hub.mydecisive.ai","controllerKind":"MdaiHub","MdaiHub":{"name":"mdaihub","namespace":"mdai"},"namespace":"mdai","name":"mdaihub","reconcileID":"66403f4d-3f90-4df2-bafd-df3dc9bc4811","name":"mdaihub-manual-variables","namespace":"mdai"}
{"level":"info","timestamp":"2026-02-27T06:11:42.116Z","msg":"ConfigMap not found, skipping deletion","controller":"mdaihub","controllerGroup":"hub.mydecisive.ai","controllerKind":"MdaiHub","MdaiHub":{"name":"mdaihub","namespace":"mdai"},"namespace":"mdai","name":"mdaihub","reconcileID":"66403f4d-3f90-4df2-bafd-df3dc9bc4811","name":"mdaihub-manual-variables","namespace":"mdai"}
{"level":"info","timestamp":"2026-02-27T06:11:42.116Z","msg":"Successfully created or updated ConfigMap","controller":"mdaihub","controllerGroup":"hub.mydecisive.ai","controllerKind":"MdaiHub","MdaiHub":{"name":"mdaihub","namespace":"mdai"},"namespace":"mdai","name":"mdaihub","reconcileID":"66403f4d-3f90-4df2-bafd-df3dc9bc4811","name":"mdaihub-variables","namespace":"mdai","operation":"unchanged"}
{"level":"info","timestamp":"2026-02-27T06:11:42.116Z","msg":"Successfully created or updated ConfigMap","controller":"mdaihub","controllerGroup":"hub.mydecisive.ai","controllerKind":"MdaiHub","MdaiHub":{"name":"mdaihub","namespace":"mdai"},"namespace":"mdai","name":"mdaihub","reconcileID":"66403f4d-3f90-4df2-bafd-df3dc9bc4811","name":"mdaihub-variables","namespace":"mdai","operation":"unchanged"}
{"level":"info","timestamp":"2026-02-27T06:11:42.116Z","msg":"Successfully created or updated ConfigMap","controller":"mdaihub","controllerGroup":"hub.mydecisive.ai","controllerKind":"MdaiHub","MdaiHub":{"name":"mdaihub","namespace":"mdai"},"namespace":"mdai","name":"mdaihub","reconcileID":"66403f4d-3f90-4df2-bafd-df3dc9bc4811","name":"mdaihub-variables","namespace":"mdai","operation":"unchanged"}
{"level":"info","timestamp":"2026-02-27T06:11:42.118Z","msg":"Status set to done for mdai hub","controller":"mdaihub","controllerGroup":"hub.mydecisive.ai","controllerKind":"MdaiHub","MdaiHub":{"name":"mdaihub","namespace":"mdai"},"namespace":"mdai","name":"mdaihub","reconcileID":"66403f4d-3f90-4df2-bafd-df3dc9bc4811","mdaiHub":"mdaihub"}
{"level":"info","timestamp":"2026-02-27T06:11:42.118Z","msg":"-- Finished MdaiHub reconciliation --","controller":"mdaihub","controllerGroup":"hub.mydecisive.ai","controllerKind":"MdaiHub","MdaiHub":{"name":"mdaihub","namespace":"mdai"},"namespace":"mdai","name":"mdaihub","reconcileID":"66403f4d-3f90-4df2-bafd-df3dc9bc4811"}
{"level":"info","timestamp":"2026-02-27T06:11:42.214Z","logger":"mdaihub-resource","msg":"Defaulting for MdaiHub","name":"mdaihub"}
{"level":"info","timestamp":"2026-02-27T06:11:42.215Z","logger":"mdaihub-resource","msg":"Validation for MdaiHub upon update","name":"mdaihub"}
{"level":"info","timestamp":"2026-02-27T06:11:42.218Z","msg":"-- Starting MdaiHub reconciliation --","controller":"mdaihub","controllerGroup":"hub.mydecisive.ai","controllerKind":"MdaiHub","MdaiHub":{"name":"mdaihub","namespace":"mdai"},"namespace":"mdai","name":"mdaihub","reconcileID":"c372ec3f-716c-409b-b7a6-6e4bd19be0b7","namespace":{"name":"mdaihub","namespace":"mdai"},"name":"mdaihub"}
{"level":"info","timestamp":"2026-02-27T06:11:42.218Z","msg":"EnsurePrometheusRuleSynchronized","controller":"mdaihub","controllerGroup":"hub.mydecisive.ai","controllerKind":"MdaiHub","MdaiHub":{"name":"mdaihub","namespace":"mdai"},"namespace":"mdai","name":"mdaihub","reconcileID":"c372ec3f-716c-409b-b7a6-6e4bd19be0b7"}
{"level":"info","timestamp":"2026-02-27T06:11:42.218Z","msg":"No evaluations found, skipping PrometheusRule creation","controller":"mdaihub","controllerGroup":"hub.mydecisive.ai","controllerKind":"MdaiHub","MdaiHub":{"name":"mdaihub","namespace":"mdai"},"namespace":"mdai","name":"mdaihub","reconcileID":"c372ec3f-716c-409b-b7a6-6e4bd19be0b7"}
{"level":"info","timestamp":"2026-02-27T06:11:42.218Z","msg":"Removing existing rules","controller":"mdaihub","controllerGroup":"hub.mydecisive.ai","controllerKind":"MdaiHub","MdaiHub":{"name":"mdaihub","namespace":"mdai"},"namespace":"mdai","name":"mdaihub","reconcileID":"c372ec3f-716c-409b-b7a6-6e4bd19be0b7"}
{"level":"info","timestamp":"2026-02-27T06:11:42.220Z","msg":"Deleted PrometheusRule","controller":"mdaihub","controllerGroup":"hub.mydecisive.ai","controllerKind":"MdaiHub","MdaiHub":{"name":"mdaihub","namespace":"mdai"},"namespace":"mdai","name":"mdaihub","reconcileID":"c372ec3f-716c-409b-b7a6-6e4bd19be0b7","prometheus_rule_name":"mdai-mdaihub-alert-rules"}
{"level":"info","timestamp":"2026-02-27T06:11:42.220Z","msg":"No automations defined in the MDAI CR","controller":"mdaihub","controllerGroup":"hub.mydecisive.ai","controllerKind":"MdaiHub","MdaiHub":{"name":"mdaihub","namespace":"mdai"},"namespace":"mdai","name":"mdaihub","reconcileID":"c372ec3f-716c-409b-b7a6-6e4bd19be0b7","name":"mdaihub"}
{"level":"info","timestamp":"2026-02-27T06:11:42.220Z","msg":"Deleting ConfigMap","controller":"mdaihub","controllerGroup":"hub.mydecisive.ai","controllerKind":"MdaiHub","MdaiHub":{"name":"mdaihub","namespace":"mdai"},"namespace":"mdai","name":"mdaihub","reconcileID":"c372ec3f-716c-409b-b7a6-6e4bd19be0b7","name":"mdaihub-automation","namespace":"mdai"}
{"level":"info","timestamp":"2026-02-27T06:11:42.222Z","msg":"<DeleteFunc> mdaihub-automation ignored"}
{"level":"info","timestamp":"2026-02-27T06:11:42.222Z","msg":"Processing variable","controller":"mdaihub","controllerGroup":"hub.mydecisive.ai","controllerKind":"MdaiHub","MdaiHub":{"name":"mdaihub","namespace":"mdai"},"namespace":"mdai","name":"mdaihub","reconcileID":"c372ec3f-716c-409b-b7a6-6e4bd19be0b7","key":"fields_to_redact"}
{"level":"info","timestamp":"2026-02-27T06:11:42.223Z","msg":"Data received for variable/mdaihub/fields_to_redact: []"}
{"level":"info","timestamp":"2026-02-27T06:11:42.223Z","msg":"Processing variable","controller":"mdaihub","controllerGroup":"hub.mydecisive.ai","controllerKind":"MdaiHub","MdaiHub":{"name":"mdaihub","namespace":"mdai"},"namespace":"mdai","name":"mdaihub","reconcileID":"c372ec3f-716c-409b-b7a6-6e4bd19be0b7","key":"fields_to_hash"}
{"level":"info","timestamp":"2026-02-27T06:11:42.223Z","msg":"Data received for variable/mdaihub/fields_to_hash: []"}
{"level":"info","timestamp":"2026-02-27T06:11:42.223Z","msg":"Processing variable","controller":"mdaihub","controllerGroup":"hub.mydecisive.ai","controllerKind":"MdaiHub","MdaiHub":{"name":"mdaihub","namespace":"mdai"},"namespace":"mdai","name":"mdaihub","reconcileID":"c372ec3f-716c-409b-b7a6-6e4bd19be0b7","key":"email_regex"}
{"level":"info","timestamp":"2026-02-27T06:11:42.223Z","msg":"No value found in storage","key":"variable/mdaihub/email_regex"}
{"level":"info","timestamp":"2026-02-27T06:11:42.223Z","msg":"Processing variable","controller":"mdaihub","controllerGroup":"hub.mydecisive.ai","controllerKind":"MdaiHub","MdaiHub":{"name":"mdaihub","namespace":"mdai"},"namespace":"mdai","name":"mdaihub","reconcileID":"c372ec3f-716c-409b-b7a6-6e4bd19be0b7","key":"cc_regex"}
{"level":"info","timestamp":"2026-02-27T06:11:42.223Z","msg":"No value found in storage","key":"variable/mdaihub/cc_regex"}
{"level":"info","timestamp":"2026-02-27T06:11:42.223Z","msg":"Processing variable","controller":"mdaihub","controllerGroup":"hub.mydecisive.ai","controllerKind":"MdaiHub","MdaiHub":{"name":"mdaihub","namespace":"mdai"},"namespace":"mdai","name":"mdaihub","reconcileID":"c372ec3f-716c-409b-b7a6-6e4bd19be0b7","key":"phone_regex"}
{"level":"info","timestamp":"2026-02-27T06:11:42.223Z","msg":"No value found in storage","key":"variable/mdaihub/phone_regex"}
{"level":"info","timestamp":"2026-02-27T06:11:42.223Z","msg":"Processing variable","controller":"mdaihub","controllerGroup":"hub.mydecisive.ai","controllerKind":"MdaiHub","MdaiHub":{"name":"mdaihub","namespace":"mdai"},"namespace":"mdai","name":"mdaihub","reconcileID":"c372ec3f-716c-409b-b7a6-6e4bd19be0b7","key":"address_regex"}
{"level":"info","timestamp":"2026-02-27T06:11:42.223Z","msg":"No value found in storage","key":"variable/mdaihub/address_regex"}
{"level":"info","timestamp":"2026-02-27T06:11:42.223Z","msg":"Processing variable","controller":"mdaihub","controllerGroup":"hub.mydecisive.ai","controllerKind":"MdaiHub","MdaiHub":{"name":"mdaihub","namespace":"mdai"},"namespace":"mdai","name":"mdaihub","reconcileID":"c372ec3f-716c-409b-b7a6-6e4bd19be0b7","key":"ssn_regex"}
{"level":"info","timestamp":"2026-02-27T06:11:42.223Z","msg":"No value found in storage","key":"variable/mdaihub/ssn_regex"}
{"level":"info","timestamp":"2026-02-27T06:11:42.223Z","msg":"Processing variable","controller":"mdaihub","controllerGroup":"hub.mydecisive.ai","controllerKind":"MdaiHub","MdaiHub":{"name":"mdaihub","namespace":"mdai"},"namespace":"mdai","name":"mdaihub","reconcileID":"c372ec3f-716c-409b-b7a6-6e4bd19be0b7","key":"name_regex"}
{"level":"info","timestamp":"2026-02-27T06:11:42.223Z","msg":"No value found in storage","key":"variable/mdaihub/name_regex"}
{"level":"info","timestamp":"2026-02-27T06:11:42.223Z","msg":"Processing variable","controller":"mdaihub","controllerGroup":"hub.mydecisive.ai","controllerKind":"MdaiHub","MdaiHub":{"name":"mdaihub","namespace":"mdai"},"namespace":"mdai","name":"mdaihub","reconcileID":"c372ec3f-716c-409b-b7a6-6e4bd19be0b7","key":"email_template"}
{"level":"info","timestamp":"2026-02-27T06:11:42.223Z","msg":"No value found in storage","key":"variable/mdaihub/email_template"}
{"level":"info","timestamp":"2026-02-27T06:11:42.223Z","msg":"Processing variable","controller":"mdaihub","controllerGroup":"hub.mydecisive.ai","controllerKind":"MdaiHub","MdaiHub":{"name":"mdaihub","namespace":"mdai"},"namespace":"mdai","name":"mdaihub","reconcileID":"c372ec3f-716c-409b-b7a6-6e4bd19be0b7","key":"cc_template"}
{"level":"info","timestamp":"2026-02-27T06:11:42.224Z","msg":"No value found in storage","key":"variable/mdaihub/cc_template"}
{"level":"info","timestamp":"2026-02-27T06:11:42.224Z","msg":"Processing variable","controller":"mdaihub","controllerGroup":"hub.mydecisive.ai","controllerKind":"MdaiHub","MdaiHub":{"name":"mdaihub","namespace":"mdai"},"namespace":"mdai","name":"mdaihub","reconcileID":"c372ec3f-716c-409b-b7a6-6e4bd19be0b7","key":"phone_template"}
{"level":"info","timestamp":"2026-02-27T06:11:42.224Z","msg":"No value found in storage","key":"variable/mdaihub/phone_template"}
{"level":"info","timestamp":"2026-02-27T06:11:42.224Z","msg":"Processing variable","controller":"mdaihub","controllerGroup":"hub.mydecisive.ai","controllerKind":"MdaiHub","MdaiHub":{"name":"mdaihub","namespace":"mdai"},"namespace":"mdai","name":"mdaihub","reconcileID":"c372ec3f-716c-409b-b7a6-6e4bd19be0b7","key":"address_template"}
{"level":"info","timestamp":"2026-02-27T06:11:42.224Z","msg":"No value found in storage","key":"variable/mdaihub/address_template"}
{"level":"info","timestamp":"2026-02-27T06:11:42.224Z","msg":"Processing variable","controller":"mdaihub","controllerGroup":"hub.mydecisive.ai","controllerKind":"MdaiHub","MdaiHub":{"name":"mdaihub","namespace":"mdai"},"namespace":"mdai","name":"mdaihub","reconcileID":"c372ec3f-716c-409b-b7a6-6e4bd19be0b7","key":"ssn_template"}
{"level":"info","timestamp":"2026-02-27T06:11:42.224Z","msg":"No value found in storage","key":"variable/mdaihub/ssn_template"}
{"level":"info","timestamp":"2026-02-27T06:11:42.224Z","msg":"Processing variable","controller":"mdaihub","controllerGroup":"hub.mydecisive.ai","controllerKind":"MdaiHub","MdaiHub":{"name":"mdaihub","namespace":"mdai"},"namespace":"mdai","name":"mdaihub","reconcileID":"c372ec3f-716c-409b-b7a6-6e4bd19be0b7","key":"name_template"}
{"level":"info","timestamp":"2026-02-27T06:11:42.224Z","msg":"No value found in storage","key":"variable/mdaihub/name_template"}
{"level":"info","timestamp":"2026-02-27T06:11:42.224Z","msg":"Deleting old valkey keys","controller":"mdaihub","controllerGroup":"hub.mydecisive.ai","controllerKind":"MdaiHub","MdaiHub":{"name":"mdaihub","namespace":"mdai"},"namespace":"mdai","name":"mdaihub","reconcileID":"c372ec3f-716c-409b-b7a6-6e4bd19be0b7","valkeyKeysToKeep":{"address_regex":{},"address_template":{},"cc_regex":{},"cc_template":{},"email_regex":{},"email_template":{},"fields_to_hash":{},"fields_to_redact":{},"name_regex":{},"name_template":{},"phone_regex":{},"phone_template":{},"ssn_regex":{},"ssn_template":{}}}
{"level":"info","timestamp":"2026-02-27T06:11:42.227Z","msg":"<CreateFunc> mdaihub-manual-variables ignored"}
{"level":"info","timestamp":"2026-02-27T06:11:42.227Z","msg":"Successfully created or updated ConfigMap","controller":"mdaihub","controllerGroup":"hub.mydecisive.ai","controllerKind":"MdaiHub","MdaiHub":{"name":"mdaihub","namespace":"mdai"},"namespace":"mdai","name":"mdaihub","reconcileID":"c372ec3f-716c-409b-b7a6-6e4bd19be0b7","name":"mdaihub-manual-variables","namespace":"mdai","operation":"created"}
{"level":"info","timestamp":"2026-02-27T06:11:42.229Z","msg":"<UpdateFunc> mdaihub-variables shouldReconcile: false"}
{"level":"info","timestamp":"2026-02-27T06:11:42.229Z","msg":"Successfully created or updated ConfigMap","controller":"mdaihub","controllerGroup":"hub.mydecisive.ai","controllerKind":"MdaiHub","MdaiHub":{"name":"mdaihub","namespace":"mdai"},"namespace":"mdai","name":"mdaihub","reconcileID":"c372ec3f-716c-409b-b7a6-6e4bd19be0b7","name":"mdaihub-variables","namespace":"mdai","operation":"updated"}
{"level":"info","timestamp":"2026-02-27T06:11:42.229Z","msg":"Successfully created or updated ConfigMap","controller":"mdaihub","controllerGroup":"hub.mydecisive.ai","controllerKind":"MdaiHub","MdaiHub":{"name":"mdaihub","namespace":"mdai"},"namespace":"mdai","name":"mdaihub","reconcileID":"c372ec3f-716c-409b-b7a6-6e4bd19be0b7","name":"mdaihub-variables","namespace":"mdai","operation":"unchanged"}
{"level":"info","timestamp":"2026-02-27T06:11:42.229Z","msg":"Successfully created or updated ConfigMap","controller":"mdaihub","controllerGroup":"hub.mydecisive.ai","controllerKind":"MdaiHub","MdaiHub":{"name":"mdaihub","namespace":"mdai"},"namespace":"mdai","name":"mdaihub","reconcileID":"c372ec3f-716c-409b-b7a6-6e4bd19be0b7","name":"mdaihub-variables","namespace":"mdai","operation":"unchanged"}
{"level":"info","timestamp":"2026-02-27T06:11:42.229Z","msg":"Triggering restart of OpenTelemetry Collector","controller":"mdaihub","controllerGroup":"hub.mydecisive.ai","controllerKind":"MdaiHub","MdaiHub":{"name":"mdaihub","namespace":"mdai"},"namespace":"mdai","name":"mdaihub","reconcileID":"c372ec3f-716c-409b-b7a6-6e4bd19be0b7","name":"gateway-datadog"}
{"level":"warn","timestamp":"2026-02-27T06:11:42.235Z","msg":"VALKEY_AUDIT_STREAM_EXPIRY_MS is deprecated; use VALKEY_AUDIT_STREAM_RETENTION","retention":2592000,"stacktrace":"github.com/decisiveai/mdai-data-core/audit.getStreamRetention\n\tgithub.com/decisiveai/mdai-data-core@v0.2.9/audit/adapter.go:241\ngithub.com/decisiveai/mdai-data-core/audit.NewAuditAdapter\n\tgithub.com/decisiveai/mdai-data-core@v0.2.9/audit/adapter.go:54\ngithub.com/decisiveai/mdai-operator/internal/controller.HubAdapter.restartCollectorAndAudit\n\tgithub.com/decisiveai/mdai-operator/internal/controller/hub_adapter.go:427\ngithub.com/decisiveai/mdai-operator/internal/controller.HubAdapter.syncComputedConfigMapsAndRestart\n\tgithub.com/decisiveai/mdai-operator/internal/controller/hub_adapter.go:458\ngithub.com/decisiveai/mdai-operator/internal/controller.HubAdapter.ensureVariableSynchronized\n\tgithub.com/decisiveai/mdai-operator/internal/controller/hub_adapter.go:507\ngithub.com/decisiveai/mdai-operator/internal/controller.(*MdaiHubReconciler).ReconcileHandler\n\tgithub.com/decisiveai/mdai-operator/internal/controller/mdaihub_controller.go:113\ngithub.com/decisiveai/mdai-operator/internal/controller.(*MdaiHubReconciler).Reconcile\n\tgithub.com/decisiveai/mdai-operator/internal/controller/mdaihub_controller.go:87\nsigs.k8s.io/controller-runtime/pkg/internal/controller.(*Controller[...]).Reconcile\n\tsigs.k8s.io/controller-runtime@v0.20.4/pkg/internal/controller/controller.go:119\nsigs.k8s.io/controller-runtime/pkg/internal/controller.(*Controller[...]).reconcileHandler\n\tsigs.k8s.io/controller-runtime@v0.20.4/pkg/internal/controller/controller.go:334\nsigs.k8s.io/controller-runtime/pkg/internal/controller.(*Controller[...]).processNextWorkItem\n\tsigs.k8s.io/controller-runtime@v0.20.4/pkg/internal/controller/controller.go:294\nsigs.k8s.io/controller-runtime/pkg/internal/controller.(*Controller[...]).Start.func2.2\n\tsigs.k8s.io/controller-runtime@v0.20.4/pkg/internal/controller/controller.go:255"}
{"level":"info","timestamp":"2026-02-27T06:11:42.235Z","msg":"AUDIT: Triggering restart of OpenTelemetry Collector","controller":"mdaihub","controllerGroup":"hub.mydecisive.ai","controllerKind":"MdaiHub","MdaiHub":{"name":"mdaihub","namespace":"mdai"},"namespace":"mdai","name":"mdaihub","reconcileID":"c372ec3f-716c-409b-b7a6-6e4bd19be0b7","mdai-logstream":"audit","FIELDS_TO_HASH":"","type":"collector_restart","timestamp":"2026-02-27T06:11:42Z","hub_name":"mdaihub","FIELDS_TO_REDACT":""}
{"level":"info","timestamp":"2026-02-27T06:11:42.236Z","msg":"Triggering restart of OpenTelemetry Collector","controller":"mdaihub","controllerGroup":"hub.mydecisive.ai","controllerKind":"MdaiHub","MdaiHub":{"name":"mdaihub","namespace":"mdai"},"namespace":"mdai","name":"mdaihub","reconcileID":"c372ec3f-716c-409b-b7a6-6e4bd19be0b7","name":"gateway-dynamic-filtration"}
{"level":"warn","timestamp":"2026-02-27T06:11:42.243Z","msg":"VALKEY_AUDIT_STREAM_EXPIRY_MS is deprecated; use VALKEY_AUDIT_STREAM_RETENTION","retention":2592000,"stacktrace":"github.com/decisiveai/mdai-data-core/audit.getStreamRetention\n\tgithub.com/decisiveai/mdai-data-core@v0.2.9/audit/adapter.go:241\ngithub.com/decisiveai/mdai-data-core/audit.NewAuditAdapter\n\tgithub.com/decisiveai/mdai-data-core@v0.2.9/audit/adapter.go:54\ngithub.com/decisiveai/mdai-operator/internal/controller.HubAdapter.restartCollectorAndAudit\n\tgithub.com/decisiveai/mdai-operator/internal/controller/hub_adapter.go:427\ngithub.com/decisiveai/mdai-operator/internal/controller.HubAdapter.syncComputedConfigMapsAndRestart\n\tgithub.com/decisiveai/mdai-operator/internal/controller/hub_adapter.go:458\ngithub.com/decisiveai/mdai-operator/internal/controller.HubAdapter.ensureVariableSynchronized\n\tgithub.com/decisiveai/mdai-operator/internal/controller/hub_adapter.go:507\ngithub.com/decisiveai/mdai-operator/internal/controller.(*MdaiHubReconciler).ReconcileHandler\n\tgithub.com/decisiveai/mdai-operator/internal/controller/mdaihub_controller.go:113\ngithub.com/decisiveai/mdai-operator/internal/controller.(*MdaiHubReconciler).Reconcile\n\tgithub.com/decisiveai/mdai-operator/internal/controller/mdaihub_controller.go:87\nsigs.k8s.io/controller-runtime/pkg/internal/controller.(*Controller[...]).Reconcile\n\tsigs.k8s.io/controller-runtime@v0.20.4/pkg/internal/controller/controller.go:119\nsigs.k8s.io/controller-runtime/pkg/internal/controller.(*Controller[...]).reconcileHandler\n\tsigs.k8s.io/controller-runtime@v0.20.4/pkg/internal/controller/controller.go:334\nsigs.k8s.io/controller-runtime/pkg/internal/controller.(*Controller[...]).processNextWorkItem\n\tsigs.k8s.io/controller-runtime@v0.20.4/pkg/internal/controller/controller.go:294\nsigs.k8s.io/controller-runtime/pkg/internal/controller.(*Controller[...]).Start.func2.2\n\tsigs.k8s.io/controller-runtime@v0.20.4/pkg/internal/controller/controller.go:255"}
{"level":"info","timestamp":"2026-02-27T06:11:42.243Z","msg":"AUDIT: Triggering restart of OpenTelemetry Collector","controller":"mdaihub","controllerGroup":"hub.mydecisive.ai","controllerKind":"MdaiHub","MdaiHub":{"name":"mdaihub","namespace":"mdai"},"namespace":"mdai","name":"mdaihub","reconcileID":"c372ec3f-716c-409b-b7a6-6e4bd19be0b7","mdai-logstream":"audit","type":"collector_restart","timestamp":"2026-02-27T06:11:42Z","hub_name":"mdaihub","FIELDS_TO_REDACT":"","FIELDS_TO_HASH":""}
{"level":"info","timestamp":"2026-02-27T06:11:42.243Z","msg":"Triggering restart of OpenTelemetry Collector","controller":"mdaihub","controllerGroup":"hub.mydecisive.ai","controllerKind":"MdaiHub","MdaiHub":{"name":"mdaihub","namespace":"mdai"},"namespace":"mdai","name":"mdaihub","reconcileID":"c372ec3f-716c-409b-b7a6-6e4bd19be0b7","name":"gateway-pii"}
{"level":"warn","timestamp":"2026-02-27T06:11:42.249Z","msg":"VALKEY_AUDIT_STREAM_EXPIRY_MS is deprecated; use VALKEY_AUDIT_STREAM_RETENTION","retention":2592000,"stacktrace":"github.com/decisiveai/mdai-data-core/audit.getStreamRetention\n\tgithub.com/decisiveai/mdai-data-core@v0.2.9/audit/adapter.go:241\ngithub.com/decisiveai/mdai-data-core/audit.NewAuditAdapter\n\tgithub.com/decisiveai/mdai-data-core@v0.2.9/audit/adapter.go:54\ngithub.com/decisiveai/mdai-operator/internal/controller.HubAdapter.restartCollectorAndAudit\n\tgithub.com/decisiveai/mdai-operator/internal/controller/hub_adapter.go:427\ngithub.com/decisiveai/mdai-operator/internal/controller.HubAdapter.syncComputedConfigMapsAndRestart\n\tgithub.com/decisiveai/mdai-operator/internal/controller/hub_adapter.go:458\ngithub.com/decisiveai/mdai-operator/internal/controller.HubAdapter.ensureVariableSynchronized\n\tgithub.com/decisiveai/mdai-operator/internal/controller/hub_adapter.go:507\ngithub.com/decisiveai/mdai-operator/internal/controller.(*MdaiHubReconciler).ReconcileHandler\n\tgithub.com/decisiveai/mdai-operator/internal/controller/mdaihub_controller.go:113\ngithub.com/decisiveai/mdai-operator/internal/controller.(*MdaiHubReconciler).Reconcile\n\tgithub.com/decisiveai/mdai-operator/internal/controller/mdaihub_controller.go:87\nsigs.k8s.io/controller-runtime/pkg/internal/controller.(*Controller[...]).Reconcile\n\tsigs.k8s.io/controller-runtime@v0.20.4/pkg/internal/controller/controller.go:119\nsigs.k8s.io/controller-runtime/pkg/internal/controller.(*Controller[...]).reconcileHandler\n\tsigs.k8s.io/controller-runtime@v0.20.4/pkg/internal/controller/controller.go:334\nsigs.k8s.io/controller-runtime/pkg/internal/controller.(*Controller[...]).processNextWorkItem\n\tsigs.k8s.io/controller-runtime@v0.20.4/pkg/internal/controller/controller.go:294\nsigs.k8s.io/controller-runtime/pkg/internal/controller.(*Controller[...]).Start.func2.2\n\tsigs.k8s.io/controller-runtime@v0.20.4/pkg/internal/controller/controller.go:255"}
{"level":"info","timestamp":"2026-02-27T06:11:42.249Z","msg":"AUDIT: Triggering restart of OpenTelemetry Collector","controller":"mdaihub","controllerGroup":"hub.mydecisive.ai","controllerKind":"MdaiHub","MdaiHub":{"name":"mdaihub","namespace":"mdai"},"namespace":"mdai","name":"mdaihub","reconcileID":"c372ec3f-716c-409b-b7a6-6e4bd19be0b7","mdai-logstream":"audit","FIELDS_TO_HASH":"","type":"collector_restart","timestamp":"2026-02-27T06:11:42Z","hub_name":"mdaihub","FIELDS_TO_REDACT":""}
{"level":"info","timestamp":"2026-02-27T06:11:42.253Z","msg":"Status set to done for mdai hub","controller":"mdaihub","controllerGroup":"hub.mydecisive.ai","controllerKind":"MdaiHub","MdaiHub":{"name":"mdaihub","namespace":"mdai"},"namespace":"mdai","name":"mdaihub","reconcileID":"c372ec3f-716c-409b-b7a6-6e4bd19be0b7","mdaiHub":"mdaihub"}
{"level":"info","timestamp":"2026-02-27T06:11:42.253Z","msg":"-- Finished MdaiHub reconciliation --","controller":"mdaihub","controllerGroup":"hub.mydecisive.ai","controllerKind":"MdaiHub","MdaiHub":{"name":"mdaihub","namespace":"mdai"},"namespace":"mdai","name":"mdaihub","reconcileID":"c372ec3f-716c-409b-b7a6-6e4bd19be0b7"}
{"level":"info","timestamp":"2026-02-27T06:12:00.059Z","logger":"mdaihub-resource","msg":"Defaulting for MdaiHub","name":"mdaihub"}
{"level":"info","timestamp":"2026-02-27T06:12:00.059Z","logger":"mdaihub-resource","msg":"Defaulting for MdaiHub","name":"mdaihub"}
{"level":"info","timestamp":"2026-02-27T06:12:00.060Z","logger":"mdaihub-resource","msg":"Validation for MdaiHub upon update","name":"mdaihub"}
{"level":"info","timestamp":"2026-02-27T06:12:00.060Z","logger":"mdaihub-resource","msg":"Validation for MdaiHub upon update","name":"mdaihub"}
{"level":"info","timestamp":"2026-02-27T06:12:00.062Z","msg":"-- Starting MdaiHub reconciliation --","controller":"mdaihub","controllerGroup":"hub.mydecisive.ai","controllerKind":"MdaiHub","MdaiHub":{"name":"mdaihub","namespace":"mdai"},"namespace":"mdai","name":"mdaihub","reconcileID":"6a492f1f-12d8-4d24-b0b2-4aa4c184581e","namespace":{"name":"mdaihub","namespace":"mdai"},"name":"mdaihub"}
{"level":"info","timestamp":"2026-02-27T06:12:00.062Z","msg":"EnsurePrometheusRuleSynchronized","controller":"mdaihub","controllerGroup":"hub.mydecisive.ai","controllerKind":"MdaiHub","MdaiHub":{"name":"mdaihub","namespace":"mdai"},"namespace":"mdai","name":"mdaihub","reconcileID":"6a492f1f-12d8-4d24-b0b2-4aa4c184581e"}
{"level":"info","timestamp":"2026-02-27T06:12:00.062Z","msg":"No evaluations found, skipping PrometheusRule creation","controller":"mdaihub","controllerGroup":"hub.mydecisive.ai","controllerKind":"MdaiHub","MdaiHub":{"name":"mdaihub","namespace":"mdai"},"namespace":"mdai","name":"mdaihub","reconcileID":"6a492f1f-12d8-4d24-b0b2-4aa4c184581e"}
{"level":"info","timestamp":"2026-02-27T06:12:00.062Z","msg":"No automations defined in the MDAI CR","controller":"mdaihub","controllerGroup":"hub.mydecisive.ai","controllerKind":"MdaiHub","MdaiHub":{"name":"mdaihub","namespace":"mdai"},"namespace":"mdai","name":"mdaihub","reconcileID":"6a492f1f-12d8-4d24-b0b2-4aa4c184581e","name":"mdaihub"}
{"level":"info","timestamp":"2026-02-27T06:12:00.062Z","msg":"Deleting ConfigMap","controller":"mdaihub","controllerGroup":"hub.mydecisive.ai","controllerKind":"MdaiHub","MdaiHub":{"name":"mdaihub","namespace":"mdai"},"namespace":"mdai","name":"mdaihub","reconcileID":"6a492f1f-12d8-4d24-b0b2-4aa4c184581e","name":"mdaihub-automation","namespace":"mdai"}
{"level":"info","timestamp":"2026-02-27T06:12:00.062Z","logger":"mdaihub-resource","msg":"Defaulting for MdaiHub","name":"mdaihub"}
{"level":"info","timestamp":"2026-02-27T06:12:00.063Z","msg":"ConfigMap not found, skipping deletion","controller":"mdaihub","controllerGroup":"hub.mydecisive.ai","controllerKind":"MdaiHub","MdaiHub":{"name":"mdaihub","namespace":"mdai"},"namespace":"mdai","name":"mdaihub","reconcileID":"6a492f1f-12d8-4d24-b0b2-4aa4c184581e","name":"mdaihub-automation","namespace":"mdai"}
{"level":"info","timestamp":"2026-02-27T06:12:00.063Z","msg":"No variables found in the CR, skipping variable synchronization","controller":"mdaihub","controllerGroup":"hub.mydecisive.ai","controllerKind":"MdaiHub","MdaiHub":{"name":"mdaihub","namespace":"mdai"},"namespace":"mdai","name":"mdaihub","reconcileID":"6a492f1f-12d8-4d24-b0b2-4aa4c184581e"}
{"level":"info","timestamp":"2026-02-27T06:12:00.063Z","logger":"mdaihub-resource","msg":"Validation for MdaiHub upon update","name":"mdaihub"}
{"level":"info","timestamp":"2026-02-27T06:12:00.065Z","msg":"Status set to done for mdai hub","controller":"mdaihub","controllerGroup":"hub.mydecisive.ai","controllerKind":"MdaiHub","MdaiHub":{"name":"mdaihub","namespace":"mdai"},"namespace":"mdai","name":"mdaihub","reconcileID":"6a492f1f-12d8-4d24-b0b2-4aa4c184581e","mdaiHub":"mdaihub"}
{"level":"info","timestamp":"2026-02-27T06:12:00.065Z","msg":"-- Finished MdaiHub reconciliation --","controller":"mdaihub","controllerGroup":"hub.mydecisive.ai","controllerKind":"MdaiHub","MdaiHub":{"name":"mdaihub","namespace":"mdai"},"namespace":"mdai","name":"mdaihub","reconcileID":"6a492f1f-12d8-4d24-b0b2-4aa4c184581e"}
{"level":"info","timestamp":"2026-02-27T06:12:00.065Z","msg":"-- Starting MdaiHub reconciliation --","controller":"mdaihub","controllerGroup":"hub.mydecisive.ai","controllerKind":"MdaiHub","MdaiHub":{"name":"mdaihub","namespace":"mdai"},"namespace":"mdai","name":"mdaihub","reconcileID":"9f1ef6f8-b8d6-4d94-96e0-b0b79e1739c5","namespace":{"name":"mdaihub","namespace":"mdai"},"name":"mdaihub"}
{"level":"info","timestamp":"2026-02-27T06:12:00.065Z","msg":"EnsurePrometheusRuleSynchronized","controller":"mdaihub","controllerGroup":"hub.mydecisive.ai","controllerKind":"MdaiHub","MdaiHub":{"name":"mdaihub","namespace":"mdai"},"namespace":"mdai","name":"mdaihub","reconcileID":"9f1ef6f8-b8d6-4d94-96e0-b0b79e1739c5"}
{"level":"info","timestamp":"2026-02-27T06:12:00.067Z","msg":"Created new PrometheusRule","controller":"mdaihub","controllerGroup":"hub.mydecisive.ai","controllerKind":"MdaiHub","MdaiHub":{"name":"mdaihub","namespace":"mdai"},"namespace":"mdai","name":"mdaihub","reconcileID":"9f1ef6f8-b8d6-4d94-96e0-b0b79e1739c5","prometheus_rule_name":"mdai-mdaihub-alert-rules"}
{"level":"info","timestamp":"2026-02-27T06:12:00.073Z","msg":"Creating or updating ConfigMap for automations","controller":"mdaihub","controllerGroup":"hub.mydecisive.ai","controllerKind":"MdaiHub","MdaiHub":{"name":"mdaihub","namespace":"mdai"},"namespace":"mdai","name":"mdaihub","reconcileID":"9f1ef6f8-b8d6-4d94-96e0-b0b79e1739c5","name":"mdaihub"}
{"level":"info","timestamp":"2026-02-27T06:12:00.074Z","msg":"Successfully created or updated ConfigMap","controller":"mdaihub","controllerGroup":"hub.mydecisive.ai","controllerKind":"MdaiHub","MdaiHub":{"name":"mdaihub","namespace":"mdai"},"namespace":"mdai","name":"mdaihub","reconcileID":"9f1ef6f8-b8d6-4d94-96e0-b0b79e1739c5","name":"mdaihub-automation","namespace":"mdai","operation":"created"}
{"level":"info","timestamp":"2026-02-27T06:12:00.074Z","msg":"Successfully created ConfigMap for automations","controller":"mdaihub","controllerGroup":"hub.mydecisive.ai","controllerKind":"MdaiHub","MdaiHub":{"name":"mdaihub","namespace":"mdai"},"namespace":"mdai","name":"mdaihub","reconcileID":"9f1ef6f8-b8d6-4d94-96e0-b0b79e1739c5","name":"mdaihub"}
{"level":"info","timestamp":"2026-02-27T06:12:00.074Z","msg":"Processing variable","controller":"mdaihub","controllerGroup":"hub.mydecisive.ai","controllerKind":"MdaiHub","MdaiHub":{"name":"mdaihub","namespace":"mdai"},"namespace":"mdai","name":"mdaihub","reconcileID":"9f1ef6f8-b8d6-4d94-96e0-b0b79e1739c5","key":"service_list"}
{"level":"info","timestamp":"2026-02-27T06:12:00.074Z","msg":"Data received for variable/mdaihub/service_list: []"}
{"level":"info","timestamp":"2026-02-27T06:12:00.074Z","msg":"Processing variable","controller":"mdaihub","controllerGroup":"hub.mydecisive.ai","controllerKind":"MdaiHub","MdaiHub":{"name":"mdaihub","namespace":"mdai"},"namespace":"mdai","name":"mdaihub","reconcileID":"9f1ef6f8-b8d6-4d94-96e0-b0b79e1739c5","key":"alerting_data_type"}
{"level":"info","timestamp":"2026-02-27T06:12:00.075Z","msg":"No value found in storage","key":"variable/mdaihub/alerting_data_type"}
{"level":"info","timestamp":"2026-02-27T06:12:00.075Z","msg":"Processing variable","controller":"mdaihub","controllerGroup":"hub.mydecisive.ai","controllerKind":"MdaiHub","MdaiHub":{"name":"mdaihub","namespace":"mdai"},"namespace":"mdai","name":"mdaihub","reconcileID":"9f1ef6f8-b8d6-4d94-96e0-b0b79e1739c5","key":"alerting_triggered"}
{"level":"info","timestamp":"2026-02-27T06:12:00.075Z","msg":"<CreateFunc> mdaihub-automation ignored"}
{"level":"info","timestamp":"2026-02-27T06:12:00.075Z","msg":"No value found in storage","key":"variable/mdaihub/alerting_triggered"}
{"level":"info","timestamp":"2026-02-27T06:12:00.075Z","msg":"Deleting old valkey keys","controller":"mdaihub","controllerGroup":"hub.mydecisive.ai","controllerKind":"MdaiHub","MdaiHub":{"name":"mdaihub","namespace":"mdai"},"namespace":"mdai","name":"mdaihub","reconcileID":"9f1ef6f8-b8d6-4d94-96e0-b0b79e1739c5","valkeyKeysToKeep":{"alerting_data_type":{},"alerting_triggered":{},"service_list":{}}}
{"level":"info","timestamp":"2026-02-27T06:12:00.075Z","msg":"No manual variables defined in the MDAI CR","controller":"mdaihub","controllerGroup":"hub.mydecisive.ai","controllerKind":"MdaiHub","MdaiHub":{"name":"mdaihub","namespace":"mdai"},"namespace":"mdai","name":"mdaihub","reconcileID":"9f1ef6f8-b8d6-4d94-96e0-b0b79e1739c5","name":"mdaihub"}
{"level":"info","timestamp":"2026-02-27T06:12:00.075Z","msg":"Deleting ConfigMap","controller":"mdaihub","controllerGroup":"hub.mydecisive.ai","controllerKind":"MdaiHub","MdaiHub":{"name":"mdaihub","namespace":"mdai"},"namespace":"mdai","name":"mdaihub","reconcileID":"9f1ef6f8-b8d6-4d94-96e0-b0b79e1739c5","name":"mdaihub-manual-variables","namespace":"mdai"}
{"level":"info","timestamp":"2026-02-27T06:12:00.077Z","msg":"<DeleteFunc> mdaihub-manual-variables ignored"}
{"level":"info","timestamp":"2026-02-27T06:12:00.079Z","msg":"<UpdateFunc> mdaihub-variables shouldReconcile: false"}
{"level":"info","timestamp":"2026-02-27T06:12:00.079Z","msg":"Successfully created or updated ConfigMap","controller":"mdaihub","controllerGroup":"hub.mydecisive.ai","controllerKind":"MdaiHub","MdaiHub":{"name":"mdaihub","namespace":"mdai"},"namespace":"mdai","name":"mdaihub","reconcileID":"9f1ef6f8-b8d6-4d94-96e0-b0b79e1739c5","name":"mdaihub-variables","namespace":"mdai","operation":"updated"}
{"level":"info","timestamp":"2026-02-27T06:12:00.079Z","msg":"Successfully created or updated ConfigMap","controller":"mdaihub","controllerGroup":"hub.mydecisive.ai","controllerKind":"MdaiHub","MdaiHub":{"name":"mdaihub","namespace":"mdai"},"namespace":"mdai","name":"mdaihub","reconcileID":"9f1ef6f8-b8d6-4d94-96e0-b0b79e1739c5","name":"mdaihub-variables","namespace":"mdai","operation":"unchanged"}
{"level":"info","timestamp":"2026-02-27T06:12:00.079Z","msg":"Successfully created or updated ConfigMap","controller":"mdaihub","controllerGroup":"hub.mydecisive.ai","controllerKind":"MdaiHub","MdaiHub":{"name":"mdaihub","namespace":"mdai"},"namespace":"mdai","name":"mdaihub","reconcileID":"9f1ef6f8-b8d6-4d94-96e0-b0b79e1739c5","name":"mdaihub-variables","namespace":"mdai","operation":"unchanged"}
{"level":"info","timestamp":"2026-02-27T06:12:00.079Z","msg":"Triggering restart of OpenTelemetry Collector","controller":"mdaihub","controllerGroup":"hub.mydecisive.ai","controllerKind":"MdaiHub","MdaiHub":{"name":"mdaihub","namespace":"mdai"},"namespace":"mdai","name":"mdaihub","reconcileID":"9f1ef6f8-b8d6-4d94-96e0-b0b79e1739c5","name":"gateway-dynamic-filtration"}
{"level":"warn","timestamp":"2026-02-27T06:12:00.085Z","msg":"VALKEY_AUDIT_STREAM_EXPIRY_MS is deprecated; use VALKEY_AUDIT_STREAM_RETENTION","retention":2592000,"stacktrace":"github.com/decisiveai/mdai-data-core/audit.getStreamRetention\n\tgithub.com/decisiveai/mdai-data-core@v0.2.9/audit/adapter.go:241\ngithub.com/decisiveai/mdai-data-core/audit.NewAuditAdapter\n\tgithub.com/decisiveai/mdai-data-core@v0.2.9/audit/adapter.go:54\ngithub.com/decisiveai/mdai-operator/internal/controller.HubAdapter.restartCollectorAndAudit\n\tgithub.com/decisiveai/mdai-operator/internal/controller/hub_adapter.go:427\ngithub.com/decisiveai/mdai-operator/internal/controller.HubAdapter.syncComputedConfigMapsAndRestart\n\tgithub.com/decisiveai/mdai-operator/internal/controller/hub_adapter.go:458\ngithub.com/decisiveai/mdai-operator/internal/controller.HubAdapter.ensureVariableSynchronized\n\tgithub.com/decisiveai/mdai-operator/internal/controller/hub_adapter.go:507\ngithub.com/decisiveai/mdai-operator/internal/controller.(*MdaiHubReconciler).ReconcileHandler\n\tgithub.com/decisiveai/mdai-operator/internal/controller/mdaihub_controller.go:113\ngithub.com/decisiveai/mdai-operator/internal/controller.(*MdaiHubReconciler).Reconcile\n\tgithub.com/decisiveai/mdai-operator/internal/controller/mdaihub_controller.go:87\nsigs.k8s.io/controller-runtime/pkg/internal/controller.(*Controller[...]).Reconcile\n\tsigs.k8s.io/controller-runtime@v0.20.4/pkg/internal/controller/controller.go:119\nsigs.k8s.io/controller-runtime/pkg/internal/controller.(*Controller[...]).reconcileHandler\n\tsigs.k8s.io/controller-runtime@v0.20.4/pkg/internal/controller/controller.go:334\nsigs.k8s.io/controller-runtime/pkg/internal/controller.(*Controller[...]).processNextWorkItem\n\tsigs.k8s.io/controller-runtime@v0.20.4/pkg/internal/controller/controller.go:294\nsigs.k8s.io/controller-runtime/pkg/internal/controller.(*Controller[...]).Start.func2.2\n\tsigs.k8s.io/controller-runtime@v0.20.4/pkg/internal/controller/controller.go:255"}
{"level":"info","timestamp":"2026-02-27T06:12:00.085Z","msg":"AUDIT: Triggering restart of OpenTelemetry Collector","controller":"mdaihub","controllerGroup":"hub.mydecisive.ai","controllerKind":"MdaiHub","MdaiHub":{"name":"mdaihub","namespace":"mdai"},"namespace":"mdai","name":"mdaihub","reconcileID":"9f1ef6f8-b8d6-4d94-96e0-b0b79e1739c5","mdai-logstream":"audit","type":"collector_restart","timestamp":"2026-02-27T06:12:00Z","hub_name":"mdaihub","SERVICE_LIST_REGEX":""}
{"level":"info","timestamp":"2026-02-27T06:12:00.086Z","msg":"Triggering restart of OpenTelemetry Collector","controller":"mdaihub","controllerGroup":"hub.mydecisive.ai","controllerKind":"MdaiHub","MdaiHub":{"name":"mdaihub","namespace":"mdai"},"namespace":"mdai","name":"mdaihub","reconcileID":"9f1ef6f8-b8d6-4d94-96e0-b0b79e1739c5","name":"gateway-pii"}
{"level":"warn","timestamp":"2026-02-27T06:12:00.091Z","msg":"VALKEY_AUDIT_STREAM_EXPIRY_MS is deprecated; use VALKEY_AUDIT_STREAM_RETENTION","retention":2592000,"stacktrace":"github.com/decisiveai/mdai-data-core/audit.getStreamRetention\n\tgithub.com/decisiveai/mdai-data-core@v0.2.9/audit/adapter.go:241\ngithub.com/decisiveai/mdai-data-core/audit.NewAuditAdapter\n\tgithub.com/decisiveai/mdai-data-core@v0.2.9/audit/adapter.go:54\ngithub.com/decisiveai/mdai-operator/internal/controller.HubAdapter.restartCollectorAndAudit\n\tgithub.com/decisiveai/mdai-operator/internal/controller/hub_adapter.go:427\ngithub.com/decisiveai/mdai-operator/internal/controller.HubAdapter.syncComputedConfigMapsAndRestart\n\tgithub.com/decisiveai/mdai-operator/internal/controller/hub_adapter.go:458\ngithub.com/decisiveai/mdai-operator/internal/controller.HubAdapter.ensureVariableSynchronized\n\tgithub.com/decisiveai/mdai-operator/internal/controller/hub_adapter.go:507\ngithub.com/decisiveai/mdai-operator/internal/controller.(*MdaiHubReconciler).ReconcileHandler\n\tgithub.com/decisiveai/mdai-operator/internal/controller/mdaihub_controller.go:113\ngithub.com/decisiveai/mdai-operator/internal/controller.(*MdaiHubReconciler).Reconcile\n\tgithub.com/decisiveai/mdai-operator/internal/controller/mdaihub_controller.go:87\nsigs.k8s.io/controller-runtime/pkg/internal/controller.(*Controller[...]).Reconcile\n\tsigs.k8s.io/controller-runtime@v0.20.4/pkg/internal/controller/controller.go:119\nsigs.k8s.io/controller-runtime/pkg/internal/controller.(*Controller[...]).reconcileHandler\n\tsigs.k8s.io/controller-runtime@v0.20.4/pkg/internal/controller/controller.go:334\nsigs.k8s.io/controller-runtime/pkg/internal/controller.(*Controller[...]).processNextWorkItem\n\tsigs.k8s.io/controller-runtime@v0.20.4/pkg/internal/controller/controller.go:294\nsigs.k8s.io/controller-runtime/pkg/internal/controller.(*Controller[...]).Start.func2.2\n\tsigs.k8s.io/controller-runtime@v0.20.4/pkg/internal/controller/controller.go:255"}
{"level":"info","timestamp":"2026-02-27T06:12:00.092Z","msg":"AUDIT: Triggering restart of OpenTelemetry Collector","controller":"mdaihub","controllerGroup":"hub.mydecisive.ai","controllerKind":"MdaiHub","MdaiHub":{"name":"mdaihub","namespace":"mdai"},"namespace":"mdai","name":"mdaihub","reconcileID":"9f1ef6f8-b8d6-4d94-96e0-b0b79e1739c5","mdai-logstream":"audit","type":"collector_restart","timestamp":"2026-02-27T06:12:00Z","hub_name":"mdaihub","SERVICE_LIST_REGEX":""}
{"level":"info","timestamp":"2026-02-27T06:12:00.092Z","msg":"Triggering restart of OpenTelemetry Collector","controller":"mdaihub","controllerGroup":"hub.mydecisive.ai","controllerKind":"MdaiHub","MdaiHub":{"name":"mdaihub","namespace":"mdai"},"namespace":"mdai","name":"mdaihub","reconcileID":"9f1ef6f8-b8d6-4d94-96e0-b0b79e1739c5","name":"gateway-datadog"}
{"level":"warn","timestamp":"2026-02-27T06:12:00.100Z","msg":"VALKEY_AUDIT_STREAM_EXPIRY_MS is deprecated; use VALKEY_AUDIT_STREAM_RETENTION","retention":2592000,"stacktrace":"github.com/decisiveai/mdai-data-core/audit.getStreamRetention\n\tgithub.com/decisiveai/mdai-data-core@v0.2.9/audit/adapter.go:241\ngithub.com/decisiveai/mdai-data-core/audit.NewAuditAdapter\n\tgithub.com/decisiveai/mdai-data-core@v0.2.9/audit/adapter.go:54\ngithub.com/decisiveai/mdai-operator/internal/controller.HubAdapter.restartCollectorAndAudit\n\tgithub.com/decisiveai/mdai-operator/internal/controller/hub_adapter.go:427\ngithub.com/decisiveai/mdai-operator/internal/controller.HubAdapter.syncComputedConfigMapsAndRestart\n\tgithub.com/decisiveai/mdai-operator/internal/controller/hub_adapter.go:458\ngithub.com/decisiveai/mdai-operator/internal/controller.HubAdapter.ensureVariableSynchronized\n\tgithub.com/decisiveai/mdai-operator/internal/controller/hub_adapter.go:507\ngithub.com/decisiveai/mdai-operator/internal/controller.(*MdaiHubReconciler).ReconcileHandler\n\tgithub.com/decisiveai/mdai-operator/internal/controller/mdaihub_controller.go:113\ngithub.com/decisiveai/mdai-operator/internal/controller.(*MdaiHubReconciler).Reconcile\n\tgithub.com/decisiveai/mdai-operator/internal/controller/mdaihub_controller.go:87\nsigs.k8s.io/controller-runtime/pkg/internal/controller.(*Controller[...]).Reconcile\n\tsigs.k8s.io/controller-runtime@v0.20.4/pkg/internal/controller/controller.go:119\nsigs.k8s.io/controller-runtime/pkg/internal/controller.(*Controller[...]).reconcileHandler\n\tsigs.k8s.io/controller-runtime@v0.20.4/pkg/internal/controller/controller.go:334\nsigs.k8s.io/controller-runtime/pkg/internal/controller.(*Controller[...]).processNextWorkItem\n\tsigs.k8s.io/controller-runtime@v0.20.4/pkg/internal/controller/controller.go:294\nsigs.k8s.io/controller-runtime/pkg/internal/controller.(*Controller[...]).Start.func2.2\n\tsigs.k8s.io/controller-runtime@v0.20.4/pkg/internal/controller/controller.go:255"}
{"level":"info","timestamp":"2026-02-27T06:12:00.100Z","msg":"AUDIT: Triggering restart of OpenTelemetry Collector","controller":"mdaihub","controllerGroup":"hub.mydecisive.ai","controllerKind":"MdaiHub","MdaiHub":{"name":"mdaihub","namespace":"mdai"},"namespace":"mdai","name":"mdaihub","reconcileID":"9f1ef6f8-b8d6-4d94-96e0-b0b79e1739c5","mdai-logstream":"audit","timestamp":"2026-02-27T06:12:00Z","hub_name":"mdaihub","SERVICE_LIST_REGEX":"","type":"collector_restart"}
{"level":"info","timestamp":"2026-02-27T06:12:00.104Z","msg":"Status set to done for mdai hub","controller":"mdaihub","controllerGroup":"hub.mydecisive.ai","controllerKind":"MdaiHub","MdaiHub":{"name":"mdaihub","namespace":"mdai"},"namespace":"mdai","name":"mdaihub","reconcileID":"9f1ef6f8-b8d6-4d94-96e0-b0b79e1739c5","mdaiHub":"mdaihub"}
{"level":"info","timestamp":"2026-02-27T06:12:00.104Z","msg":"-- Finished MdaiHub reconciliation --","controller":"mdaihub","controllerGroup":"hub.mydecisive.ai","controllerKind":"MdaiHub","MdaiHub":{"name":"mdaihub","namespace":"mdai"},"namespace":"mdai","name":"mdaihub","reconcileID":"9f1ef6f8-b8d6-4d94-96e0-b0b79e1739c5"}
{"level":"info","timestamp":"2026-02-27T06:12:00.256Z","logger":"mdaihub-resource","msg":"Defaulting for MdaiHub","name":"mdaihub"}
{"level":"info","timestamp":"2026-02-27T06:12:00.258Z","logger":"mdaihub-resource","msg":"Validation for MdaiHub upon update","name":"mdaihub"}
{"level":"info","timestamp":"2026-02-27T06:12:00.261Z","msg":"-- Starting MdaiHub reconciliation --","controller":"mdaihub","controllerGroup":"hub.mydecisive.ai","controllerKind":"MdaiHub","MdaiHub":{"name":"mdaihub","namespace":"mdai"},"namespace":"mdai","name":"mdaihub","reconcileID":"d2a162e9-f48a-4649-a3f3-fce53f121bf5","namespace":{"name":"mdaihub","namespace":"mdai"},"name":"mdaihub"}
{"level":"info","timestamp":"2026-02-27T06:12:00.261Z","msg":"EnsurePrometheusRuleSynchronized","controller":"mdaihub","controllerGroup":"hub.mydecisive.ai","controllerKind":"MdaiHub","MdaiHub":{"name":"mdaihub","namespace":"mdai"},"namespace":"mdai","name":"mdaihub","reconcileID":"d2a162e9-f48a-4649-a3f3-fce53f121bf5"}
{"level":"info","timestamp":"2026-02-27T06:12:00.261Z","msg":"No evaluations found, skipping PrometheusRule creation","controller":"mdaihub","controllerGroup":"hub.mydecisive.ai","controllerKind":"MdaiHub","MdaiHub":{"name":"mdaihub","namespace":"mdai"},"namespace":"mdai","name":"mdaihub","reconcileID":"d2a162e9-f48a-4649-a3f3-fce53f121bf5"}
{"level":"info","timestamp":"2026-02-27T06:12:00.261Z","msg":"Removing existing rules","controller":"mdaihub","controllerGroup":"hub.mydecisive.ai","controllerKind":"MdaiHub","MdaiHub":{"name":"mdaihub","namespace":"mdai"},"namespace":"mdai","name":"mdaihub","reconcileID":"d2a162e9-f48a-4649-a3f3-fce53f121bf5"}
{"level":"info","timestamp":"2026-02-27T06:12:00.263Z","msg":"Deleted PrometheusRule","controller":"mdaihub","controllerGroup":"hub.mydecisive.ai","controllerKind":"MdaiHub","MdaiHub":{"name":"mdaihub","namespace":"mdai"},"namespace":"mdai","name":"mdaihub","reconcileID":"d2a162e9-f48a-4649-a3f3-fce53f121bf5","prometheus_rule_name":"mdai-mdaihub-alert-rules"}
{"level":"info","timestamp":"2026-02-27T06:12:00.263Z","msg":"No automations defined in the MDAI CR","controller":"mdaihub","controllerGroup":"hub.mydecisive.ai","controllerKind":"MdaiHub","MdaiHub":{"name":"mdaihub","namespace":"mdai"},"namespace":"mdai","name":"mdaihub","reconcileID":"d2a162e9-f48a-4649-a3f3-fce53f121bf5","name":"mdaihub"}
{"level":"info","timestamp":"2026-02-27T06:12:00.263Z","msg":"Deleting ConfigMap","controller":"mdaihub","controllerGroup":"hub.mydecisive.ai","controllerKind":"MdaiHub","MdaiHub":{"name":"mdaihub","namespace":"mdai"},"namespace":"mdai","name":"mdaihub","reconcileID":"d2a162e9-f48a-4649-a3f3-fce53f121bf5","name":"mdaihub-automation","namespace":"mdai"}
{"level":"info","timestamp":"2026-02-27T06:12:00.264Z","msg":"Processing variable","controller":"mdaihub","controllerGroup":"hub.mydecisive.ai","controllerKind":"MdaiHub","MdaiHub":{"name":"mdaihub","namespace":"mdai"},"namespace":"mdai","name":"mdaihub","reconcileID":"d2a162e9-f48a-4649-a3f3-fce53f121bf5","key":"fields_to_redact"}
{"level":"info","timestamp":"2026-02-27T06:12:00.264Z","msg":"<DeleteFunc> mdaihub-automation ignored"}
{"level":"info","timestamp":"2026-02-27T06:12:00.264Z","msg":"Data received for variable/mdaihub/fields_to_redact: []"}
{"level":"info","timestamp":"2026-02-27T06:12:00.264Z","msg":"Processing variable","controller":"mdaihub","controllerGroup":"hub.mydecisive.ai","controllerKind":"MdaiHub","MdaiHub":{"name":"mdaihub","namespace":"mdai"},"namespace":"mdai","name":"mdaihub","reconcileID":"d2a162e9-f48a-4649-a3f3-fce53f121bf5","key":"fields_to_hash"}
{"level":"info","timestamp":"2026-02-27T06:12:00.264Z","msg":"Data received for variable/mdaihub/fields_to_hash: []"}
{"level":"info","timestamp":"2026-02-27T06:12:00.264Z","msg":"Processing variable","controller":"mdaihub","controllerGroup":"hub.mydecisive.ai","controllerKind":"MdaiHub","MdaiHub":{"name":"mdaihub","namespace":"mdai"},"namespace":"mdai","name":"mdaihub","reconcileID":"d2a162e9-f48a-4649-a3f3-fce53f121bf5","key":"email_regex"}
{"level":"info","timestamp":"2026-02-27T06:12:00.264Z","msg":"No value found in storage","key":"variable/mdaihub/email_regex"}
{"level":"info","timestamp":"2026-02-27T06:12:00.264Z","msg":"Processing variable","controller":"mdaihub","controllerGroup":"hub.mydecisive.ai","controllerKind":"MdaiHub","MdaiHub":{"name":"mdaihub","namespace":"mdai"},"namespace":"mdai","name":"mdaihub","reconcileID":"d2a162e9-f48a-4649-a3f3-fce53f121bf5","key":"cc_regex"}
{"level":"info","timestamp":"2026-02-27T06:12:00.264Z","msg":"No value found in storage","key":"variable/mdaihub/cc_regex"}
{"level":"info","timestamp":"2026-02-27T06:12:00.264Z","msg":"Processing variable","controller":"mdaihub","controllerGroup":"hub.mydecisive.ai","controllerKind":"MdaiHub","MdaiHub":{"name":"mdaihub","namespace":"mdai"},"namespace":"mdai","name":"mdaihub","reconcileID":"d2a162e9-f48a-4649-a3f3-fce53f121bf5","key":"phone_regex"}
{"level":"info","timestamp":"2026-02-27T06:12:00.264Z","msg":"No value found in storage","key":"variable/mdaihub/phone_regex"}
{"level":"info","timestamp":"2026-02-27T06:12:00.264Z","msg":"Processing variable","controller":"mdaihub","controllerGroup":"hub.mydecisive.ai","controllerKind":"MdaiHub","MdaiHub":{"name":"mdaihub","namespace":"mdai"},"namespace":"mdai","name":"mdaihub","reconcileID":"d2a162e9-f48a-4649-a3f3-fce53f121bf5","key":"address_regex"}
{"level":"info","timestamp":"2026-02-27T06:12:00.264Z","msg":"No value found in storage","key":"variable/mdaihub/address_regex"}
{"level":"info","timestamp":"2026-02-27T06:12:00.264Z","msg":"Processing variable","controller":"mdaihub","controllerGroup":"hub.mydecisive.ai","controllerKind":"MdaiHub","MdaiHub":{"name":"mdaihub","namespace":"mdai"},"namespace":"mdai","name":"mdaihub","reconcileID":"d2a162e9-f48a-4649-a3f3-fce53f121bf5","key":"ssn_regex"}
{"level":"info","timestamp":"2026-02-27T06:12:00.264Z","msg":"No value found in storage","key":"variable/mdaihub/ssn_regex"}
{"level":"info","timestamp":"2026-02-27T06:12:00.265Z","msg":"Processing variable","controller":"mdaihub","controllerGroup":"hub.mydecisive.ai","controllerKind":"MdaiHub","MdaiHub":{"name":"mdaihub","namespace":"mdai"},"namespace":"mdai","name":"mdaihub","reconcileID":"d2a162e9-f48a-4649-a3f3-fce53f121bf5","key":"name_regex"}
{"level":"info","timestamp":"2026-02-27T06:12:00.265Z","msg":"No value found in storage","key":"variable/mdaihub/name_regex"}
{"level":"info","timestamp":"2026-02-27T06:12:00.265Z","msg":"Processing variable","controller":"mdaihub","controllerGroup":"hub.mydecisive.ai","controllerKind":"MdaiHub","MdaiHub":{"name":"mdaihub","namespace":"mdai"},"namespace":"mdai","name":"mdaihub","reconcileID":"d2a162e9-f48a-4649-a3f3-fce53f121bf5","key":"email_template"}
{"level":"info","timestamp":"2026-02-27T06:12:00.265Z","msg":"No value found in storage","key":"variable/mdaihub/email_template"}
{"level":"info","timestamp":"2026-02-27T06:12:00.265Z","msg":"Processing variable","controller":"mdaihub","controllerGroup":"hub.mydecisive.ai","controllerKind":"MdaiHub","MdaiHub":{"name":"mdaihub","namespace":"mdai"},"namespace":"mdai","name":"mdaihub","reconcileID":"d2a162e9-f48a-4649-a3f3-fce53f121bf5","key":"cc_template"}
{"level":"info","timestamp":"2026-02-27T06:12:00.265Z","msg":"No value found in storage","key":"variable/mdaihub/cc_template"}
{"level":"info","timestamp":"2026-02-27T06:12:00.265Z","msg":"Processing variable","controller":"mdaihub","controllerGroup":"hub.mydecisive.ai","controllerKind":"MdaiHub","MdaiHub":{"name":"mdaihub","namespace":"mdai"},"namespace":"mdai","name":"mdaihub","reconcileID":"d2a162e9-f48a-4649-a3f3-fce53f121bf5","key":"phone_template"}
{"level":"info","timestamp":"2026-02-27T06:12:00.265Z","msg":"No value found in storage","key":"variable/mdaihub/phone_template"}
{"level":"info","timestamp":"2026-02-27T06:12:00.265Z","msg":"Processing variable","controller":"mdaihub","controllerGroup":"hub.mydecisive.ai","controllerKind":"MdaiHub","MdaiHub":{"name":"mdaihub","namespace":"mdai"},"namespace":"mdai","name":"mdaihub","reconcileID":"d2a162e9-f48a-4649-a3f3-fce53f121bf5","key":"address_template"}
{"level":"info","timestamp":"2026-02-27T06:12:00.266Z","msg":"No value found in storage","key":"variable/mdaihub/address_template"}
{"level":"info","timestamp":"2026-02-27T06:12:00.266Z","msg":"Processing variable","controller":"mdaihub","controllerGroup":"hub.mydecisive.ai","controllerKind":"MdaiHub","MdaiHub":{"name":"mdaihub","namespace":"mdai"},"namespace":"mdai","name":"mdaihub","reconcileID":"d2a162e9-f48a-4649-a3f3-fce53f121bf5","key":"ssn_template"}
{"level":"info","timestamp":"2026-02-27T06:12:00.266Z","msg":"No value found in storage","key":"variable/mdaihub/ssn_template"}
{"level":"info","timestamp":"2026-02-27T06:12:00.266Z","msg":"Processing variable","controller":"mdaihub","controllerGroup":"hub.mydecisive.ai","controllerKind":"MdaiHub","MdaiHub":{"name":"mdaihub","namespace":"mdai"},"namespace":"mdai","name":"mdaihub","reconcileID":"d2a162e9-f48a-4649-a3f3-fce53f121bf5","key":"name_template"}
{"level":"info","timestamp":"2026-02-27T06:12:00.266Z","msg":"No value found in storage","key":"variable/mdaihub/name_template"}
{"level":"info","timestamp":"2026-02-27T06:12:00.266Z","msg":"Deleting old valkey keys","controller":"mdaihub","controllerGroup":"hub.mydecisive.ai","controllerKind":"MdaiHub","MdaiHub":{"name":"mdaihub","namespace":"mdai"},"namespace":"mdai","name":"mdaihub","reconcileID":"d2a162e9-f48a-4649-a3f3-fce53f121bf5","valkeyKeysToKeep":{"address_regex":{},"address_template":{},"cc_regex":{},"cc_template":{},"email_regex":{},"email_template":{},"fields_to_hash":{},"fields_to_redact":{},"name_regex":{},"name_template":{},"phone_regex":{},"phone_template":{},"ssn_regex":{},"ssn_template":{}}}
{"level":"info","timestamp":"2026-02-27T06:12:00.267Z","msg":"<CreateFunc> mdaihub-manual-variables ignored"}
{"level":"info","timestamp":"2026-02-27T06:12:00.267Z","msg":"Successfully created or updated ConfigMap","controller":"mdaihub","controllerGroup":"hub.mydecisive.ai","controllerKind":"MdaiHub","MdaiHub":{"name":"mdaihub","namespace":"mdai"},"namespace":"mdai","name":"mdaihub","reconcileID":"d2a162e9-f48a-4649-a3f3-fce53f121bf5","name":"mdaihub-manual-variables","namespace":"mdai","operation":"created"}
{"level":"info","timestamp":"2026-02-27T06:12:00.269Z","msg":"<UpdateFunc> mdaihub-variables shouldReconcile: false"}
{"level":"info","timestamp":"2026-02-27T06:12:00.269Z","msg":"Successfully created or updated ConfigMap","controller":"mdaihub","controllerGroup":"hub.mydecisive.ai","controllerKind":"MdaiHub","MdaiHub":{"name":"mdaihub","namespace":"mdai"},"namespace":"mdai","name":"mdaihub","reconcileID":"d2a162e9-f48a-4649-a3f3-fce53f121bf5","name":"mdaihub-variables","namespace":"mdai","operation":"updated"}
{"level":"info","timestamp":"2026-02-27T06:12:00.269Z","msg":"Successfully created or updated ConfigMap","controller":"mdaihub","controllerGroup":"hub.mydecisive.ai","controllerKind":"MdaiHub","MdaiHub":{"name":"mdaihub","namespace":"mdai"},"namespace":"mdai","name":"mdaihub","reconcileID":"d2a162e9-f48a-4649-a3f3-fce53f121bf5","name":"mdaihub-variables","namespace":"mdai","operation":"unchanged"}
{"level":"info","timestamp":"2026-02-27T06:12:00.269Z","msg":"Successfully created or updated ConfigMap","controller":"mdaihub","controllerGroup":"hub.mydecisive.ai","controllerKind":"MdaiHub","MdaiHub":{"name":"mdaihub","namespace":"mdai"},"namespace":"mdai","name":"mdaihub","reconcileID":"d2a162e9-f48a-4649-a3f3-fce53f121bf5","name":"mdaihub-variables","namespace":"mdai","operation":"unchanged"}
{"level":"info","timestamp":"2026-02-27T06:12:00.269Z","msg":"Triggering restart of OpenTelemetry Collector","controller":"mdaihub","controllerGroup":"hub.mydecisive.ai","controllerKind":"MdaiHub","MdaiHub":{"name":"mdaihub","namespace":"mdai"},"namespace":"mdai","name":"mdaihub","reconcileID":"d2a162e9-f48a-4649-a3f3-fce53f121bf5","name":"gateway-datadog"}
{"level":"warn","timestamp":"2026-02-27T06:12:00.276Z","msg":"VALKEY_AUDIT_STREAM_EXPIRY_MS is deprecated; use VALKEY_AUDIT_STREAM_RETENTION","retention":2592000,"stacktrace":"github.com/decisiveai/mdai-data-core/audit.getStreamRetention\n\tgithub.com/decisiveai/mdai-data-core@v0.2.9/audit/adapter.go:241\ngithub.com/decisiveai/mdai-data-core/audit.NewAuditAdapter\n\tgithub.com/decisiveai/mdai-data-core@v0.2.9/audit/adapter.go:54\ngithub.com/decisiveai/mdai-operator/internal/controller.HubAdapter.restartCollectorAndAudit\n\tgithub.com/decisiveai/mdai-operator/internal/controller/hub_adapter.go:427\ngithub.com/decisiveai/mdai-operator/internal/controller.HubAdapter.syncComputedConfigMapsAndRestart\n\tgithub.com/decisiveai/mdai-operator/internal/controller/hub_adapter.go:458\ngithub.com/decisiveai/mdai-operator/internal/controller.HubAdapter.ensureVariableSynchronized\n\tgithub.com/decisiveai/mdai-operator/internal/controller/hub_adapter.go:507\ngithub.com/decisiveai/mdai-operator/internal/controller.(*MdaiHubReconciler).ReconcileHandler\n\tgithub.com/decisiveai/mdai-operator/internal/controller/mdaihub_controller.go:113\ngithub.com/decisiveai/mdai-operator/internal/controller.(*MdaiHubReconciler).Reconcile\n\tgithub.com/decisiveai/mdai-operator/internal/controller/mdaihub_controller.go:87\nsigs.k8s.io/controller-runtime/pkg/internal/controller.(*Controller[...]).Reconcile\n\tsigs.k8s.io/controller-runtime@v0.20.4/pkg/internal/controller/controller.go:119\nsigs.k8s.io/controller-runtime/pkg/internal/controller.(*Controller[...]).reconcileHandler\n\tsigs.k8s.io/controller-runtime@v0.20.4/pkg/internal/controller/controller.go:334\nsigs.k8s.io/controller-runtime/pkg/internal/controller.(*Controller[...]).processNextWorkItem\n\tsigs.k8s.io/controller-runtime@v0.20.4/pkg/internal/controller/controller.go:294\nsigs.k8s.io/controller-runtime/pkg/internal/controller.(*Controller[...]).Start.func2.2\n\tsigs.k8s.io/controller-runtime@v0.20.4/pkg/internal/controller/controller.go:255"}
{"level":"info","timestamp":"2026-02-27T06:12:00.276Z","msg":"AUDIT: Triggering restart of OpenTelemetry Collector","controller":"mdaihub","controllerGroup":"hub.mydecisive.ai","controllerKind":"MdaiHub","MdaiHub":{"name":"mdaihub","namespace":"mdai"},"namespace":"mdai","name":"mdaihub","reconcileID":"d2a162e9-f48a-4649-a3f3-fce53f121bf5","mdai-logstream":"audit","type":"collector_restart","timestamp":"2026-02-27T06:12:00Z","hub_name":"mdaihub","FIELDS_TO_REDACT":"","FIELDS_TO_HASH":""}
{"level":"info","timestamp":"2026-02-27T06:12:00.276Z","msg":"Triggering restart of OpenTelemetry Collector","controller":"mdaihub","controllerGroup":"hub.mydecisive.ai","controllerKind":"MdaiHub","MdaiHub":{"name":"mdaihub","namespace":"mdai"},"namespace":"mdai","name":"mdaihub","reconcileID":"d2a162e9-f48a-4649-a3f3-fce53f121bf5","name":"gateway-dynamic-filtration"}
{"level":"warn","timestamp":"2026-02-27T06:12:00.284Z","msg":"VALKEY_AUDIT_STREAM_EXPIRY_MS is deprecated; use VALKEY_AUDIT_STREAM_RETENTION","retention":2592000,"stacktrace":"github.com/decisiveai/mdai-data-core/audit.getStreamRetention\n\tgithub.com/decisiveai/mdai-data-core@v0.2.9/audit/adapter.go:241\ngithub.com/decisiveai/mdai-data-core/audit.NewAuditAdapter\n\tgithub.com/decisiveai/mdai-data-core@v0.2.9/audit/adapter.go:54\ngithub.com/decisiveai/mdai-operator/internal/controller.HubAdapter.restartCollectorAndAudit\n\tgithub.com/decisiveai/mdai-operator/internal/controller/hub_adapter.go:427\ngithub.com/decisiveai/mdai-operator/internal/controller.HubAdapter.syncComputedConfigMapsAndRestart\n\tgithub.com/decisiveai/mdai-operator/internal/controller/hub_adapter.go:458\ngithub.com/decisiveai/mdai-operator/internal/controller.HubAdapter.ensureVariableSynchronized\n\tgithub.com/decisiveai/mdai-operator/internal/controller/hub_adapter.go:507\ngithub.com/decisiveai/mdai-operator/internal/controller.(*MdaiHubReconciler).ReconcileHandler\n\tgithub.com/decisiveai/mdai-operator/internal/controller/mdaihub_controller.go:113\ngithub.com/decisiveai/mdai-operator/internal/controller.(*MdaiHubReconciler).Reconcile\n\tgithub.com/decisiveai/mdai-operator/internal/controller/mdaihub_controller.go:87\nsigs.k8s.io/controller-runtime/pkg/internal/controller.(*Controller[...]).Reconcile\n\tsigs.k8s.io/controller-runtime@v0.20.4/pkg/internal/controller/controller.go:119\nsigs.k8s.io/controller-runtime/pkg/internal/controller.(*Controller[...]).reconcileHandler\n\tsigs.k8s.io/controller-runtime@v0.20.4/pkg/internal/controller/controller.go:334\nsigs.k8s.io/controller-runtime/pkg/internal/controller.(*Controller[...]).processNextWorkItem\n\tsigs.k8s.io/controller-runtime@v0.20.4/pkg/internal/controller/controller.go:294\nsigs.k8s.io/controller-runtime/pkg/internal/controller.(*Controller[...]).Start.func2.2\n\tsigs.k8s.io/controller-runtime@v0.20.4/pkg/internal/controller/controller.go:255"}
{"level":"info","timestamp":"2026-02-27T06:12:00.284Z","msg":"AUDIT: Triggering restart of OpenTelemetry Collector","controller":"mdaihub","controllerGroup":"hub.mydecisive.ai","controllerKind":"MdaiHub","MdaiHub":{"name":"mdaihub","namespace":"mdai"},"namespace":"mdai","name":"mdaihub","reconcileID":"d2a162e9-f48a-4649-a3f3-fce53f121bf5","mdai-logstream":"audit","FIELDS_TO_HASH":"","type":"collector_restart","timestamp":"2026-02-27T06:12:00Z","hub_name":"mdaihub","FIELDS_TO_REDACT":""}
{"level":"info","timestamp":"2026-02-27T06:12:00.284Z","msg":"Triggering restart of OpenTelemetry Collector","controller":"mdaihub","controllerGroup":"hub.mydecisive.ai","controllerKind":"MdaiHub","MdaiHub":{"name":"mdaihub","namespace":"mdai"},"namespace":"mdai","name":"mdaihub","reconcileID":"d2a162e9-f48a-4649-a3f3-fce53f121bf5","name":"gateway-pii"}
{"level":"warn","timestamp":"2026-02-27T06:12:00.289Z","msg":"VALKEY_AUDIT_STREAM_EXPIRY_MS is deprecated; use VALKEY_AUDIT_STREAM_RETENTION","retention":2592000,"stacktrace":"github.com/decisiveai/mdai-data-core/audit.getStreamRetention\n\tgithub.com/decisiveai/mdai-data-core@v0.2.9/audit/adapter.go:241\ngithub.com/decisiveai/mdai-data-core/audit.NewAuditAdapter\n\tgithub.com/decisiveai/mdai-data-core@v0.2.9/audit/adapter.go:54\ngithub.com/decisiveai/mdai-operator/internal/controller.HubAdapter.restartCollectorAndAudit\n\tgithub.com/decisiveai/mdai-operator/internal/controller/hub_adapter.go:427\ngithub.com/decisiveai/mdai-operator/internal/controller.HubAdapter.syncComputedConfigMapsAndRestart\n\tgithub.com/decisiveai/mdai-operator/internal/controller/hub_adapter.go:458\ngithub.com/decisiveai/mdai-operator/internal/controller.HubAdapter.ensureVariableSynchronized\n\tgithub.com/decisiveai/mdai-operator/internal/controller/hub_adapter.go:507\ngithub.com/decisiveai/mdai-operator/internal/controller.(*MdaiHubReconciler).ReconcileHandler\n\tgithub.com/decisiveai/mdai-operator/internal/controller/mdaihub_controller.go:113\ngithub.com/decisiveai/mdai-operator/internal/controller.(*MdaiHubReconciler).Reconcile\n\tgithub.com/decisiveai/mdai-operator/internal/controller/mdaihub_controller.go:87\nsigs.k8s.io/controller-runtime/pkg/internal/controller.(*Controller[...]).Reconcile\n\tsigs.k8s.io/controller-runtime@v0.20.4/pkg/internal/controller/controller.go:119\nsigs.k8s.io/controller-runtime/pkg/internal/controller.(*Controller[...]).reconcileHandler\n\tsigs.k8s.io/controller-runtime@v0.20.4/pkg/internal/controller/controller.go:334\nsigs.k8s.io/controller-runtime/pkg/internal/controller.(*Controller[...]).processNextWorkItem\n\tsigs.k8s.io/controller-runtime@v0.20.4/pkg/internal/controller/controller.go:294\nsigs.k8s.io/controller-runtime/pkg/internal/controller.(*Controller[...]).Start.func2.2\n\tsigs.k8s.io/controller-runtime@v0.20.4/pkg/internal/controller/controller.go:255"}
{"level":"info","timestamp":"2026-02-27T06:12:00.289Z","msg":"AUDIT: Triggering restart of OpenTelemetry Collector","controller":"mdaihub","controllerGroup":"hub.mydecisive.ai","controllerKind":"MdaiHub","MdaiHub":{"name":"mdaihub","namespace":"mdai"},"namespace":"mdai","name":"mdaihub","reconcileID":"d2a162e9-f48a-4649-a3f3-fce53f121bf5","mdai-logstream":"audit","type":"collector_restart","timestamp":"2026-02-27T06:12:00Z","hub_name":"mdaihub","FIELDS_TO_REDACT":"","FIELDS_TO_HASH":""}
{"level":"info","timestamp":"2026-02-27T06:12:00.292Z","msg":"Status set to done for mdai hub","controller":"mdaihub","controllerGroup":"hub.mydecisive.ai","controllerKind":"MdaiHub","MdaiHub":{"name":"mdaihub","namespace":"mdai"},"namespace":"mdai","name":"mdaihub","reconcileID":"d2a162e9-f48a-4649-a3f3-fce53f121bf5","mdaiHub":"mdaihub"}
{"level":"info","timestamp":"2026-02-27T06:12:00.292Z","msg":"-- Finished MdaiHub reconciliation --","controller":"mdaihub","controllerGroup":"hub.mydecisive.ai","controllerKind":"MdaiHub","MdaiHub":{"name":"mdaihub","namespace":"mdai"},"namespace":"mdai","name":"mdaihub","reconcileID":"d2a162e9-f48a-4649-a3f3-fce53f121bf5"}
{"level":"info","timestamp":"2026-02-27T06:20:48.622Z","logger":"mdaihub-resource","msg":"Defaulting for MdaiHub","name":"mdaihub"}
{"level":"info","timestamp":"2026-02-27T06:20:48.625Z","logger":"mdaihub-resource","msg":"Validation for MdaiHub upon update","name":"mdaihub"}
{"level":"info","timestamp":"2026-02-27T06:20:48.626Z","msg":"-- Starting MdaiHub reconciliation --","controller":"mdaihub","controllerGroup":"hub.mydecisive.ai","controllerKind":"MdaiHub","MdaiHub":{"name":"mdaihub","namespace":"mdai"},"namespace":"mdai","name":"mdaihub","reconcileID":"f3c45e9a-7575-433a-b875-84a45264efcf","namespace":{"name":"mdaihub","namespace":"mdai"},"name":"mdaihub"}
{"level":"info","timestamp":"2026-02-27T06:20:48.626Z","msg":"EnsurePrometheusRuleSynchronized","controller":"mdaihub","controllerGroup":"hub.mydecisive.ai","controllerKind":"MdaiHub","MdaiHub":{"name":"mdaihub","namespace":"mdai"},"namespace":"mdai","name":"mdaihub","reconcileID":"f3c45e9a-7575-433a-b875-84a45264efcf"}
{"level":"info","timestamp":"2026-02-27T06:20:48.632Z","msg":"Created new PrometheusRule","controller":"mdaihub","controllerGroup":"hub.mydecisive.ai","controllerKind":"MdaiHub","MdaiHub":{"name":"mdaihub","namespace":"mdai"},"namespace":"mdai","name":"mdaihub","reconcileID":"f3c45e9a-7575-433a-b875-84a45264efcf","prometheus_rule_name":"mdai-mdaihub-alert-rules"}
{"level":"info","timestamp":"2026-02-27T06:20:48.637Z","msg":"Creating or updating ConfigMap for automations","controller":"mdaihub","controllerGroup":"hub.mydecisive.ai","controllerKind":"MdaiHub","MdaiHub":{"name":"mdaihub","namespace":"mdai"},"namespace":"mdai","name":"mdaihub","reconcileID":"f3c45e9a-7575-433a-b875-84a45264efcf","name":"mdaihub"}
{"level":"info","timestamp":"2026-02-27T06:20:48.639Z","msg":"Successfully created or updated ConfigMap","controller":"mdaihub","controllerGroup":"hub.mydecisive.ai","controllerKind":"MdaiHub","MdaiHub":{"name":"mdaihub","namespace":"mdai"},"namespace":"mdai","name":"mdaihub","reconcileID":"f3c45e9a-7575-433a-b875-84a45264efcf","name":"mdaihub-automation","namespace":"mdai","operation":"created"}
{"level":"info","timestamp":"2026-02-27T06:20:48.639Z","msg":"Successfully created ConfigMap for automations","controller":"mdaihub","controllerGroup":"hub.mydecisive.ai","controllerKind":"MdaiHub","MdaiHub":{"name":"mdaihub","namespace":"mdai"},"namespace":"mdai","name":"mdaihub","reconcileID":"f3c45e9a-7575-433a-b875-84a45264efcf","name":"mdaihub"}
{"level":"info","timestamp":"2026-02-27T06:20:48.639Z","msg":"Processing variable","controller":"mdaihub","controllerGroup":"hub.mydecisive.ai","controllerKind":"MdaiHub","MdaiHub":{"name":"mdaihub","namespace":"mdai"},"namespace":"mdai","name":"mdaihub","reconcileID":"f3c45e9a-7575-433a-b875-84a45264efcf","key":"service_list"}
{"level":"info","timestamp":"2026-02-27T06:20:48.639Z","msg":"<CreateFunc> mdaihub-automation ignored"}
{"level":"info","timestamp":"2026-02-27T06:20:48.639Z","msg":"Data received for variable/mdaihub/service_list: []"}
{"level":"info","timestamp":"2026-02-27T06:20:48.639Z","msg":"Processing variable","controller":"mdaihub","controllerGroup":"hub.mydecisive.ai","controllerKind":"MdaiHub","MdaiHub":{"name":"mdaihub","namespace":"mdai"},"namespace":"mdai","name":"mdaihub","reconcileID":"f3c45e9a-7575-433a-b875-84a45264efcf","key":"alerting_data_type"}
{"level":"info","timestamp":"2026-02-27T06:20:48.640Z","msg":"No value found in storage","key":"variable/mdaihub/alerting_data_type"}
{"level":"info","timestamp":"2026-02-27T06:20:48.640Z","msg":"Processing variable","controller":"mdaihub","controllerGroup":"hub.mydecisive.ai","controllerKind":"MdaiHub","MdaiHub":{"name":"mdaihub","namespace":"mdai"},"namespace":"mdai","name":"mdaihub","reconcileID":"f3c45e9a-7575-433a-b875-84a45264efcf","key":"alerting_triggered"}
{"level":"info","timestamp":"2026-02-27T06:20:48.640Z","msg":"No value found in storage","key":"variable/mdaihub/alerting_triggered"}
{"level":"info","timestamp":"2026-02-27T06:20:48.640Z","msg":"Deleting old valkey keys","controller":"mdaihub","controllerGroup":"hub.mydecisive.ai","controllerKind":"MdaiHub","MdaiHub":{"name":"mdaihub","namespace":"mdai"},"namespace":"mdai","name":"mdaihub","reconcileID":"f3c45e9a-7575-433a-b875-84a45264efcf","valkeyKeysToKeep":{"alerting_data_type":{},"alerting_triggered":{},"service_list":{}}}
{"level":"info","timestamp":"2026-02-27T06:20:48.640Z","msg":"No manual variables defined in the MDAI CR","controller":"mdaihub","controllerGroup":"hub.mydecisive.ai","controllerKind":"MdaiHub","MdaiHub":{"name":"mdaihub","namespace":"mdai"},"namespace":"mdai","name":"mdaihub","reconcileID":"f3c45e9a-7575-433a-b875-84a45264efcf","name":"mdaihub"}
{"level":"info","timestamp":"2026-02-27T06:20:48.640Z","msg":"Deleting ConfigMap","controller":"mdaihub","controllerGroup":"hub.mydecisive.ai","controllerKind":"MdaiHub","MdaiHub":{"name":"mdaihub","namespace":"mdai"},"namespace":"mdai","name":"mdaihub","reconcileID":"f3c45e9a-7575-433a-b875-84a45264efcf","name":"mdaihub-manual-variables","namespace":"mdai"}
{"level":"info","timestamp":"2026-02-27T06:20:48.642Z","msg":"<DeleteFunc> mdaihub-manual-variables ignored"}
{"level":"info","timestamp":"2026-02-27T06:20:48.643Z","msg":"Successfully created or updated ConfigMap","controller":"mdaihub","controllerGroup":"hub.mydecisive.ai","controllerKind":"MdaiHub","MdaiHub":{"name":"mdaihub","namespace":"mdai"},"namespace":"mdai","name":"mdaihub","reconcileID":"f3c45e9a-7575-433a-b875-84a45264efcf","name":"mdaihub-variables","namespace":"mdai","operation":"updated"}
{"level":"info","timestamp":"2026-02-27T06:20:48.643Z","msg":"Successfully created or updated ConfigMap","controller":"mdaihub","controllerGroup":"hub.mydecisive.ai","controllerKind":"MdaiHub","MdaiHub":{"name":"mdaihub","namespace":"mdai"},"namespace":"mdai","name":"mdaihub","reconcileID":"f3c45e9a-7575-433a-b875-84a45264efcf","name":"mdaihub-variables","namespace":"mdai","operation":"unchanged"}
{"level":"info","timestamp":"2026-02-27T06:20:48.643Z","msg":"<UpdateFunc> mdaihub-variables shouldReconcile: false"}
{"level":"info","timestamp":"2026-02-27T06:20:48.643Z","msg":"Successfully created or updated ConfigMap","controller":"mdaihub","controllerGroup":"hub.mydecisive.ai","controllerKind":"MdaiHub","MdaiHub":{"name":"mdaihub","namespace":"mdai"},"namespace":"mdai","name":"mdaihub","reconcileID":"f3c45e9a-7575-433a-b875-84a45264efcf","name":"mdaihub-variables","namespace":"mdai","operation":"unchanged"}
{"level":"info","timestamp":"2026-02-27T06:20:48.643Z","msg":"Triggering restart of OpenTelemetry Collector","controller":"mdaihub","controllerGroup":"hub.mydecisive.ai","controllerKind":"MdaiHub","MdaiHub":{"name":"mdaihub","namespace":"mdai"},"namespace":"mdai","name":"mdaihub","reconcileID":"f3c45e9a-7575-433a-b875-84a45264efcf","name":"gateway-datadog"}
{"level":"warn","timestamp":"2026-02-27T06:20:48.654Z","msg":"VALKEY_AUDIT_STREAM_EXPIRY_MS is deprecated; use VALKEY_AUDIT_STREAM_RETENTION","retention":2592000,"stacktrace":"github.com/decisiveai/mdai-data-core/audit.getStreamRetention\n\tgithub.com/decisiveai/mdai-data-core@v0.2.9/audit/adapter.go:241\ngithub.com/decisiveai/mdai-data-core/audit.NewAuditAdapter\n\tgithub.com/decisiveai/mdai-data-core@v0.2.9/audit/adapter.go:54\ngithub.com/decisiveai/mdai-operator/internal/controller.HubAdapter.restartCollectorAndAudit\n\tgithub.com/decisiveai/mdai-operator/internal/controller/hub_adapter.go:427\ngithub.com/decisiveai/mdai-operator/internal/controller.HubAdapter.syncComputedConfigMapsAndRestart\n\tgithub.com/decisiveai/mdai-operator/internal/controller/hub_adapter.go:458\ngithub.com/decisiveai/mdai-operator/internal/controller.HubAdapter.ensureVariableSynchronized\n\tgithub.com/decisiveai/mdai-operator/internal/controller/hub_adapter.go:507\ngithub.com/decisiveai/mdai-operator/internal/controller.(*MdaiHubReconciler).ReconcileHandler\n\tgithub.com/decisiveai/mdai-operator/internal/controller/mdaihub_controller.go:113\ngithub.com/decisiveai/mdai-operator/internal/controller.(*MdaiHubReconciler).Reconcile\n\tgithub.com/decisiveai/mdai-operator/internal/controller/mdaihub_controller.go:87\nsigs.k8s.io/controller-runtime/pkg/internal/controller.(*Controller[...]).Reconcile\n\tsigs.k8s.io/controller-runtime@v0.20.4/pkg/internal/controller/controller.go:119\nsigs.k8s.io/controller-runtime/pkg/internal/controller.(*Controller[...]).reconcileHandler\n\tsigs.k8s.io/controller-runtime@v0.20.4/pkg/internal/controller/controller.go:334\nsigs.k8s.io/controller-runtime/pkg/internal/controller.(*Controller[...]).processNextWorkItem\n\tsigs.k8s.io/controller-runtime@v0.20.4/pkg/internal/controller/controller.go:294\nsigs.k8s.io/controller-runtime/pkg/internal/controller.(*Controller[...]).Start.func2.2\n\tsigs.k8s.io/controller-runtime@v0.20.4/pkg/internal/controller/controller.go:255"}
{"level":"info","timestamp":"2026-02-27T06:20:48.654Z","msg":"AUDIT: Triggering restart of OpenTelemetry Collector","controller":"mdaihub","controllerGroup":"hub.mydecisive.ai","controllerKind":"MdaiHub","MdaiHub":{"name":"mdaihub","namespace":"mdai"},"namespace":"mdai","name":"mdaihub","reconcileID":"f3c45e9a-7575-433a-b875-84a45264efcf","mdai-logstream":"audit","type":"collector_restart","timestamp":"2026-02-27T06:20:48Z","hub_name":"mdaihub","SERVICE_LIST_REGEX":""}
{"level":"info","timestamp":"2026-02-27T06:20:48.654Z","msg":"Triggering restart of OpenTelemetry Collector","controller":"mdaihub","controllerGroup":"hub.mydecisive.ai","controllerKind":"MdaiHub","MdaiHub":{"name":"mdaihub","namespace":"mdai"},"namespace":"mdai","name":"mdaihub","reconcileID":"f3c45e9a-7575-433a-b875-84a45264efcf","name":"gateway-dynamic-filtration"}
{"level":"warn","timestamp":"2026-02-27T06:20:48.662Z","msg":"VALKEY_AUDIT_STREAM_EXPIRY_MS is deprecated; use VALKEY_AUDIT_STREAM_RETENTION","retention":2592000,"stacktrace":"github.com/decisiveai/mdai-data-core/audit.getStreamRetention\n\tgithub.com/decisiveai/mdai-data-core@v0.2.9/audit/adapter.go:241\ngithub.com/decisiveai/mdai-data-core/audit.NewAuditAdapter\n\tgithub.com/decisiveai/mdai-data-core@v0.2.9/audit/adapter.go:54\ngithub.com/decisiveai/mdai-operator/internal/controller.HubAdapter.restartCollectorAndAudit\n\tgithub.com/decisiveai/mdai-operator/internal/controller/hub_adapter.go:427\ngithub.com/decisiveai/mdai-operator/internal/controller.HubAdapter.syncComputedConfigMapsAndRestart\n\tgithub.com/decisiveai/mdai-operator/internal/controller/hub_adapter.go:458\ngithub.com/decisiveai/mdai-operator/internal/controller.HubAdapter.ensureVariableSynchronized\n\tgithub.com/decisiveai/mdai-operator/internal/controller/hub_adapter.go:507\ngithub.com/decisiveai/mdai-operator/internal/controller.(*MdaiHubReconciler).ReconcileHandler\n\tgithub.com/decisiveai/mdai-operator/internal/controller/mdaihub_controller.go:113\ngithub.com/decisiveai/mdai-operator/internal/controller.(*MdaiHubReconciler).Reconcile\n\tgithub.com/decisiveai/mdai-operator/internal/controller/mdaihub_controller.go:87\nsigs.k8s.io/controller-runtime/pkg/internal/controller.(*Controller[...]).Reconcile\n\tsigs.k8s.io/controller-runtime@v0.20.4/pkg/internal/controller/controller.go:119\nsigs.k8s.io/controller-runtime/pkg/internal/controller.(*Controller[...]).reconcileHandler\n\tsigs.k8s.io/controller-runtime@v0.20.4/pkg/internal/controller/controller.go:334\nsigs.k8s.io/controller-runtime/pkg/internal/controller.(*Controller[...]).processNextWorkItem\n\tsigs.k8s.io/controller-runtime@v0.20.4/pkg/internal/controller/controller.go:294\nsigs.k8s.io/controller-runtime/pkg/internal/controller.(*Controller[...]).Start.func2.2\n\tsigs.k8s.io/controller-runtime@v0.20.4/pkg/internal/controller/controller.go:255"}
{"level":"info","timestamp":"2026-02-27T06:20:48.662Z","msg":"AUDIT: Triggering restart of OpenTelemetry Collector","controller":"mdaihub","controllerGroup":"hub.mydecisive.ai","controllerKind":"MdaiHub","MdaiHub":{"name":"mdaihub","namespace":"mdai"},"namespace":"mdai","name":"mdaihub","reconcileID":"f3c45e9a-7575-433a-b875-84a45264efcf","mdai-logstream":"audit","type":"collector_restart","timestamp":"2026-02-27T06:20:48Z","hub_name":"mdaihub","SERVICE_LIST_REGEX":""}
{"level":"info","timestamp":"2026-02-27T06:20:48.663Z","msg":"Triggering restart of OpenTelemetry Collector","controller":"mdaihub","controllerGroup":"hub.mydecisive.ai","controllerKind":"MdaiHub","MdaiHub":{"name":"mdaihub","namespace":"mdai"},"namespace":"mdai","name":"mdaihub","reconcileID":"f3c45e9a-7575-433a-b875-84a45264efcf","name":"gateway-pii"}
{"level":"warn","timestamp":"2026-02-27T06:20:48.670Z","msg":"VALKEY_AUDIT_STREAM_EXPIRY_MS is deprecated; use VALKEY_AUDIT_STREAM_RETENTION","retention":2592000,"stacktrace":"github.com/decisiveai/mdai-data-core/audit.getStreamRetention\n\tgithub.com/decisiveai/mdai-data-core@v0.2.9/audit/adapter.go:241\ngithub.com/decisiveai/mdai-data-core/audit.NewAuditAdapter\n\tgithub.com/decisiveai/mdai-data-core@v0.2.9/audit/adapter.go:54\ngithub.com/decisiveai/mdai-operator/internal/controller.HubAdapter.restartCollectorAndAudit\n\tgithub.com/decisiveai/mdai-operator/internal/controller/hub_adapter.go:427\ngithub.com/decisiveai/mdai-operator/internal/controller.HubAdapter.syncComputedConfigMapsAndRestart\n\tgithub.com/decisiveai/mdai-operator/internal/controller/hub_adapter.go:458\ngithub.com/decisiveai/mdai-operator/internal/controller.HubAdapter.ensureVariableSynchronized\n\tgithub.com/decisiveai/mdai-operator/internal/controller/hub_adapter.go:507\ngithub.com/decisiveai/mdai-operator/internal/controller.(*MdaiHubReconciler).ReconcileHandler\n\tgithub.com/decisiveai/mdai-operator/internal/controller/mdaihub_controller.go:113\ngithub.com/decisiveai/mdai-operator/internal/controller.(*MdaiHubReconciler).Reconcile\n\tgithub.com/decisiveai/mdai-operator/internal/controller/mdaihub_controller.go:87\nsigs.k8s.io/controller-runtime/pkg/internal/controller.(*Controller[...]).Reconcile\n\tsigs.k8s.io/controller-runtime@v0.20.4/pkg/internal/controller/controller.go:119\nsigs.k8s.io/controller-runtime/pkg/internal/controller.(*Controller[...]).reconcileHandler\n\tsigs.k8s.io/controller-runtime@v0.20.4/pkg/internal/controller/controller.go:334\nsigs.k8s.io/controller-runtime/pkg/internal/controller.(*Controller[...]).processNextWorkItem\n\tsigs.k8s.io/controller-runtime@v0.20.4/pkg/internal/controller/controller.go:294\nsigs.k8s.io/controller-runtime/pkg/internal/controller.(*Controller[...]).Start.func2.2\n\tsigs.k8s.io/controller-runtime@v0.20.4/pkg/internal/controller/controller.go:255"}
{"level":"info","timestamp":"2026-02-27T06:20:48.670Z","msg":"AUDIT: Triggering restart of OpenTelemetry Collector","controller":"mdaihub","controllerGroup":"hub.mydecisive.ai","controllerKind":"MdaiHub","MdaiHub":{"name":"mdaihub","namespace":"mdai"},"namespace":"mdai","name":"mdaihub","reconcileID":"f3c45e9a-7575-433a-b875-84a45264efcf","mdai-logstream":"audit","hub_name":"mdaihub","SERVICE_LIST_REGEX":"","type":"collector_restart","timestamp":"2026-02-27T06:20:48Z"}
{"level":"info","timestamp":"2026-02-27T06:20:48.674Z","msg":"Status set to done for mdai hub","controller":"mdaihub","controllerGroup":"hub.mydecisive.ai","controllerKind":"MdaiHub","MdaiHub":{"name":"mdaihub","namespace":"mdai"},"namespace":"mdai","name":"mdaihub","reconcileID":"f3c45e9a-7575-433a-b875-84a45264efcf","mdaiHub":"mdaihub"}
{"level":"info","timestamp":"2026-02-27T06:20:48.674Z","msg":"-- Finished MdaiHub reconciliation --","controller":"mdaihub","controllerGroup":"hub.mydecisive.ai","controllerKind":"MdaiHub","MdaiHub":{"name":"mdaihub","namespace":"mdai"},"namespace":"mdai","name":"mdaihub","reconcileID":"f3c45e9a-7575-433a-b875-84a45264efcf"}
{"level":"info","timestamp":"2026-02-27T06:20:48.726Z","logger":"mdaihub-resource","msg":"Defaulting for MdaiHub","name":"mdaihub"}
{"level":"info","timestamp":"2026-02-27T06:20:48.727Z","logger":"mdaihub-resource","msg":"Validation for MdaiHub upon update","name":"mdaihub"}
{"level":"info","timestamp":"2026-02-27T06:20:48.730Z","msg":"-- Starting MdaiHub reconciliation --","controller":"mdaihub","controllerGroup":"hub.mydecisive.ai","controllerKind":"MdaiHub","MdaiHub":{"name":"mdaihub","namespace":"mdai"},"namespace":"mdai","name":"mdaihub","reconcileID":"182436e6-38bd-4474-aa08-f5c2accf3089","namespace":{"name":"mdaihub","namespace":"mdai"},"name":"mdaihub"}
{"level":"info","timestamp":"2026-02-27T06:20:48.730Z","msg":"EnsurePrometheusRuleSynchronized","controller":"mdaihub","controllerGroup":"hub.mydecisive.ai","controllerKind":"MdaiHub","MdaiHub":{"name":"mdaihub","namespace":"mdai"},"namespace":"mdai","name":"mdaihub","reconcileID":"182436e6-38bd-4474-aa08-f5c2accf3089"}
{"level":"info","timestamp":"2026-02-27T06:20:48.730Z","msg":"No evaluations found, skipping PrometheusRule creation","controller":"mdaihub","controllerGroup":"hub.mydecisive.ai","controllerKind":"MdaiHub","MdaiHub":{"name":"mdaihub","namespace":"mdai"},"namespace":"mdai","name":"mdaihub","reconcileID":"182436e6-38bd-4474-aa08-f5c2accf3089"}
{"level":"info","timestamp":"2026-02-27T06:20:48.730Z","msg":"Removing existing rules","controller":"mdaihub","controllerGroup":"hub.mydecisive.ai","controllerKind":"MdaiHub","MdaiHub":{"name":"mdaihub","namespace":"mdai"},"namespace":"mdai","name":"mdaihub","reconcileID":"182436e6-38bd-4474-aa08-f5c2accf3089"}
{"level":"info","timestamp":"2026-02-27T06:20:48.732Z","msg":"Deleted PrometheusRule","controller":"mdaihub","controllerGroup":"hub.mydecisive.ai","controllerKind":"MdaiHub","MdaiHub":{"name":"mdaihub","namespace":"mdai"},"namespace":"mdai","name":"mdaihub","reconcileID":"182436e6-38bd-4474-aa08-f5c2accf3089","prometheus_rule_name":"mdai-mdaihub-alert-rules"}
{"level":"info","timestamp":"2026-02-27T06:20:48.732Z","msg":"No automations defined in the MDAI CR","controller":"mdaihub","controllerGroup":"hub.mydecisive.ai","controllerKind":"MdaiHub","MdaiHub":{"name":"mdaihub","namespace":"mdai"},"namespace":"mdai","name":"mdaihub","reconcileID":"182436e6-38bd-4474-aa08-f5c2accf3089","name":"mdaihub"}
{"level":"info","timestamp":"2026-02-27T06:20:48.732Z","msg":"Deleting ConfigMap","controller":"mdaihub","controllerGroup":"hub.mydecisive.ai","controllerKind":"MdaiHub","MdaiHub":{"name":"mdaihub","namespace":"mdai"},"namespace":"mdai","name":"mdaihub","reconcileID":"182436e6-38bd-4474-aa08-f5c2accf3089","name":"mdaihub-automation","namespace":"mdai"}
{"level":"info","timestamp":"2026-02-27T06:20:48.736Z","msg":"Processing variable","controller":"mdaihub","controllerGroup":"hub.mydecisive.ai","controllerKind":"MdaiHub","MdaiHub":{"name":"mdaihub","namespace":"mdai"},"namespace":"mdai","name":"mdaihub","reconcileID":"182436e6-38bd-4474-aa08-f5c2accf3089","key":"fields_to_redact"}
{"level":"info","timestamp":"2026-02-27T06:20:48.736Z","msg":"<DeleteFunc> mdaihub-automation ignored"}
{"level":"info","timestamp":"2026-02-27T06:20:48.736Z","msg":"Data received for variable/mdaihub/fields_to_redact: []"}
{"level":"info","timestamp":"2026-02-27T06:20:48.736Z","msg":"Processing variable","controller":"mdaihub","controllerGroup":"hub.mydecisive.ai","controllerKind":"MdaiHub","MdaiHub":{"name":"mdaihub","namespace":"mdai"},"namespace":"mdai","name":"mdaihub","reconcileID":"182436e6-38bd-4474-aa08-f5c2accf3089","key":"fields_to_hash"}
{"level":"info","timestamp":"2026-02-27T06:20:48.736Z","msg":"Data received for variable/mdaihub/fields_to_hash: []"}
{"level":"info","timestamp":"2026-02-27T06:20:48.736Z","msg":"Processing variable","controller":"mdaihub","controllerGroup":"hub.mydecisive.ai","controllerKind":"MdaiHub","MdaiHub":{"name":"mdaihub","namespace":"mdai"},"namespace":"mdai","name":"mdaihub","reconcileID":"182436e6-38bd-4474-aa08-f5c2accf3089","key":"email_regex"}
{"level":"info","timestamp":"2026-02-27T06:20:48.736Z","msg":"No value found in storage","key":"variable/mdaihub/email_regex"}
{"level":"info","timestamp":"2026-02-27T06:20:48.736Z","msg":"Processing variable","controller":"mdaihub","controllerGroup":"hub.mydecisive.ai","controllerKind":"MdaiHub","MdaiHub":{"name":"mdaihub","namespace":"mdai"},"namespace":"mdai","name":"mdaihub","reconcileID":"182436e6-38bd-4474-aa08-f5c2accf3089","key":"cc_regex"}
{"level":"info","timestamp":"2026-02-27T06:20:48.736Z","msg":"No value found in storage","key":"variable/mdaihub/cc_regex"}
{"level":"info","timestamp":"2026-02-27T06:20:48.736Z","msg":"Processing variable","controller":"mdaihub","controllerGroup":"hub.mydecisive.ai","controllerKind":"MdaiHub","MdaiHub":{"name":"mdaihub","namespace":"mdai"},"namespace":"mdai","name":"mdaihub","reconcileID":"182436e6-38bd-4474-aa08-f5c2accf3089","key":"phone_regex"}
{"level":"info","timestamp":"2026-02-27T06:20:48.736Z","msg":"No value found in storage","key":"variable/mdaihub/phone_regex"}
{"level":"info","timestamp":"2026-02-27T06:20:48.736Z","msg":"Processing variable","controller":"mdaihub","controllerGroup":"hub.mydecisive.ai","controllerKind":"MdaiHub","MdaiHub":{"name":"mdaihub","namespace":"mdai"},"namespace":"mdai","name":"mdaihub","reconcileID":"182436e6-38bd-4474-aa08-f5c2accf3089","key":"address_regex"}
{"level":"info","timestamp":"2026-02-27T06:20:48.736Z","msg":"No value found in storage","key":"variable/mdaihub/address_regex"}
{"level":"info","timestamp":"2026-02-27T06:20:48.736Z","msg":"Processing variable","controller":"mdaihub","controllerGroup":"hub.mydecisive.ai","controllerKind":"MdaiHub","MdaiHub":{"name":"mdaihub","namespace":"mdai"},"namespace":"mdai","name":"mdaihub","reconcileID":"182436e6-38bd-4474-aa08-f5c2accf3089","key":"ssn_regex"}
{"level":"info","timestamp":"2026-02-27T06:20:48.736Z","msg":"No value found in storage","key":"variable/mdaihub/ssn_regex"}
{"level":"info","timestamp":"2026-02-27T06:20:48.736Z","msg":"Processing variable","controller":"mdaihub","controllerGroup":"hub.mydecisive.ai","controllerKind":"MdaiHub","MdaiHub":{"name":"mdaihub","namespace":"mdai"},"namespace":"mdai","name":"mdaihub","reconcileID":"182436e6-38bd-4474-aa08-f5c2accf3089","key":"name_regex"}
{"level":"info","timestamp":"2026-02-27T06:20:48.736Z","msg":"No value found in storage","key":"variable/mdaihub/name_regex"}
{"level":"info","timestamp":"2026-02-27T06:20:48.736Z","msg":"Processing variable","controller":"mdaihub","controllerGroup":"hub.mydecisive.ai","controllerKind":"MdaiHub","MdaiHub":{"name":"mdaihub","namespace":"mdai"},"namespace":"mdai","name":"mdaihub","reconcileID":"182436e6-38bd-4474-aa08-f5c2accf3089","key":"email_template"}
{"level":"info","timestamp":"2026-02-27T06:20:48.736Z","msg":"No value found in storage","key":"variable/mdaihub/email_template"}
{"level":"info","timestamp":"2026-02-27T06:20:48.736Z","msg":"Processing variable","controller":"mdaihub","controllerGroup":"hub.mydecisive.ai","controllerKind":"MdaiHub","MdaiHub":{"name":"mdaihub","namespace":"mdai"},"namespace":"mdai","name":"mdaihub","reconcileID":"182436e6-38bd-4474-aa08-f5c2accf3089","key":"cc_template"}
{"level":"info","timestamp":"2026-02-27T06:20:48.736Z","msg":"No value found in storage","key":"variable/mdaihub/cc_template"}
{"level":"info","timestamp":"2026-02-27T06:20:48.736Z","msg":"Processing variable","controller":"mdaihub","controllerGroup":"hub.mydecisive.ai","controllerKind":"MdaiHub","MdaiHub":{"name":"mdaihub","namespace":"mdai"},"namespace":"mdai","name":"mdaihub","reconcileID":"182436e6-38bd-4474-aa08-f5c2accf3089","key":"phone_template"}
{"level":"info","timestamp":"2026-02-27T06:20:48.736Z","msg":"No value found in storage","key":"variable/mdaihub/phone_template"}
{"level":"info","timestamp":"2026-02-27T06:20:48.736Z","msg":"Processing variable","controller":"mdaihub","controllerGroup":"hub.mydecisive.ai","controllerKind":"MdaiHub","MdaiHub":{"name":"mdaihub","namespace":"mdai"},"namespace":"mdai","name":"mdaihub","reconcileID":"182436e6-38bd-4474-aa08-f5c2accf3089","key":"address_template"}
{"level":"info","timestamp":"2026-02-27T06:20:48.737Z","msg":"No value found in storage","key":"variable/mdaihub/address_template"}
{"level":"info","timestamp":"2026-02-27T06:20:48.737Z","msg":"Processing variable","controller":"mdaihub","controllerGroup":"hub.mydecisive.ai","controllerKind":"MdaiHub","MdaiHub":{"name":"mdaihub","namespace":"mdai"},"namespace":"mdai","name":"mdaihub","reconcileID":"182436e6-38bd-4474-aa08-f5c2accf3089","key":"ssn_template"}
{"level":"info","timestamp":"2026-02-27T06:20:48.737Z","msg":"No value found in storage","key":"variable/mdaihub/ssn_template"}
{"level":"info","timestamp":"2026-02-27T06:20:48.737Z","msg":"Processing variable","controller":"mdaihub","controllerGroup":"hub.mydecisive.ai","controllerKind":"MdaiHub","MdaiHub":{"name":"mdaihub","namespace":"mdai"},"namespace":"mdai","name":"mdaihub","reconcileID":"182436e6-38bd-4474-aa08-f5c2accf3089","key":"name_template"}
{"level":"info","timestamp":"2026-02-27T06:20:48.737Z","msg":"No value found in storage","key":"variable/mdaihub/name_template"}
{"level":"info","timestamp":"2026-02-27T06:20:48.737Z","msg":"Deleting old valkey keys","controller":"mdaihub","controllerGroup":"hub.mydecisive.ai","controllerKind":"MdaiHub","MdaiHub":{"name":"mdaihub","namespace":"mdai"},"namespace":"mdai","name":"mdaihub","reconcileID":"182436e6-38bd-4474-aa08-f5c2accf3089","valkeyKeysToKeep":{"address_regex":{},"address_template":{},"cc_regex":{},"cc_template":{},"email_regex":{},"email_template":{},"fields_to_hash":{},"fields_to_redact":{},"name_regex":{},"name_template":{},"phone_regex":{},"phone_template":{},"ssn_regex":{},"ssn_template":{}}}
{"level":"info","timestamp":"2026-02-27T06:20:48.740Z","msg":"<CreateFunc> mdaihub-manual-variables ignored"}
{"level":"info","timestamp":"2026-02-27T06:20:48.740Z","msg":"Successfully created or updated ConfigMap","controller":"mdaihub","controllerGroup":"hub.mydecisive.ai","controllerKind":"MdaiHub","MdaiHub":{"name":"mdaihub","namespace":"mdai"},"namespace":"mdai","name":"mdaihub","reconcileID":"182436e6-38bd-4474-aa08-f5c2accf3089","name":"mdaihub-manual-variables","namespace":"mdai","operation":"created"}
{"level":"info","timestamp":"2026-02-27T06:20:48.743Z","msg":"<UpdateFunc> mdaihub-variables shouldReconcile: false"}
{"level":"info","timestamp":"2026-02-27T06:20:48.743Z","msg":"Successfully created or updated ConfigMap","controller":"mdaihub","controllerGroup":"hub.mydecisive.ai","controllerKind":"MdaiHub","MdaiHub":{"name":"mdaihub","namespace":"mdai"},"namespace":"mdai","name":"mdaihub","reconcileID":"182436e6-38bd-4474-aa08-f5c2accf3089","name":"mdaihub-variables","namespace":"mdai","operation":"updated"}
{"level":"info","timestamp":"2026-02-27T06:20:48.743Z","msg":"Successfully created or updated ConfigMap","controller":"mdaihub","controllerGroup":"hub.mydecisive.ai","controllerKind":"MdaiHub","MdaiHub":{"name":"mdaihub","namespace":"mdai"},"namespace":"mdai","name":"mdaihub","reconcileID":"182436e6-38bd-4474-aa08-f5c2accf3089","name":"mdaihub-variables","namespace":"mdai","operation":"unchanged"}
{"level":"info","timestamp":"2026-02-27T06:20:48.743Z","msg":"Successfully created or updated ConfigMap","controller":"mdaihub","controllerGroup":"hub.mydecisive.ai","controllerKind":"MdaiHub","MdaiHub":{"name":"mdaihub","namespace":"mdai"},"namespace":"mdai","name":"mdaihub","reconcileID":"182436e6-38bd-4474-aa08-f5c2accf3089","name":"mdaihub-variables","namespace":"mdai","operation":"unchanged"}
{"level":"info","timestamp":"2026-02-27T06:20:48.743Z","msg":"Triggering restart of OpenTelemetry Collector","controller":"mdaihub","controllerGroup":"hub.mydecisive.ai","controllerKind":"MdaiHub","MdaiHub":{"name":"mdaihub","namespace":"mdai"},"namespace":"mdai","name":"mdaihub","reconcileID":"182436e6-38bd-4474-aa08-f5c2accf3089","name":"gateway-datadog"}
{"level":"warn","timestamp":"2026-02-27T06:20:48.754Z","msg":"VALKEY_AUDIT_STREAM_EXPIRY_MS is deprecated; use VALKEY_AUDIT_STREAM_RETENTION","retention":2592000,"stacktrace":"github.com/decisiveai/mdai-data-core/audit.getStreamRetention\n\tgithub.com/decisiveai/mdai-data-core@v0.2.9/audit/adapter.go:241\ngithub.com/decisiveai/mdai-data-core/audit.NewAuditAdapter\n\tgithub.com/decisiveai/mdai-data-core@v0.2.9/audit/adapter.go:54\ngithub.com/decisiveai/mdai-operator/internal/controller.HubAdapter.restartCollectorAndAudit\n\tgithub.com/decisiveai/mdai-operator/internal/controller/hub_adapter.go:427\ngithub.com/decisiveai/mdai-operator/internal/controller.HubAdapter.syncComputedConfigMapsAndRestart\n\tgithub.com/decisiveai/mdai-operator/internal/controller/hub_adapter.go:458\ngithub.com/decisiveai/mdai-operator/internal/controller.HubAdapter.ensureVariableSynchronized\n\tgithub.com/decisiveai/mdai-operator/internal/controller/hub_adapter.go:507\ngithub.com/decisiveai/mdai-operator/internal/controller.(*MdaiHubReconciler).ReconcileHandler\n\tgithub.com/decisiveai/mdai-operator/internal/controller/mdaihub_controller.go:113\ngithub.com/decisiveai/mdai-operator/internal/controller.(*MdaiHubReconciler).Reconcile\n\tgithub.com/decisiveai/mdai-operator/internal/controller/mdaihub_controller.go:87\nsigs.k8s.io/controller-runtime/pkg/internal/controller.(*Controller[...]).Reconcile\n\tsigs.k8s.io/controller-runtime@v0.20.4/pkg/internal/controller/controller.go:119\nsigs.k8s.io/controller-runtime/pkg/internal/controller.(*Controller[...]).reconcileHandler\n\tsigs.k8s.io/controller-runtime@v0.20.4/pkg/internal/controller/controller.go:334\nsigs.k8s.io/controller-runtime/pkg/internal/controller.(*Controller[...]).processNextWorkItem\n\tsigs.k8s.io/controller-runtime@v0.20.4/pkg/internal/controller/controller.go:294\nsigs.k8s.io/controller-runtime/pkg/internal/controller.(*Controller[...]).Start.func2.2\n\tsigs.k8s.io/controller-runtime@v0.20.4/pkg/internal/controller/controller.go:255"}
{"level":"info","timestamp":"2026-02-27T06:20:48.754Z","msg":"AUDIT: Triggering restart of OpenTelemetry Collector","controller":"mdaihub","controllerGroup":"hub.mydecisive.ai","controllerKind":"MdaiHub","MdaiHub":{"name":"mdaihub","namespace":"mdai"},"namespace":"mdai","name":"mdaihub","reconcileID":"182436e6-38bd-4474-aa08-f5c2accf3089","mdai-logstream":"audit","timestamp":"2026-02-27T06:20:48Z","hub_name":"mdaihub","FIELDS_TO_REDACT":"","FIELDS_TO_HASH":"","type":"collector_restart"}
{"level":"info","timestamp":"2026-02-27T06:20:48.754Z","msg":"Triggering restart of OpenTelemetry Collector","controller":"mdaihub","controllerGroup":"hub.mydecisive.ai","controllerKind":"MdaiHub","MdaiHub":{"name":"mdaihub","namespace":"mdai"},"namespace":"mdai","name":"mdaihub","reconcileID":"182436e6-38bd-4474-aa08-f5c2accf3089","name":"gateway-dynamic-filtration"}
{"level":"warn","timestamp":"2026-02-27T06:20:48.760Z","msg":"VALKEY_AUDIT_STREAM_EXPIRY_MS is deprecated; use VALKEY_AUDIT_STREAM_RETENTION","retention":2592000,"stacktrace":"github.com/decisiveai/mdai-data-core/audit.getStreamRetention\n\tgithub.com/decisiveai/mdai-data-core@v0.2.9/audit/adapter.go:241\ngithub.com/decisiveai/mdai-data-core/audit.NewAuditAdapter\n\tgithub.com/decisiveai/mdai-data-core@v0.2.9/audit/adapter.go:54\ngithub.com/decisiveai/mdai-operator/internal/controller.HubAdapter.restartCollectorAndAudit\n\tgithub.com/decisiveai/mdai-operator/internal/controller/hub_adapter.go:427\ngithub.com/decisiveai/mdai-operator/internal/controller.HubAdapter.syncComputedConfigMapsAndRestart\n\tgithub.com/decisiveai/mdai-operator/internal/controller/hub_adapter.go:458\ngithub.com/decisiveai/mdai-operator/internal/controller.HubAdapter.ensureVariableSynchronized\n\tgithub.com/decisiveai/mdai-operator/internal/controller/hub_adapter.go:507\ngithub.com/decisiveai/mdai-operator/internal/controller.(*MdaiHubReconciler).ReconcileHandler\n\tgithub.com/decisiveai/mdai-operator/internal/controller/mdaihub_controller.go:113\ngithub.com/decisiveai/mdai-operator/internal/controller.(*MdaiHubReconciler).Reconcile\n\tgithub.com/decisiveai/mdai-operator/internal/controller/mdaihub_controller.go:87\nsigs.k8s.io/controller-runtime/pkg/internal/controller.(*Controller[...]).Reconcile\n\tsigs.k8s.io/controller-runtime@v0.20.4/pkg/internal/controller/controller.go:119\nsigs.k8s.io/controller-runtime/pkg/internal/controller.(*Controller[...]).reconcileHandler\n\tsigs.k8s.io/controller-runtime@v0.20.4/pkg/internal/controller/controller.go:334\nsigs.k8s.io/controller-runtime/pkg/internal/controller.(*Controller[...]).processNextWorkItem\n\tsigs.k8s.io/controller-runtime@v0.20.4/pkg/internal/controller/controller.go:294\nsigs.k8s.io/controller-runtime/pkg/internal/controller.(*Controller[...]).Start.func2.2\n\tsigs.k8s.io/controller-runtime@v0.20.4/pkg/internal/controller/controller.go:255"}
{"level":"info","timestamp":"2026-02-27T06:20:48.760Z","msg":"AUDIT: Triggering restart of OpenTelemetry Collector","controller":"mdaihub","controllerGroup":"hub.mydecisive.ai","controllerKind":"MdaiHub","MdaiHub":{"name":"mdaihub","namespace":"mdai"},"namespace":"mdai","name":"mdaihub","reconcileID":"182436e6-38bd-4474-aa08-f5c2accf3089","mdai-logstream":"audit","timestamp":"2026-02-27T06:20:48Z","hub_name":"mdaihub","FIELDS_TO_REDACT":"","FIELDS_TO_HASH":"","type":"collector_restart"}
{"level":"info","timestamp":"2026-02-27T06:20:48.760Z","msg":"Triggering restart of OpenTelemetry Collector","controller":"mdaihub","controllerGroup":"hub.mydecisive.ai","controllerKind":"MdaiHub","MdaiHub":{"name":"mdaihub","namespace":"mdai"},"namespace":"mdai","name":"mdaihub","reconcileID":"182436e6-38bd-4474-aa08-f5c2accf3089","name":"gateway-pii"}
{"level":"warn","timestamp":"2026-02-27T06:20:48.768Z","msg":"VALKEY_AUDIT_STREAM_EXPIRY_MS is deprecated; use VALKEY_AUDIT_STREAM_RETENTION","retention":2592000,"stacktrace":"github.com/decisiveai/mdai-data-core/audit.getStreamRetention\n\tgithub.com/decisiveai/mdai-data-core@v0.2.9/audit/adapter.go:241\ngithub.com/decisiveai/mdai-data-core/audit.NewAuditAdapter\n\tgithub.com/decisiveai/mdai-data-core@v0.2.9/audit/adapter.go:54\ngithub.com/decisiveai/mdai-operator/internal/controller.HubAdapter.restartCollectorAndAudit\n\tgithub.com/decisiveai/mdai-operator/internal/controller/hub_adapter.go:427\ngithub.com/decisiveai/mdai-operator/internal/controller.HubAdapter.syncComputedConfigMapsAndRestart\n\tgithub.com/decisiveai/mdai-operator/internal/controller/hub_adapter.go:458\ngithub.com/decisiveai/mdai-operator/internal/controller.HubAdapter.ensureVariableSynchronized\n\tgithub.com/decisiveai/mdai-operator/internal/controller/hub_adapter.go:507\ngithub.com/decisiveai/mdai-operator/internal/controller.(*MdaiHubReconciler).ReconcileHandler\n\tgithub.com/decisiveai/mdai-operator/internal/controller/mdaihub_controller.go:113\ngithub.com/decisiveai/mdai-operator/internal/controller.(*MdaiHubReconciler).Reconcile\n\tgithub.com/decisiveai/mdai-operator/internal/controller/mdaihub_controller.go:87\nsigs.k8s.io/controller-runtime/pkg/internal/controller.(*Controller[...]).Reconcile\n\tsigs.k8s.io/controller-runtime@v0.20.4/pkg/internal/controller/controller.go:119\nsigs.k8s.io/controller-runtime/pkg/internal/controller.(*Controller[...]).reconcileHandler\n\tsigs.k8s.io/controller-runtime@v0.20.4/pkg/internal/controller/controller.go:334\nsigs.k8s.io/controller-runtime/pkg/internal/controller.(*Controller[...]).processNextWorkItem\n\tsigs.k8s.io/controller-runtime@v0.20.4/pkg/internal/controller/controller.go:294\nsigs.k8s.io/controller-runtime/pkg/internal/controller.(*Controller[...]).Start.func2.2\n\tsigs.k8s.io/controller-runtime@v0.20.4/pkg/internal/controller/controller.go:255"}
{"level":"info","timestamp":"2026-02-27T06:20:48.769Z","msg":"AUDIT: Triggering restart of OpenTelemetry Collector","controller":"mdaihub","controllerGroup":"hub.mydecisive.ai","controllerKind":"MdaiHub","MdaiHub":{"name":"mdaihub","namespace":"mdai"},"namespace":"mdai","name":"mdaihub","reconcileID":"182436e6-38bd-4474-aa08-f5c2accf3089","mdai-logstream":"audit","timestamp":"2026-02-27T06:20:48Z","hub_name":"mdaihub","FIELDS_TO_REDACT":"","FIELDS_TO_HASH":"","type":"collector_restart"}
{"level":"info","timestamp":"2026-02-27T06:20:48.771Z","msg":"Status set to done for mdai hub","controller":"mdaihub","controllerGroup":"hub.mydecisive.ai","controllerKind":"MdaiHub","MdaiHub":{"name":"mdaihub","namespace":"mdai"},"namespace":"mdai","name":"mdaihub","reconcileID":"182436e6-38bd-4474-aa08-f5c2accf3089","mdaiHub":"mdaihub"}
{"level":"info","timestamp":"2026-02-27T06:20:48.771Z","msg":"-- Finished MdaiHub reconciliation --","controller":"mdaihub","controllerGroup":"hub.mydecisive.ai","controllerKind":"MdaiHub","MdaiHub":{"name":"mdaihub","namespace":"mdai"},"namespace":"mdai","name":"mdaihub","reconcileID":"182436e6-38bd-4474-aa08-f5c2accf3089"}
{"level":"info","timestamp":"2026-02-27T06:20:48.847Z","logger":"mdaihub-resource","msg":"Defaulting for MdaiHub","name":"mdaihub"}
{"level":"info","timestamp":"2026-02-27T06:20:48.848Z","logger":"mdaihub-resource","msg":"Validation for MdaiHub upon update","name":"mdaihub"}
{"level":"info","timestamp":"2026-02-27T06:20:48.849Z","msg":"-- Starting MdaiHub reconciliation --","controller":"mdaihub","controllerGroup":"hub.mydecisive.ai","controllerKind":"MdaiHub","MdaiHub":{"name":"mdaihub","namespace":"mdai"},"namespace":"mdai","name":"mdaihub","reconcileID":"39af1346-e0a5-40e6-ad39-148cb3126ed4","namespace":{"name":"mdaihub","namespace":"mdai"},"name":"mdaihub"}
{"level":"info","timestamp":"2026-02-27T06:20:48.849Z","msg":"EnsurePrometheusRuleSynchronized","controller":"mdaihub","controllerGroup":"hub.mydecisive.ai","controllerKind":"MdaiHub","MdaiHub":{"name":"mdaihub","namespace":"mdai"},"namespace":"mdai","name":"mdaihub","reconcileID":"39af1346-e0a5-40e6-ad39-148cb3126ed4"}
{"level":"info","timestamp":"2026-02-27T06:20:48.849Z","msg":"No evaluations found, skipping PrometheusRule creation","controller":"mdaihub","controllerGroup":"hub.mydecisive.ai","controllerKind":"MdaiHub","MdaiHub":{"name":"mdaihub","namespace":"mdai"},"namespace":"mdai","name":"mdaihub","reconcileID":"39af1346-e0a5-40e6-ad39-148cb3126ed4"}
{"level":"info","timestamp":"2026-02-27T06:20:48.849Z","msg":"No automations defined in the MDAI CR","controller":"mdaihub","controllerGroup":"hub.mydecisive.ai","controllerKind":"MdaiHub","MdaiHub":{"name":"mdaihub","namespace":"mdai"},"namespace":"mdai","name":"mdaihub","reconcileID":"39af1346-e0a5-40e6-ad39-148cb3126ed4","name":"mdaihub"}
{"level":"info","timestamp":"2026-02-27T06:20:48.849Z","msg":"Deleting ConfigMap","controller":"mdaihub","controllerGroup":"hub.mydecisive.ai","controllerKind":"MdaiHub","MdaiHub":{"name":"mdaihub","namespace":"mdai"},"namespace":"mdai","name":"mdaihub","reconcileID":"39af1346-e0a5-40e6-ad39-148cb3126ed4","name":"mdaihub-automation","namespace":"mdai"}
{"level":"info","timestamp":"2026-02-27T06:20:48.850Z","msg":"ConfigMap not found, skipping deletion","controller":"mdaihub","controllerGroup":"hub.mydecisive.ai","controllerKind":"MdaiHub","MdaiHub":{"name":"mdaihub","namespace":"mdai"},"namespace":"mdai","name":"mdaihub","reconcileID":"39af1346-e0a5-40e6-ad39-148cb3126ed4","name":"mdaihub-automation","namespace":"mdai"}
{"level":"info","timestamp":"2026-02-27T06:20:48.850Z","msg":"No variables found in the CR, skipping variable synchronization","controller":"mdaihub","controllerGroup":"hub.mydecisive.ai","controllerKind":"MdaiHub","MdaiHub":{"name":"mdaihub","namespace":"mdai"},"namespace":"mdai","name":"mdaihub","reconcileID":"39af1346-e0a5-40e6-ad39-148cb3126ed4"}
{"level":"info","timestamp":"2026-02-27T06:20:48.851Z","msg":"Status set to done for mdai hub","controller":"mdaihub","controllerGroup":"hub.mydecisive.ai","controllerKind":"MdaiHub","MdaiHub":{"name":"mdaihub","namespace":"mdai"},"namespace":"mdai","name":"mdaihub","reconcileID":"39af1346-e0a5-40e6-ad39-148cb3126ed4","mdaiHub":"mdaihub"}
{"level":"info","timestamp":"2026-02-27T06:20:48.851Z","msg":"-- Finished MdaiHub reconciliation --","controller":"mdaihub","controllerGroup":"hub.mydecisive.ai","controllerKind":"MdaiHub","MdaiHub":{"name":"mdaihub","namespace":"mdai"},"namespace":"mdai","name":"mdaihub","reconcileID":"39af1346-e0a5-40e6-ad39-148cb3126ed4"}
{"level":"info","timestamp":"2026-02-27T06:20:50.056Z","logger":"mdaihub-resource","msg":"Defaulting for MdaiHub","name":"mdaihub"}
{"level":"info","timestamp":"2026-02-27T06:20:50.057Z","logger":"mdaihub-resource","msg":"Validation for MdaiHub upon update","name":"mdaihub"}
{"level":"info","timestamp":"2026-02-27T06:20:50.060Z","msg":"-- Starting MdaiHub reconciliation --","controller":"mdaihub","controllerGroup":"hub.mydecisive.ai","controllerKind":"MdaiHub","MdaiHub":{"name":"mdaihub","namespace":"mdai"},"namespace":"mdai","name":"mdaihub","reconcileID":"eda9038c-12ed-4799-ba75-86ea327b1a3e","namespace":{"name":"mdaihub","namespace":"mdai"},"name":"mdaihub"}
{"level":"info","timestamp":"2026-02-27T06:20:50.060Z","logger":"mdaihub-resource","msg":"Defaulting for MdaiHub","name":"mdaihub"}
{"level":"info","timestamp":"2026-02-27T06:20:50.060Z","msg":"EnsurePrometheusRuleSynchronized","controller":"mdaihub","controllerGroup":"hub.mydecisive.ai","controllerKind":"MdaiHub","MdaiHub":{"name":"mdaihub","namespace":"mdai"},"namespace":"mdai","name":"mdaihub","reconcileID":"eda9038c-12ed-4799-ba75-86ea327b1a3e"}
{"level":"info","timestamp":"2026-02-27T06:20:50.060Z","msg":"No evaluations found, skipping PrometheusRule creation","controller":"mdaihub","controllerGroup":"hub.mydecisive.ai","controllerKind":"MdaiHub","MdaiHub":{"name":"mdaihub","namespace":"mdai"},"namespace":"mdai","name":"mdaihub","reconcileID":"eda9038c-12ed-4799-ba75-86ea327b1a3e"}
{"level":"info","timestamp":"2026-02-27T06:20:50.060Z","msg":"No automations defined in the MDAI CR","controller":"mdaihub","controllerGroup":"hub.mydecisive.ai","controllerKind":"MdaiHub","MdaiHub":{"name":"mdaihub","namespace":"mdai"},"namespace":"mdai","name":"mdaihub","reconcileID":"eda9038c-12ed-4799-ba75-86ea327b1a3e","name":"mdaihub"}
{"level":"info","timestamp":"2026-02-27T06:20:50.060Z","msg":"Deleting ConfigMap","controller":"mdaihub","controllerGroup":"hub.mydecisive.ai","controllerKind":"MdaiHub","MdaiHub":{"name":"mdaihub","namespace":"mdai"},"namespace":"mdai","name":"mdaihub","reconcileID":"eda9038c-12ed-4799-ba75-86ea327b1a3e","name":"mdaihub-automation","namespace":"mdai"}
{"level":"info","timestamp":"2026-02-27T06:20:50.061Z","logger":"mdaihub-resource","msg":"Validation for MdaiHub upon update","name":"mdaihub"}
{"level":"info","timestamp":"2026-02-27T06:20:50.062Z","msg":"ConfigMap not found, skipping deletion","controller":"mdaihub","controllerGroup":"hub.mydecisive.ai","controllerKind":"MdaiHub","MdaiHub":{"name":"mdaihub","namespace":"mdai"},"namespace":"mdai","name":"mdaihub","reconcileID":"eda9038c-12ed-4799-ba75-86ea327b1a3e","name":"mdaihub-automation","namespace":"mdai"}
{"level":"info","timestamp":"2026-02-27T06:20:50.062Z","msg":"Processing variable","controller":"mdaihub","controllerGroup":"hub.mydecisive.ai","controllerKind":"MdaiHub","MdaiHub":{"name":"mdaihub","namespace":"mdai"},"namespace":"mdai","name":"mdaihub","reconcileID":"eda9038c-12ed-4799-ba75-86ea327b1a3e","key":"fields_to_redact"}
{"level":"info","timestamp":"2026-02-27T06:20:50.062Z","msg":"Data received for variable/mdaihub/fields_to_redact: []"}
{"level":"info","timestamp":"2026-02-27T06:20:50.062Z","msg":"Processing variable","controller":"mdaihub","controllerGroup":"hub.mydecisive.ai","controllerKind":"MdaiHub","MdaiHub":{"name":"mdaihub","namespace":"mdai"},"namespace":"mdai","name":"mdaihub","reconcileID":"eda9038c-12ed-4799-ba75-86ea327b1a3e","key":"fields_to_hash"}
{"level":"info","timestamp":"2026-02-27T06:20:50.062Z","msg":"Data received for variable/mdaihub/fields_to_hash: []"}
{"level":"info","timestamp":"2026-02-27T06:20:50.062Z","msg":"Processing variable","controller":"mdaihub","controllerGroup":"hub.mydecisive.ai","controllerKind":"MdaiHub","MdaiHub":{"name":"mdaihub","namespace":"mdai"},"namespace":"mdai","name":"mdaihub","reconcileID":"eda9038c-12ed-4799-ba75-86ea327b1a3e","key":"email_regex"}
{"level":"info","timestamp":"2026-02-27T06:20:50.062Z","msg":"No value found in storage","key":"variable/mdaihub/email_regex"}
{"level":"info","timestamp":"2026-02-27T06:20:50.062Z","msg":"Processing variable","controller":"mdaihub","controllerGroup":"hub.mydecisive.ai","controllerKind":"MdaiHub","MdaiHub":{"name":"mdaihub","namespace":"mdai"},"namespace":"mdai","name":"mdaihub","reconcileID":"eda9038c-12ed-4799-ba75-86ea327b1a3e","key":"cc_regex"}
{"level":"info","timestamp":"2026-02-27T06:20:50.062Z","msg":"No value found in storage","key":"variable/mdaihub/cc_regex"}
{"level":"info","timestamp":"2026-02-27T06:20:50.062Z","msg":"Processing variable","controller":"mdaihub","controllerGroup":"hub.mydecisive.ai","controllerKind":"MdaiHub","MdaiHub":{"name":"mdaihub","namespace":"mdai"},"namespace":"mdai","name":"mdaihub","reconcileID":"eda9038c-12ed-4799-ba75-86ea327b1a3e","key":"phone_regex"}
{"level":"info","timestamp":"2026-02-27T06:20:50.062Z","msg":"No value found in storage","key":"variable/mdaihub/phone_regex"}
{"level":"info","timestamp":"2026-02-27T06:20:50.062Z","msg":"Processing variable","controller":"mdaihub","controllerGroup":"hub.mydecisive.ai","controllerKind":"MdaiHub","MdaiHub":{"name":"mdaihub","namespace":"mdai"},"namespace":"mdai","name":"mdaihub","reconcileID":"eda9038c-12ed-4799-ba75-86ea327b1a3e","key":"address_regex"}
{"level":"info","timestamp":"2026-02-27T06:20:50.062Z","msg":"No value found in storage","key":"variable/mdaihub/address_regex"}
{"level":"info","timestamp":"2026-02-27T06:20:50.062Z","msg":"Processing variable","controller":"mdaihub","controllerGroup":"hub.mydecisive.ai","controllerKind":"MdaiHub","MdaiHub":{"name":"mdaihub","namespace":"mdai"},"namespace":"mdai","name":"mdaihub","reconcileID":"eda9038c-12ed-4799-ba75-86ea327b1a3e","key":"ssn_regex"}
{"level":"info","timestamp":"2026-02-27T06:20:50.062Z","msg":"No value found in storage","key":"variable/mdaihub/ssn_regex"}
{"level":"info","timestamp":"2026-02-27T06:20:50.062Z","msg":"Processing variable","controller":"mdaihub","controllerGroup":"hub.mydecisive.ai","controllerKind":"MdaiHub","MdaiHub":{"name":"mdaihub","namespace":"mdai"},"namespace":"mdai","name":"mdaihub","reconcileID":"eda9038c-12ed-4799-ba75-86ea327b1a3e","key":"name_regex"}
{"level":"info","timestamp":"2026-02-27T06:20:50.062Z","msg":"No value found in storage","key":"variable/mdaihub/name_regex"}
{"level":"info","timestamp":"2026-02-27T06:20:50.062Z","msg":"Processing variable","controller":"mdaihub","controllerGroup":"hub.mydecisive.ai","controllerKind":"MdaiHub","MdaiHub":{"name":"mdaihub","namespace":"mdai"},"namespace":"mdai","name":"mdaihub","reconcileID":"eda9038c-12ed-4799-ba75-86ea327b1a3e","key":"email_template"}
{"level":"info","timestamp":"2026-02-27T06:20:50.062Z","msg":"No value found in storage","key":"variable/mdaihub/email_template"}
{"level":"info","timestamp":"2026-02-27T06:20:50.062Z","msg":"Processing variable","controller":"mdaihub","controllerGroup":"hub.mydecisive.ai","controllerKind":"MdaiHub","MdaiHub":{"name":"mdaihub","namespace":"mdai"},"namespace":"mdai","name":"mdaihub","reconcileID":"eda9038c-12ed-4799-ba75-86ea327b1a3e","key":"cc_template"}
{"level":"info","timestamp":"2026-02-27T06:20:50.063Z","msg":"No value found in storage","key":"variable/mdaihub/cc_template"}
{"level":"info","timestamp":"2026-02-27T06:20:50.063Z","msg":"Processing variable","controller":"mdaihub","controllerGroup":"hub.mydecisive.ai","controllerKind":"MdaiHub","MdaiHub":{"name":"mdaihub","namespace":"mdai"},"namespace":"mdai","name":"mdaihub","reconcileID":"eda9038c-12ed-4799-ba75-86ea327b1a3e","key":"phone_template"}
{"level":"info","timestamp":"2026-02-27T06:20:50.063Z","msg":"No value found in storage","key":"variable/mdaihub/phone_template"}
{"level":"info","timestamp":"2026-02-27T06:20:50.063Z","msg":"Processing variable","controller":"mdaihub","controllerGroup":"hub.mydecisive.ai","controllerKind":"MdaiHub","MdaiHub":{"name":"mdaihub","namespace":"mdai"},"namespace":"mdai","name":"mdaihub","reconcileID":"eda9038c-12ed-4799-ba75-86ea327b1a3e","key":"address_template"}
{"level":"info","timestamp":"2026-02-27T06:20:50.063Z","msg":"No value found in storage","key":"variable/mdaihub/address_template"}
{"level":"info","timestamp":"2026-02-27T06:20:50.063Z","msg":"Processing variable","controller":"mdaihub","controllerGroup":"hub.mydecisive.ai","controllerKind":"MdaiHub","MdaiHub":{"name":"mdaihub","namespace":"mdai"},"namespace":"mdai","name":"mdaihub","reconcileID":"eda9038c-12ed-4799-ba75-86ea327b1a3e","key":"ssn_template"}
{"level":"info","timestamp":"2026-02-27T06:20:50.063Z","msg":"No value found in storage","key":"variable/mdaihub/ssn_template"}
{"level":"info","timestamp":"2026-02-27T06:20:50.063Z","msg":"Processing variable","controller":"mdaihub","controllerGroup":"hub.mydecisive.ai","controllerKind":"MdaiHub","MdaiHub":{"name":"mdaihub","namespace":"mdai"},"namespace":"mdai","name":"mdaihub","reconcileID":"eda9038c-12ed-4799-ba75-86ea327b1a3e","key":"name_template"}
{"level":"info","timestamp":"2026-02-27T06:20:50.063Z","msg":"No value found in storage","key":"variable/mdaihub/name_template"}
{"level":"info","timestamp":"2026-02-27T06:20:50.063Z","msg":"Deleting old valkey keys","controller":"mdaihub","controllerGroup":"hub.mydecisive.ai","controllerKind":"MdaiHub","MdaiHub":{"name":"mdaihub","namespace":"mdai"},"namespace":"mdai","name":"mdaihub","reconcileID":"eda9038c-12ed-4799-ba75-86ea327b1a3e","valkeyKeysToKeep":{"address_regex":{},"address_template":{},"cc_regex":{},"cc_template":{},"email_regex":{},"email_template":{},"fields_to_hash":{},"fields_to_redact":{},"name_regex":{},"name_template":{},"phone_regex":{},"phone_template":{},"ssn_regex":{},"ssn_template":{}}}
{"level":"info","timestamp":"2026-02-27T06:20:50.063Z","msg":"Successfully created or updated ConfigMap","controller":"mdaihub","controllerGroup":"hub.mydecisive.ai","controllerKind":"MdaiHub","MdaiHub":{"name":"mdaihub","namespace":"mdai"},"namespace":"mdai","name":"mdaihub","reconcileID":"eda9038c-12ed-4799-ba75-86ea327b1a3e","name":"mdaihub-manual-variables","namespace":"mdai","operation":"unchanged"}
{"level":"info","timestamp":"2026-02-27T06:20:50.063Z","msg":"Successfully created or updated ConfigMap","controller":"mdaihub","controllerGroup":"hub.mydecisive.ai","controllerKind":"MdaiHub","MdaiHub":{"name":"mdaihub","namespace":"mdai"},"namespace":"mdai","name":"mdaihub","reconcileID":"eda9038c-12ed-4799-ba75-86ea327b1a3e","name":"mdaihub-variables","namespace":"mdai","operation":"unchanged"}
{"level":"info","timestamp":"2026-02-27T06:20:50.063Z","msg":"Successfully created or updated ConfigMap","controller":"mdaihub","controllerGroup":"hub.mydecisive.ai","controllerKind":"MdaiHub","MdaiHub":{"name":"mdaihub","namespace":"mdai"},"namespace":"mdai","name":"mdaihub","reconcileID":"eda9038c-12ed-4799-ba75-86ea327b1a3e","name":"mdaihub-variables","namespace":"mdai","operation":"unchanged"}
{"level":"info","timestamp":"2026-02-27T06:20:50.063Z","msg":"Successfully created or updated ConfigMap","controller":"mdaihub","controllerGroup":"hub.mydecisive.ai","controllerKind":"MdaiHub","MdaiHub":{"name":"mdaihub","namespace":"mdai"},"namespace":"mdai","name":"mdaihub","reconcileID":"eda9038c-12ed-4799-ba75-86ea327b1a3e","name":"mdaihub-variables","namespace":"mdai","operation":"unchanged"}
{"level":"info","timestamp":"2026-02-27T06:20:50.064Z","logger":"mdaihub-resource","msg":"Defaulting for MdaiHub","name":"mdaihub"}
{"level":"info","timestamp":"2026-02-27T06:20:50.065Z","logger":"mdaihub-resource","msg":"Validation for MdaiHub upon update","name":"mdaihub"}
{"level":"info","timestamp":"2026-02-27T06:20:50.066Z","msg":"Status set to done for mdai hub","controller":"mdaihub","controllerGroup":"hub.mydecisive.ai","controllerKind":"MdaiHub","MdaiHub":{"name":"mdaihub","namespace":"mdai"},"namespace":"mdai","name":"mdaihub","reconcileID":"eda9038c-12ed-4799-ba75-86ea327b1a3e","mdaiHub":"mdaihub"}
{"level":"info","timestamp":"2026-02-27T06:20:50.066Z","msg":"-- Finished MdaiHub reconciliation --","controller":"mdaihub","controllerGroup":"hub.mydecisive.ai","controllerKind":"MdaiHub","MdaiHub":{"name":"mdaihub","namespace":"mdai"},"namespace":"mdai","name":"mdaihub","reconcileID":"eda9038c-12ed-4799-ba75-86ea327b1a3e"}
{"level":"info","timestamp":"2026-02-27T06:20:50.067Z","msg":"-- Starting MdaiHub reconciliation --","controller":"mdaihub","controllerGroup":"hub.mydecisive.ai","controllerKind":"MdaiHub","MdaiHub":{"name":"mdaihub","namespace":"mdai"},"namespace":"mdai","name":"mdaihub","reconcileID":"c8786f74-702b-49d2-9f6c-aead0a65637a","namespace":{"name":"mdaihub","namespace":"mdai"},"name":"mdaihub"}
{"level":"info","timestamp":"2026-02-27T06:20:50.067Z","msg":"EnsurePrometheusRuleSynchronized","controller":"mdaihub","controllerGroup":"hub.mydecisive.ai","controllerKind":"MdaiHub","MdaiHub":{"name":"mdaihub","namespace":"mdai"},"namespace":"mdai","name":"mdaihub","reconcileID":"c8786f74-702b-49d2-9f6c-aead0a65637a"}
{"level":"info","timestamp":"2026-02-27T06:20:50.070Z","msg":"Created new PrometheusRule","controller":"mdaihub","controllerGroup":"hub.mydecisive.ai","controllerKind":"MdaiHub","MdaiHub":{"name":"mdaihub","namespace":"mdai"},"namespace":"mdai","name":"mdaihub","reconcileID":"c8786f74-702b-49d2-9f6c-aead0a65637a","prometheus_rule_name":"mdai-mdaihub-alert-rules"}
{"level":"info","timestamp":"2026-02-27T06:20:50.077Z","msg":"Creating or updating ConfigMap for automations","controller":"mdaihub","controllerGroup":"hub.mydecisive.ai","controllerKind":"MdaiHub","MdaiHub":{"name":"mdaihub","namespace":"mdai"},"namespace":"mdai","name":"mdaihub","reconcileID":"c8786f74-702b-49d2-9f6c-aead0a65637a","name":"mdaihub"}
{"level":"info","timestamp":"2026-02-27T06:20:50.078Z","msg":"Successfully created or updated ConfigMap","controller":"mdaihub","controllerGroup":"hub.mydecisive.ai","controllerKind":"MdaiHub","MdaiHub":{"name":"mdaihub","namespace":"mdai"},"namespace":"mdai","name":"mdaihub","reconcileID":"c8786f74-702b-49d2-9f6c-aead0a65637a","name":"mdaihub-automation","namespace":"mdai","operation":"created"}
{"level":"info","timestamp":"2026-02-27T06:20:50.079Z","msg":"Successfully created ConfigMap for automations","controller":"mdaihub","controllerGroup":"hub.mydecisive.ai","controllerKind":"MdaiHub","MdaiHub":{"name":"mdaihub","namespace":"mdai"},"namespace":"mdai","name":"mdaihub","reconcileID":"c8786f74-702b-49d2-9f6c-aead0a65637a","name":"mdaihub"}
{"level":"info","timestamp":"2026-02-27T06:20:50.079Z","msg":"Processing variable","controller":"mdaihub","controllerGroup":"hub.mydecisive.ai","controllerKind":"MdaiHub","MdaiHub":{"name":"mdaihub","namespace":"mdai"},"namespace":"mdai","name":"mdaihub","reconcileID":"c8786f74-702b-49d2-9f6c-aead0a65637a","key":"service_list"}
{"level":"info","timestamp":"2026-02-27T06:20:50.079Z","msg":"Data received for variable/mdaihub/service_list: []"}
{"level":"info","timestamp":"2026-02-27T06:20:50.079Z","msg":"Processing variable","controller":"mdaihub","controllerGroup":"hub.mydecisive.ai","controllerKind":"MdaiHub","MdaiHub":{"name":"mdaihub","namespace":"mdai"},"namespace":"mdai","name":"mdaihub","reconcileID":"c8786f74-702b-49d2-9f6c-aead0a65637a","key":"alerting_data_type"}
{"level":"info","timestamp":"2026-02-27T06:20:50.079Z","msg":"<CreateFunc> mdaihub-automation ignored"}
{"level":"info","timestamp":"2026-02-27T06:20:50.079Z","msg":"No value found in storage","key":"variable/mdaihub/alerting_data_type"}
{"level":"info","timestamp":"2026-02-27T06:20:50.079Z","msg":"Processing variable","controller":"mdaihub","controllerGroup":"hub.mydecisive.ai","controllerKind":"MdaiHub","MdaiHub":{"name":"mdaihub","namespace":"mdai"},"namespace":"mdai","name":"mdaihub","reconcileID":"c8786f74-702b-49d2-9f6c-aead0a65637a","key":"alerting_triggered"}
{"level":"info","timestamp":"2026-02-27T06:20:50.079Z","msg":"No value found in storage","key":"variable/mdaihub/alerting_triggered"}
{"level":"info","timestamp":"2026-02-27T06:20:50.079Z","msg":"Deleting old valkey keys","controller":"mdaihub","controllerGroup":"hub.mydecisive.ai","controllerKind":"MdaiHub","MdaiHub":{"name":"mdaihub","namespace":"mdai"},"namespace":"mdai","name":"mdaihub","reconcileID":"c8786f74-702b-49d2-9f6c-aead0a65637a","valkeyKeysToKeep":{"alerting_data_type":{},"alerting_triggered":{},"service_list":{}}}
{"level":"info","timestamp":"2026-02-27T06:20:50.079Z","msg":"No manual variables defined in the MDAI CR","controller":"mdaihub","controllerGroup":"hub.mydecisive.ai","controllerKind":"MdaiHub","MdaiHub":{"name":"mdaihub","namespace":"mdai"},"namespace":"mdai","name":"mdaihub","reconcileID":"c8786f74-702b-49d2-9f6c-aead0a65637a","name":"mdaihub"}
{"level":"info","timestamp":"2026-02-27T06:20:50.079Z","msg":"Deleting ConfigMap","controller":"mdaihub","controllerGroup":"hub.mydecisive.ai","controllerKind":"MdaiHub","MdaiHub":{"name":"mdaihub","namespace":"mdai"},"namespace":"mdai","name":"mdaihub","reconcileID":"c8786f74-702b-49d2-9f6c-aead0a65637a","name":"mdaihub-manual-variables","namespace":"mdai"}
{"level":"info","timestamp":"2026-02-27T06:20:50.081Z","msg":"<DeleteFunc> mdaihub-manual-variables ignored"}
{"level":"info","timestamp":"2026-02-27T06:20:50.082Z","msg":"Successfully created or updated ConfigMap","controller":"mdaihub","controllerGroup":"hub.mydecisive.ai","controllerKind":"MdaiHub","MdaiHub":{"name":"mdaihub","namespace":"mdai"},"namespace":"mdai","name":"mdaihub","reconcileID":"c8786f74-702b-49d2-9f6c-aead0a65637a","name":"mdaihub-variables","namespace":"mdai","operation":"updated"}
{"level":"info","timestamp":"2026-02-27T06:20:50.082Z","msg":"<UpdateFunc> mdaihub-variables shouldReconcile: false"}
{"level":"error","timestamp":"2026-02-27T06:20:50.083Z","msg":"Failed to create or update ConfigMap","controller":"mdaihub","controllerGroup":"hub.mydecisive.ai","controllerKind":"MdaiHub","MdaiHub":{"name":"mdaihub","namespace":"mdai"},"namespace":"mdai","name":"mdaihub","reconcileID":"c8786f74-702b-49d2-9f6c-aead0a65637a","name":"mdaihub-variables","namespace":"mdai","error":"Operation cannot be fulfilled on configmaps \"mdaihub-variables\": the object has been modified; please apply your changes to the latest version and try again","stacktrace":"github.com/go-logr/logr.Logger.Error\n\tgithub.com/go-logr/logr@v1.4.3/logr.go:301\ngithub.com/decisiveai/mdai-operator/internal/controller.HubAdapter.createOrUpdateEnvConfigMap\n\tgithub.com/decisiveai/mdai-operator/internal/controller/hub_adapter.go:671\ngithub.com/decisiveai/mdai-operator/internal/controller.HubAdapter.syncComputedConfigMapsAndRestart\n\tgithub.com/decisiveai/mdai-operator/internal/controller/hub_adapter.go:446\ngithub.com/decisiveai/mdai-operator/internal/controller.HubAdapter.ensureVariableSynchronized\n\tgithub.com/decisiveai/mdai-operator/internal/controller/hub_adapter.go:507\ngithub.com/decisiveai/mdai-operator/internal/controller.(*MdaiHubReconciler).ReconcileHandler\n\tgithub.com/decisiveai/mdai-operator/internal/controller/mdaihub_controller.go:113\ngithub.com/decisiveai/mdai-operator/internal/controller.(*MdaiHubReconciler).Reconcile\n\tgithub.com/decisiveai/mdai-operator/internal/controller/mdaihub_controller.go:87\nsigs.k8s.io/controller-runtime/pkg/internal/controller.(*Controller[...]).Reconcile\n\tsigs.k8s.io/controller-runtime@v0.20.4/pkg/internal/controller/controller.go:119\nsigs.k8s.io/controller-runtime/pkg/internal/controller.(*Controller[...]).reconcileHandler\n\tsigs.k8s.io/controller-runtime@v0.20.4/pkg/internal/controller/controller.go:334\nsigs.k8s.io/controller-runtime/pkg/internal/controller.(*Controller[...]).processNextWorkItem\n\tsigs.k8s.io/controller-runtime@v0.20.4/pkg/internal/controller/controller.go:294\nsigs.k8s.io/controller-runtime/pkg/internal/controller.(*Controller[...]).Start.func2.2\n\tsigs.k8s.io/controller-runtime@v0.20.4/pkg/internal/controller/controller.go:255"}
{"level":"error","timestamp":"2026-02-27T06:20:50.083Z","msg":"Reconciler error","controller":"mdaihub","controllerGroup":"hub.mydecisive.ai","controllerKind":"MdaiHub","MdaiHub":{"name":"mdaihub","namespace":"mdai"},"namespace":"mdai","name":"mdaihub","reconcileID":"c8786f74-702b-49d2-9f6c-aead0a65637a","error":"failed to create or update ConfigMap: Operation cannot be fulfilled on configmaps \"mdaihub-variables\": the object has been modified; please apply your changes to the latest version and try again","stacktrace":"github.com/go-logr/logr.Logger.Error\n\tgithub.com/go-logr/logr@v1.4.3/logr.go:301\nsigs.k8s.io/controller-runtime/pkg/internal/controller.(*Controller[...]).reconcileHandler\n\tsigs.k8s.io/controller-runtime@v0.20.4/pkg/internal/controller/controller.go:347\nsigs.k8s.io/controller-runtime/pkg/internal/controller.(*Controller[...]).processNextWorkItem\n\tsigs.k8s.io/controller-runtime@v0.20.4/pkg/internal/controller/controller.go:294\nsigs.k8s.io/controller-runtime/pkg/internal/controller.(*Controller[...]).Start.func2.2\n\tsigs.k8s.io/controller-runtime@v0.20.4/pkg/internal/controller/controller.go:255"}
{"level":"info","timestamp":"2026-02-27T06:20:50.089Z","msg":"-- Starting MdaiHub reconciliation --","controller":"mdaihub","controllerGroup":"hub.mydecisive.ai","controllerKind":"MdaiHub","MdaiHub":{"name":"mdaihub","namespace":"mdai"},"namespace":"mdai","name":"mdaihub","reconcileID":"de5d1c4a-040b-467a-a2e9-b25579d07cdb","namespace":{"name":"mdaihub","namespace":"mdai"},"name":"mdaihub"}
{"level":"info","timestamp":"2026-02-27T06:20:50.089Z","msg":"EnsurePrometheusRuleSynchronized","controller":"mdaihub","controllerGroup":"hub.mydecisive.ai","controllerKind":"MdaiHub","MdaiHub":{"name":"mdaihub","namespace":"mdai"},"namespace":"mdai","name":"mdaihub","reconcileID":"de5d1c4a-040b-467a-a2e9-b25579d07cdb"}
{"level":"info","timestamp":"2026-02-27T06:20:50.093Z","msg":"Creating or updating ConfigMap for automations","controller":"mdaihub","controllerGroup":"hub.mydecisive.ai","controllerKind":"MdaiHub","MdaiHub":{"name":"mdaihub","namespace":"mdai"},"namespace":"mdai","name":"mdaihub","reconcileID":"de5d1c4a-040b-467a-a2e9-b25579d07cdb","name":"mdaihub"}
{"level":"info","timestamp":"2026-02-27T06:20:50.093Z","msg":"Successfully created or updated ConfigMap","controller":"mdaihub","controllerGroup":"hub.mydecisive.ai","controllerKind":"MdaiHub","MdaiHub":{"name":"mdaihub","namespace":"mdai"},"namespace":"mdai","name":"mdaihub","reconcileID":"de5d1c4a-040b-467a-a2e9-b25579d07cdb","name":"mdaihub-automation","namespace":"mdai","operation":"unchanged"}
{"level":"info","timestamp":"2026-02-27T06:20:50.093Z","msg":"Successfully unchanged ConfigMap for automations","controller":"mdaihub","controllerGroup":"hub.mydecisive.ai","controllerKind":"MdaiHub","MdaiHub":{"name":"mdaihub","namespace":"mdai"},"namespace":"mdai","name":"mdaihub","reconcileID":"de5d1c4a-040b-467a-a2e9-b25579d07cdb","name":"mdaihub"}
{"level":"info","timestamp":"2026-02-27T06:20:50.093Z","msg":"Processing variable","controller":"mdaihub","controllerGroup":"hub.mydecisive.ai","controllerKind":"MdaiHub","MdaiHub":{"name":"mdaihub","namespace":"mdai"},"namespace":"mdai","name":"mdaihub","reconcileID":"de5d1c4a-040b-467a-a2e9-b25579d07cdb","key":"service_list"}
{"level":"info","timestamp":"2026-02-27T06:20:50.093Z","msg":"Data received for variable/mdaihub/service_list: []"}
{"level":"info","timestamp":"2026-02-27T06:20:50.093Z","msg":"Processing variable","controller":"mdaihub","controllerGroup":"hub.mydecisive.ai","controllerKind":"MdaiHub","MdaiHub":{"name":"mdaihub","namespace":"mdai"},"namespace":"mdai","name":"mdaihub","reconcileID":"de5d1c4a-040b-467a-a2e9-b25579d07cdb","key":"alerting_data_type"}
{"level":"info","timestamp":"2026-02-27T06:20:50.093Z","msg":"No value found in storage","key":"variable/mdaihub/alerting_data_type"}
{"level":"info","timestamp":"2026-02-27T06:20:50.093Z","msg":"Processing variable","controller":"mdaihub","controllerGroup":"hub.mydecisive.ai","controllerKind":"MdaiHub","MdaiHub":{"name":"mdaihub","namespace":"mdai"},"namespace":"mdai","name":"mdaihub","reconcileID":"de5d1c4a-040b-467a-a2e9-b25579d07cdb","key":"alerting_triggered"}
{"level":"info","timestamp":"2026-02-27T06:20:50.093Z","msg":"No value found in storage","key":"variable/mdaihub/alerting_triggered"}
{"level":"info","timestamp":"2026-02-27T06:20:50.093Z","msg":"Deleting old valkey keys","controller":"mdaihub","controllerGroup":"hub.mydecisive.ai","controllerKind":"MdaiHub","MdaiHub":{"name":"mdaihub","namespace":"mdai"},"namespace":"mdai","name":"mdaihub","reconcileID":"de5d1c4a-040b-467a-a2e9-b25579d07cdb","valkeyKeysToKeep":{"alerting_data_type":{},"alerting_triggered":{},"service_list":{}}}
{"level":"info","timestamp":"2026-02-27T06:20:50.093Z","msg":"No manual variables defined in the MDAI CR","controller":"mdaihub","controllerGroup":"hub.mydecisive.ai","controllerKind":"MdaiHub","MdaiHub":{"name":"mdaihub","namespace":"mdai"},"namespace":"mdai","name":"mdaihub","reconcileID":"de5d1c4a-040b-467a-a2e9-b25579d07cdb","name":"mdaihub"}
{"level":"info","timestamp":"2026-02-27T06:20:50.093Z","msg":"Deleting ConfigMap","controller":"mdaihub","controllerGroup":"hub.mydecisive.ai","controllerKind":"MdaiHub","MdaiHub":{"name":"mdaihub","namespace":"mdai"},"namespace":"mdai","name":"mdaihub","reconcileID":"de5d1c4a-040b-467a-a2e9-b25579d07cdb","name":"mdaihub-manual-variables","namespace":"mdai"}
{"level":"info","timestamp":"2026-02-27T06:20:50.094Z","msg":"ConfigMap not found, skipping deletion","controller":"mdaihub","controllerGroup":"hub.mydecisive.ai","controllerKind":"MdaiHub","MdaiHub":{"name":"mdaihub","namespace":"mdai"},"namespace":"mdai","name":"mdaihub","reconcileID":"de5d1c4a-040b-467a-a2e9-b25579d07cdb","name":"mdaihub-manual-variables","namespace":"mdai"}
{"level":"info","timestamp":"2026-02-27T06:20:50.094Z","msg":"Successfully created or updated ConfigMap","controller":"mdaihub","controllerGroup":"hub.mydecisive.ai","controllerKind":"MdaiHub","MdaiHub":{"name":"mdaihub","namespace":"mdai"},"namespace":"mdai","name":"mdaihub","reconcileID":"de5d1c4a-040b-467a-a2e9-b25579d07cdb","name":"mdaihub-variables","namespace":"mdai","operation":"unchanged"}
{"level":"info","timestamp":"2026-02-27T06:20:50.094Z","msg":"Successfully created or updated ConfigMap","controller":"mdaihub","controllerGroup":"hub.mydecisive.ai","controllerKind":"MdaiHub","MdaiHub":{"name":"mdaihub","namespace":"mdai"},"namespace":"mdai","name":"mdaihub","reconcileID":"de5d1c4a-040b-467a-a2e9-b25579d07cdb","name":"mdaihub-variables","namespace":"mdai","operation":"unchanged"}
{"level":"info","timestamp":"2026-02-27T06:20:50.094Z","msg":"Successfully created or updated ConfigMap","controller":"mdaihub","controllerGroup":"hub.mydecisive.ai","controllerKind":"MdaiHub","MdaiHub":{"name":"mdaihub","namespace":"mdai"},"namespace":"mdai","name":"mdaihub","reconcileID":"de5d1c4a-040b-467a-a2e9-b25579d07cdb","name":"mdaihub-variables","namespace":"mdai","operation":"unchanged"}
{"level":"info","timestamp":"2026-02-27T06:20:50.096Z","msg":"Status set to done for mdai hub","controller":"mdaihub","controllerGroup":"hub.mydecisive.ai","controllerKind":"MdaiHub","MdaiHub":{"name":"mdaihub","namespace":"mdai"},"namespace":"mdai","name":"mdaihub","reconcileID":"de5d1c4a-040b-467a-a2e9-b25579d07cdb","mdaiHub":"mdaihub"}
{"level":"info","timestamp":"2026-02-27T06:20:50.096Z","msg":"-- Finished MdaiHub reconciliation --","controller":"mdaihub","controllerGroup":"hub.mydecisive.ai","controllerKind":"MdaiHub","MdaiHub":{"name":"mdaihub","namespace":"mdai"},"namespace":"mdai","name":"mdaihub","reconcileID":"de5d1c4a-040b-467a-a2e9-b25579d07cdb"}
{"level":"info","timestamp":"2026-02-27T06:20:50.193Z","logger":"mdaihub-resource","msg":"Defaulting for MdaiHub","name":"mdaihub"}
{"level":"info","timestamp":"2026-02-27T06:20:50.193Z","logger":"mdaihub-resource","msg":"Validation for MdaiHub upon update","name":"mdaihub"}
{"level":"info","timestamp":"2026-02-27T06:20:50.196Z","msg":"-- Starting MdaiHub reconciliation --","controller":"mdaihub","controllerGroup":"hub.mydecisive.ai","controllerKind":"MdaiHub","MdaiHub":{"name":"mdaihub","namespace":"mdai"},"namespace":"mdai","name":"mdaihub","reconcileID":"bafc2e79-12ad-4475-8ed4-dbd69ea689ad","namespace":{"name":"mdaihub","namespace":"mdai"},"name":"mdaihub"}
{"level":"info","timestamp":"2026-02-27T06:20:50.196Z","msg":"EnsurePrometheusRuleSynchronized","controller":"mdaihub","controllerGroup":"hub.mydecisive.ai","controllerKind":"MdaiHub","MdaiHub":{"name":"mdaihub","namespace":"mdai"},"namespace":"mdai","name":"mdaihub","reconcileID":"bafc2e79-12ad-4475-8ed4-dbd69ea689ad"}
{"level":"info","timestamp":"2026-02-27T06:20:50.196Z","msg":"No evaluations found, skipping PrometheusRule creation","controller":"mdaihub","controllerGroup":"hub.mydecisive.ai","controllerKind":"MdaiHub","MdaiHub":{"name":"mdaihub","namespace":"mdai"},"namespace":"mdai","name":"mdaihub","reconcileID":"bafc2e79-12ad-4475-8ed4-dbd69ea689ad"}
{"level":"info","timestamp":"2026-02-27T06:20:50.196Z","msg":"Removing existing rules","controller":"mdaihub","controllerGroup":"hub.mydecisive.ai","controllerKind":"MdaiHub","MdaiHub":{"name":"mdaihub","namespace":"mdai"},"namespace":"mdai","name":"mdaihub","reconcileID":"bafc2e79-12ad-4475-8ed4-dbd69ea689ad"}
{"level":"info","timestamp":"2026-02-27T06:20:50.198Z","msg":"Deleted PrometheusRule","controller":"mdaihub","controllerGroup":"hub.mydecisive.ai","controllerKind":"MdaiHub","MdaiHub":{"name":"mdaihub","namespace":"mdai"},"namespace":"mdai","name":"mdaihub","reconcileID":"bafc2e79-12ad-4475-8ed4-dbd69ea689ad","prometheus_rule_name":"mdai-mdaihub-alert-rules"}
{"level":"info","timestamp":"2026-02-27T06:20:50.198Z","msg":"No automations defined in the MDAI CR","controller":"mdaihub","controllerGroup":"hub.mydecisive.ai","controllerKind":"MdaiHub","MdaiHub":{"name":"mdaihub","namespace":"mdai"},"namespace":"mdai","name":"mdaihub","reconcileID":"bafc2e79-12ad-4475-8ed4-dbd69ea689ad","name":"mdaihub"}
{"level":"info","timestamp":"2026-02-27T06:20:50.198Z","msg":"Deleting ConfigMap","controller":"mdaihub","controllerGroup":"hub.mydecisive.ai","controllerKind":"MdaiHub","MdaiHub":{"name":"mdaihub","namespace":"mdai"},"namespace":"mdai","name":"mdaihub","reconcileID":"bafc2e79-12ad-4475-8ed4-dbd69ea689ad","name":"mdaihub-automation","namespace":"mdai"}
{"level":"info","timestamp":"2026-02-27T06:20:50.200Z","msg":"<DeleteFunc> mdaihub-automation ignored"}
{"level":"info","timestamp":"2026-02-27T06:20:50.200Z","msg":"No variables found in the CR, skipping variable synchronization","controller":"mdaihub","controllerGroup":"hub.mydecisive.ai","controllerKind":"MdaiHub","MdaiHub":{"name":"mdaihub","namespace":"mdai"},"namespace":"mdai","name":"mdaihub","reconcileID":"bafc2e79-12ad-4475-8ed4-dbd69ea689ad"}
{"level":"info","timestamp":"2026-02-27T06:20:50.202Z","msg":"Status set to done for mdai hub","controller":"mdaihub","controllerGroup":"hub.mydecisive.ai","controllerKind":"MdaiHub","MdaiHub":{"name":"mdaihub","namespace":"mdai"},"namespace":"mdai","name":"mdaihub","reconcileID":"bafc2e79-12ad-4475-8ed4-dbd69ea689ad","mdaiHub":"mdaihub"}
{"level":"info","timestamp":"2026-02-27T06:20:50.202Z","msg":"-- Finished MdaiHub reconciliation --","controller":"mdaihub","controllerGroup":"hub.mydecisive.ai","controllerKind":"MdaiHub","MdaiHub":{"name":"mdaihub","namespace":"mdai"},"namespace":"mdai","name":"mdaihub","reconcileID":"bafc2e79-12ad-4475-8ed4-dbd69ea689ad"}
{"level":"info","timestamp":"2026-02-27T06:20:56.087Z","logger":"mdaihub-resource","msg":"Defaulting for MdaiHub","name":"mdaihub"}
{"level":"info","timestamp":"2026-02-27T06:20:56.088Z","logger":"mdaihub-resource","msg":"Validation for MdaiHub upon update","name":"mdaihub"}
{"level":"info","timestamp":"2026-02-27T06:20:56.089Z","logger":"mdaihub-resource","msg":"Defaulting for MdaiHub","name":"mdaihub"}
{"level":"info","timestamp":"2026-02-27T06:20:56.090Z","logger":"mdaihub-resource","msg":"Validation for MdaiHub upon update","name":"mdaihub"}
{"level":"info","timestamp":"2026-02-27T06:20:56.090Z","msg":"-- Starting MdaiHub reconciliation --","controller":"mdaihub","controllerGroup":"hub.mydecisive.ai","controllerKind":"MdaiHub","MdaiHub":{"name":"mdaihub","namespace":"mdai"},"namespace":"mdai","name":"mdaihub","reconcileID":"a36caec4-74b0-4edf-b054-48afd7155cee","namespace":{"name":"mdaihub","namespace":"mdai"},"name":"mdaihub"}
{"level":"info","timestamp":"2026-02-27T06:20:56.090Z","msg":"EnsurePrometheusRuleSynchronized","controller":"mdaihub","controllerGroup":"hub.mydecisive.ai","controllerKind":"MdaiHub","MdaiHub":{"name":"mdaihub","namespace":"mdai"},"namespace":"mdai","name":"mdaihub","reconcileID":"a36caec4-74b0-4edf-b054-48afd7155cee"}
{"level":"info","timestamp":"2026-02-27T06:20:56.090Z","msg":"No evaluations found, skipping PrometheusRule creation","controller":"mdaihub","controllerGroup":"hub.mydecisive.ai","controllerKind":"MdaiHub","MdaiHub":{"name":"mdaihub","namespace":"mdai"},"namespace":"mdai","name":"mdaihub","reconcileID":"a36caec4-74b0-4edf-b054-48afd7155cee"}
{"level":"info","timestamp":"2026-02-27T06:20:56.090Z","msg":"No automations defined in the MDAI CR","controller":"mdaihub","controllerGroup":"hub.mydecisive.ai","controllerKind":"MdaiHub","MdaiHub":{"name":"mdaihub","namespace":"mdai"},"namespace":"mdai","name":"mdaihub","reconcileID":"a36caec4-74b0-4edf-b054-48afd7155cee","name":"mdaihub"}
{"level":"info","timestamp":"2026-02-27T06:20:56.090Z","msg":"Deleting ConfigMap","controller":"mdaihub","controllerGroup":"hub.mydecisive.ai","controllerKind":"MdaiHub","MdaiHub":{"name":"mdaihub","namespace":"mdai"},"namespace":"mdai","name":"mdaihub","reconcileID":"a36caec4-74b0-4edf-b054-48afd7155cee","name":"mdaihub-automation","namespace":"mdai"}
{"level":"info","timestamp":"2026-02-27T06:20:56.092Z","msg":"ConfigMap not found, skipping deletion","controller":"mdaihub","controllerGroup":"hub.mydecisive.ai","controllerKind":"MdaiHub","MdaiHub":{"name":"mdaihub","namespace":"mdai"},"namespace":"mdai","name":"mdaihub","reconcileID":"a36caec4-74b0-4edf-b054-48afd7155cee","name":"mdaihub-automation","namespace":"mdai"}
{"level":"info","timestamp":"2026-02-27T06:20:56.092Z","msg":"Processing variable","controller":"mdaihub","controllerGroup":"hub.mydecisive.ai","controllerKind":"MdaiHub","MdaiHub":{"name":"mdaihub","namespace":"mdai"},"namespace":"mdai","name":"mdaihub","reconcileID":"a36caec4-74b0-4edf-b054-48afd7155cee","key":"fields_to_redact"}
{"level":"info","timestamp":"2026-02-27T06:20:56.092Z","msg":"Data received for variable/mdaihub/fields_to_redact: []"}
{"level":"info","timestamp":"2026-02-27T06:20:56.092Z","msg":"Processing variable","controller":"mdaihub","controllerGroup":"hub.mydecisive.ai","controllerKind":"MdaiHub","MdaiHub":{"name":"mdaihub","namespace":"mdai"},"namespace":"mdai","name":"mdaihub","reconcileID":"a36caec4-74b0-4edf-b054-48afd7155cee","key":"fields_to_hash"}
{"level":"info","timestamp":"2026-02-27T06:20:56.092Z","msg":"Data received for variable/mdaihub/fields_to_hash: []"}
{"level":"info","timestamp":"2026-02-27T06:20:56.092Z","msg":"Processing variable","controller":"mdaihub","controllerGroup":"hub.mydecisive.ai","controllerKind":"MdaiHub","MdaiHub":{"name":"mdaihub","namespace":"mdai"},"namespace":"mdai","name":"mdaihub","reconcileID":"a36caec4-74b0-4edf-b054-48afd7155cee","key":"email_regex"}
{"level":"info","timestamp":"2026-02-27T06:20:56.092Z","msg":"No value found in storage","key":"variable/mdaihub/email_regex"}
{"level":"info","timestamp":"2026-02-27T06:20:56.092Z","msg":"Processing variable","controller":"mdaihub","controllerGroup":"hub.mydecisive.ai","controllerKind":"MdaiHub","MdaiHub":{"name":"mdaihub","namespace":"mdai"},"namespace":"mdai","name":"mdaihub","reconcileID":"a36caec4-74b0-4edf-b054-48afd7155cee","key":"cc_regex"}
{"level":"info","timestamp":"2026-02-27T06:20:56.092Z","msg":"No value found in storage","key":"variable/mdaihub/cc_regex"}
{"level":"info","timestamp":"2026-02-27T06:20:56.092Z","msg":"Processing variable","controller":"mdaihub","controllerGroup":"hub.mydecisive.ai","controllerKind":"MdaiHub","MdaiHub":{"name":"mdaihub","namespace":"mdai"},"namespace":"mdai","name":"mdaihub","reconcileID":"a36caec4-74b0-4edf-b054-48afd7155cee","key":"phone_regex"}
{"level":"info","timestamp":"2026-02-27T06:20:56.092Z","msg":"No value found in storage","key":"variable/mdaihub/phone_regex"}
{"level":"info","timestamp":"2026-02-27T06:20:56.092Z","msg":"Processing variable","controller":"mdaihub","controllerGroup":"hub.mydecisive.ai","controllerKind":"MdaiHub","MdaiHub":{"name":"mdaihub","namespace":"mdai"},"namespace":"mdai","name":"mdaihub","reconcileID":"a36caec4-74b0-4edf-b054-48afd7155cee","key":"address_regex"}
{"level":"info","timestamp":"2026-02-27T06:20:56.092Z","msg":"No value found in storage","key":"variable/mdaihub/address_regex"}
{"level":"info","timestamp":"2026-02-27T06:20:56.092Z","msg":"Processing variable","controller":"mdaihub","controllerGroup":"hub.mydecisive.ai","controllerKind":"MdaiHub","MdaiHub":{"name":"mdaihub","namespace":"mdai"},"namespace":"mdai","name":"mdaihub","reconcileID":"a36caec4-74b0-4edf-b054-48afd7155cee","key":"ssn_regex"}
{"level":"info","timestamp":"2026-02-27T06:20:56.092Z","msg":"No value found in storage","key":"variable/mdaihub/ssn_regex"}
{"level":"info","timestamp":"2026-02-27T06:20:56.092Z","msg":"Processing variable","controller":"mdaihub","controllerGroup":"hub.mydecisive.ai","controllerKind":"MdaiHub","MdaiHub":{"name":"mdaihub","namespace":"mdai"},"namespace":"mdai","name":"mdaihub","reconcileID":"a36caec4-74b0-4edf-b054-48afd7155cee","key":"name_regex"}
{"level":"info","timestamp":"2026-02-27T06:20:56.092Z","msg":"No value found in storage","key":"variable/mdaihub/name_regex"}
{"level":"info","timestamp":"2026-02-27T06:20:56.092Z","msg":"Processing variable","controller":"mdaihub","controllerGroup":"hub.mydecisive.ai","controllerKind":"MdaiHub","MdaiHub":{"name":"mdaihub","namespace":"mdai"},"namespace":"mdai","name":"mdaihub","reconcileID":"a36caec4-74b0-4edf-b054-48afd7155cee","key":"email_template"}
{"level":"info","timestamp":"2026-02-27T06:20:56.092Z","msg":"No value found in storage","key":"variable/mdaihub/email_template"}
{"level":"info","timestamp":"2026-02-27T06:20:56.092Z","msg":"Processing variable","controller":"mdaihub","controllerGroup":"hub.mydecisive.ai","controllerKind":"MdaiHub","MdaiHub":{"name":"mdaihub","namespace":"mdai"},"namespace":"mdai","name":"mdaihub","reconcileID":"a36caec4-74b0-4edf-b054-48afd7155cee","key":"cc_template"}
{"level":"info","timestamp":"2026-02-27T06:20:56.093Z","msg":"No value found in storage","key":"variable/mdaihub/cc_template"}
{"level":"info","timestamp":"2026-02-27T06:20:56.093Z","msg":"Processing variable","controller":"mdaihub","controllerGroup":"hub.mydecisive.ai","controllerKind":"MdaiHub","MdaiHub":{"name":"mdaihub","namespace":"mdai"},"namespace":"mdai","name":"mdaihub","reconcileID":"a36caec4-74b0-4edf-b054-48afd7155cee","key":"phone_template"}
{"level":"info","timestamp":"2026-02-27T06:20:56.093Z","logger":"mdaihub-resource","msg":"Defaulting for MdaiHub","name":"mdaihub"}
{"level":"info","timestamp":"2026-02-27T06:20:56.093Z","msg":"No value found in storage","key":"variable/mdaihub/phone_template"}
{"level":"info","timestamp":"2026-02-27T06:20:56.093Z","msg":"Processing variable","controller":"mdaihub","controllerGroup":"hub.mydecisive.ai","controllerKind":"MdaiHub","MdaiHub":{"name":"mdaihub","namespace":"mdai"},"namespace":"mdai","name":"mdaihub","reconcileID":"a36caec4-74b0-4edf-b054-48afd7155cee","key":"address_template"}
{"level":"info","timestamp":"2026-02-27T06:20:56.093Z","msg":"No value found in storage","key":"variable/mdaihub/address_template"}
{"level":"info","timestamp":"2026-02-27T06:20:56.093Z","msg":"Processing variable","controller":"mdaihub","controllerGroup":"hub.mydecisive.ai","controllerKind":"MdaiHub","MdaiHub":{"name":"mdaihub","namespace":"mdai"},"namespace":"mdai","name":"mdaihub","reconcileID":"a36caec4-74b0-4edf-b054-48afd7155cee","key":"ssn_template"}
{"level":"info","timestamp":"2026-02-27T06:20:56.093Z","msg":"No value found in storage","key":"variable/mdaihub/ssn_template"}
{"level":"info","timestamp":"2026-02-27T06:20:56.093Z","msg":"Processing variable","controller":"mdaihub","controllerGroup":"hub.mydecisive.ai","controllerKind":"MdaiHub","MdaiHub":{"name":"mdaihub","namespace":"mdai"},"namespace":"mdai","name":"mdaihub","reconcileID":"a36caec4-74b0-4edf-b054-48afd7155cee","key":"name_template"}
{"level":"info","timestamp":"2026-02-27T06:20:56.093Z","msg":"No value found in storage","key":"variable/mdaihub/name_template"}
{"level":"info","timestamp":"2026-02-27T06:20:56.093Z","msg":"Deleting old valkey keys","controller":"mdaihub","controllerGroup":"hub.mydecisive.ai","controllerKind":"MdaiHub","MdaiHub":{"name":"mdaihub","namespace":"mdai"},"namespace":"mdai","name":"mdaihub","reconcileID":"a36caec4-74b0-4edf-b054-48afd7155cee","valkeyKeysToKeep":{"address_regex":{},"address_template":{},"cc_regex":{},"cc_template":{},"email_regex":{},"email_template":{},"fields_to_hash":{},"fields_to_redact":{},"name_regex":{},"name_template":{},"phone_regex":{},"phone_template":{},"ssn_regex":{},"ssn_template":{}}}
{"level":"info","timestamp":"2026-02-27T06:20:56.096Z","logger":"mdaihub-resource","msg":"Validation for MdaiHub upon update","name":"mdaihub"}
{"level":"info","timestamp":"2026-02-27T06:20:56.117Z","msg":"<CreateFunc> mdaihub-manual-variables ignored"}
{"level":"info","timestamp":"2026-02-27T06:20:56.117Z","msg":"Successfully created or updated ConfigMap","controller":"mdaihub","controllerGroup":"hub.mydecisive.ai","controllerKind":"MdaiHub","MdaiHub":{"name":"mdaihub","namespace":"mdai"},"namespace":"mdai","name":"mdaihub","reconcileID":"a36caec4-74b0-4edf-b054-48afd7155cee","name":"mdaihub-manual-variables","namespace":"mdai","operation":"created"}
{"level":"info","timestamp":"2026-02-27T06:20:56.120Z","msg":"<UpdateFunc> mdaihub-variables shouldReconcile: false"}
{"level":"info","timestamp":"2026-02-27T06:20:56.120Z","msg":"Successfully created or updated ConfigMap","controller":"mdaihub","controllerGroup":"hub.mydecisive.ai","controllerKind":"MdaiHub","MdaiHub":{"name":"mdaihub","namespace":"mdai"},"namespace":"mdai","name":"mdaihub","reconcileID":"a36caec4-74b0-4edf-b054-48afd7155cee","name":"mdaihub-variables","namespace":"mdai","operation":"updated"}
{"level":"info","timestamp":"2026-02-27T06:20:56.120Z","msg":"Successfully created or updated ConfigMap","controller":"mdaihub","controllerGroup":"hub.mydecisive.ai","controllerKind":"MdaiHub","MdaiHub":{"name":"mdaihub","namespace":"mdai"},"namespace":"mdai","name":"mdaihub","reconcileID":"a36caec4-74b0-4edf-b054-48afd7155cee","name":"mdaihub-variables","namespace":"mdai","operation":"unchanged"}
{"level":"info","timestamp":"2026-02-27T06:20:56.120Z","msg":"Successfully created or updated ConfigMap","controller":"mdaihub","controllerGroup":"hub.mydecisive.ai","controllerKind":"MdaiHub","MdaiHub":{"name":"mdaihub","namespace":"mdai"},"namespace":"mdai","name":"mdaihub","reconcileID":"a36caec4-74b0-4edf-b054-48afd7155cee","name":"mdaihub-variables","namespace":"mdai","operation":"unchanged"}
{"level":"info","timestamp":"2026-02-27T06:20:56.120Z","msg":"Triggering restart of OpenTelemetry Collector","controller":"mdaihub","controllerGroup":"hub.mydecisive.ai","controllerKind":"MdaiHub","MdaiHub":{"name":"mdaihub","namespace":"mdai"},"namespace":"mdai","name":"mdaihub","reconcileID":"a36caec4-74b0-4edf-b054-48afd7155cee","name":"gateway-datadog"}
{"level":"warn","timestamp":"2026-02-27T06:20:56.129Z","msg":"VALKEY_AUDIT_STREAM_EXPIRY_MS is deprecated; use VALKEY_AUDIT_STREAM_RETENTION","retention":2592000,"stacktrace":"github.com/decisiveai/mdai-data-core/audit.getStreamRetention\n\tgithub.com/decisiveai/mdai-data-core@v0.2.9/audit/adapter.go:241\ngithub.com/decisiveai/mdai-data-core/audit.NewAuditAdapter\n\tgithub.com/decisiveai/mdai-data-core@v0.2.9/audit/adapter.go:54\ngithub.com/decisiveai/mdai-operator/internal/controller.HubAdapter.restartCollectorAndAudit\n\tgithub.com/decisiveai/mdai-operator/internal/controller/hub_adapter.go:427\ngithub.com/decisiveai/mdai-operator/internal/controller.HubAdapter.syncComputedConfigMapsAndRestart\n\tgithub.com/decisiveai/mdai-operator/internal/controller/hub_adapter.go:458\ngithub.com/decisiveai/mdai-operator/internal/controller.HubAdapter.ensureVariableSynchronized\n\tgithub.com/decisiveai/mdai-operator/internal/controller/hub_adapter.go:507\ngithub.com/decisiveai/mdai-operator/internal/controller.(*MdaiHubReconciler).ReconcileHandler\n\tgithub.com/decisiveai/mdai-operator/internal/controller/mdaihub_controller.go:113\ngithub.com/decisiveai/mdai-operator/internal/controller.(*MdaiHubReconciler).Reconcile\n\tgithub.com/decisiveai/mdai-operator/internal/controller/mdaihub_controller.go:87\nsigs.k8s.io/controller-runtime/pkg/internal/controller.(*Controller[...]).Reconcile\n\tsigs.k8s.io/controller-runtime@v0.20.4/pkg/internal/controller/controller.go:119\nsigs.k8s.io/controller-runtime/pkg/internal/controller.(*Controller[...]).reconcileHandler\n\tsigs.k8s.io/controller-runtime@v0.20.4/pkg/internal/controller/controller.go:334\nsigs.k8s.io/controller-runtime/pkg/internal/controller.(*Controller[...]).processNextWorkItem\n\tsigs.k8s.io/controller-runtime@v0.20.4/pkg/internal/controller/controller.go:294\nsigs.k8s.io/controller-runtime/pkg/internal/controller.(*Controller[...]).Start.func2.2\n\tsigs.k8s.io/controller-runtime@v0.20.4/pkg/internal/controller/controller.go:255"}
{"level":"info","timestamp":"2026-02-27T06:20:56.129Z","msg":"AUDIT: Triggering restart of OpenTelemetry Collector","controller":"mdaihub","controllerGroup":"hub.mydecisive.ai","controllerKind":"MdaiHub","MdaiHub":{"name":"mdaihub","namespace":"mdai"},"namespace":"mdai","name":"mdaihub","reconcileID":"a36caec4-74b0-4edf-b054-48afd7155cee","mdai-logstream":"audit","hub_name":"mdaihub","FIELDS_TO_HASH":"","FIELDS_TO_REDACT":"","type":"collector_restart","timestamp":"2026-02-27T06:20:56Z"}
{"level":"info","timestamp":"2026-02-27T06:20:56.130Z","msg":"Triggering restart of OpenTelemetry Collector","controller":"mdaihub","controllerGroup":"hub.mydecisive.ai","controllerKind":"MdaiHub","MdaiHub":{"name":"mdaihub","namespace":"mdai"},"namespace":"mdai","name":"mdaihub","reconcileID":"a36caec4-74b0-4edf-b054-48afd7155cee","name":"gateway-dynamic-filtration"}
{"level":"warn","timestamp":"2026-02-27T06:20:56.136Z","msg":"VALKEY_AUDIT_STREAM_EXPIRY_MS is deprecated; use VALKEY_AUDIT_STREAM_RETENTION","retention":2592000,"stacktrace":"github.com/decisiveai/mdai-data-core/audit.getStreamRetention\n\tgithub.com/decisiveai/mdai-data-core@v0.2.9/audit/adapter.go:241\ngithub.com/decisiveai/mdai-data-core/audit.NewAuditAdapter\n\tgithub.com/decisiveai/mdai-data-core@v0.2.9/audit/adapter.go:54\ngithub.com/decisiveai/mdai-operator/internal/controller.HubAdapter.restartCollectorAndAudit\n\tgithub.com/decisiveai/mdai-operator/internal/controller/hub_adapter.go:427\ngithub.com/decisiveai/mdai-operator/internal/controller.HubAdapter.syncComputedConfigMapsAndRestart\n\tgithub.com/decisiveai/mdai-operator/internal/controller/hub_adapter.go:458\ngithub.com/decisiveai/mdai-operator/internal/controller.HubAdapter.ensureVariableSynchronized\n\tgithub.com/decisiveai/mdai-operator/internal/controller/hub_adapter.go:507\ngithub.com/decisiveai/mdai-operator/internal/controller.(*MdaiHubReconciler).ReconcileHandler\n\tgithub.com/decisiveai/mdai-operator/internal/controller/mdaihub_controller.go:113\ngithub.com/decisiveai/mdai-operator/internal/controller.(*MdaiHubReconciler).Reconcile\n\tgithub.com/decisiveai/mdai-operator/internal/controller/mdaihub_controller.go:87\nsigs.k8s.io/controller-runtime/pkg/internal/controller.(*Controller[...]).Reconcile\n\tsigs.k8s.io/controller-runtime@v0.20.4/pkg/internal/controller/controller.go:119\nsigs.k8s.io/controller-runtime/pkg/internal/controller.(*Controller[...]).reconcileHandler\n\tsigs.k8s.io/controller-runtime@v0.20.4/pkg/internal/controller/controller.go:334\nsigs.k8s.io/controller-runtime/pkg/internal/controller.(*Controller[...]).processNextWorkItem\n\tsigs.k8s.io/controller-runtime@v0.20.4/pkg/internal/controller/controller.go:294\nsigs.k8s.io/controller-runtime/pkg/internal/controller.(*Controller[...]).Start.func2.2\n\tsigs.k8s.io/controller-runtime@v0.20.4/pkg/internal/controller/controller.go:255"}
{"level":"info","timestamp":"2026-02-27T06:20:56.136Z","msg":"AUDIT: Triggering restart of OpenTelemetry Collector","controller":"mdaihub","controllerGroup":"hub.mydecisive.ai","controllerKind":"MdaiHub","MdaiHub":{"name":"mdaihub","namespace":"mdai"},"namespace":"mdai","name":"mdaihub","reconcileID":"a36caec4-74b0-4edf-b054-48afd7155cee","mdai-logstream":"audit","FIELDS_TO_HASH":"","type":"collector_restart","timestamp":"2026-02-27T06:20:56Z","hub_name":"mdaihub","FIELDS_TO_REDACT":""}
{"level":"info","timestamp":"2026-02-27T06:20:56.137Z","msg":"Triggering restart of OpenTelemetry Collector","controller":"mdaihub","controllerGroup":"hub.mydecisive.ai","controllerKind":"MdaiHub","MdaiHub":{"name":"mdaihub","namespace":"mdai"},"namespace":"mdai","name":"mdaihub","reconcileID":"a36caec4-74b0-4edf-b054-48afd7155cee","name":"gateway-pii"}
{"level":"warn","timestamp":"2026-02-27T06:20:56.144Z","msg":"VALKEY_AUDIT_STREAM_EXPIRY_MS is deprecated; use VALKEY_AUDIT_STREAM_RETENTION","retention":2592000,"stacktrace":"github.com/decisiveai/mdai-data-core/audit.getStreamRetention\n\tgithub.com/decisiveai/mdai-data-core@v0.2.9/audit/adapter.go:241\ngithub.com/decisiveai/mdai-data-core/audit.NewAuditAdapter\n\tgithub.com/decisiveai/mdai-data-core@v0.2.9/audit/adapter.go:54\ngithub.com/decisiveai/mdai-operator/internal/controller.HubAdapter.restartCollectorAndAudit\n\tgithub.com/decisiveai/mdai-operator/internal/controller/hub_adapter.go:427\ngithub.com/decisiveai/mdai-operator/internal/controller.HubAdapter.syncComputedConfigMapsAndRestart\n\tgithub.com/decisiveai/mdai-operator/internal/controller/hub_adapter.go:458\ngithub.com/decisiveai/mdai-operator/internal/controller.HubAdapter.ensureVariableSynchronized\n\tgithub.com/decisiveai/mdai-operator/internal/controller/hub_adapter.go:507\ngithub.com/decisiveai/mdai-operator/internal/controller.(*MdaiHubReconciler).ReconcileHandler\n\tgithub.com/decisiveai/mdai-operator/internal/controller/mdaihub_controller.go:113\ngithub.com/decisiveai/mdai-operator/internal/controller.(*MdaiHubReconciler).Reconcile\n\tgithub.com/decisiveai/mdai-operator/internal/controller/mdaihub_controller.go:87\nsigs.k8s.io/controller-runtime/pkg/internal/controller.(*Controller[...]).Reconcile\n\tsigs.k8s.io/controller-runtime@v0.20.4/pkg/internal/controller/controller.go:119\nsigs.k8s.io/controller-runtime/pkg/internal/controller.(*Controller[...]).reconcileHandler\n\tsigs.k8s.io/controller-runtime@v0.20.4/pkg/internal/controller/controller.go:334\nsigs.k8s.io/controller-runtime/pkg/internal/controller.(*Controller[...]).processNextWorkItem\n\tsigs.k8s.io/controller-runtime@v0.20.4/pkg/internal/controller/controller.go:294\nsigs.k8s.io/controller-runtime/pkg/internal/controller.(*Controller[...]).Start.func2.2\n\tsigs.k8s.io/controller-runtime@v0.20.4/pkg/internal/controller/controller.go:255"}
{"level":"info","timestamp":"2026-02-27T06:20:56.144Z","msg":"AUDIT: Triggering restart of OpenTelemetry Collector","controller":"mdaihub","controllerGroup":"hub.mydecisive.ai","controllerKind":"MdaiHub","MdaiHub":{"name":"mdaihub","namespace":"mdai"},"namespace":"mdai","name":"mdaihub","reconcileID":"a36caec4-74b0-4edf-b054-48afd7155cee","mdai-logstream":"audit","FIELDS_TO_REDACT":"","FIELDS_TO_HASH":"","type":"collector_restart","timestamp":"2026-02-27T06:20:56Z","hub_name":"mdaihub"}
{"level":"info","timestamp":"2026-02-27T06:20:56.147Z","msg":"Status set to done for mdai hub","controller":"mdaihub","controllerGroup":"hub.mydecisive.ai","controllerKind":"MdaiHub","MdaiHub":{"name":"mdaihub","namespace":"mdai"},"namespace":"mdai","name":"mdaihub","reconcileID":"a36caec4-74b0-4edf-b054-48afd7155cee","mdaiHub":"mdaihub"}
{"level":"info","timestamp":"2026-02-27T06:20:56.147Z","msg":"-- Finished MdaiHub reconciliation --","controller":"mdaihub","controllerGroup":"hub.mydecisive.ai","controllerKind":"MdaiHub","MdaiHub":{"name":"mdaihub","namespace":"mdai"},"namespace":"mdai","name":"mdaihub","reconcileID":"a36caec4-74b0-4edf-b054-48afd7155cee"}
{"level":"info","timestamp":"2026-02-27T06:20:56.147Z","msg":"-- Starting MdaiHub reconciliation --","controller":"mdaihub","controllerGroup":"hub.mydecisive.ai","controllerKind":"MdaiHub","MdaiHub":{"name":"mdaihub","namespace":"mdai"},"namespace":"mdai","name":"mdaihub","reconcileID":"1a172615-d4ca-418f-b3bd-980ff70a8623","namespace":{"name":"mdaihub","namespace":"mdai"},"name":"mdaihub"}
{"level":"info","timestamp":"2026-02-27T06:20:56.147Z","msg":"EnsurePrometheusRuleSynchronized","controller":"mdaihub","controllerGroup":"hub.mydecisive.ai","controllerKind":"MdaiHub","MdaiHub":{"name":"mdaihub","namespace":"mdai"},"namespace":"mdai","name":"mdaihub","reconcileID":"1a172615-d4ca-418f-b3bd-980ff70a8623"}
{"level":"info","timestamp":"2026-02-27T06:20:56.153Z","msg":"Created new PrometheusRule","controller":"mdaihub","controllerGroup":"hub.mydecisive.ai","controllerKind":"MdaiHub","MdaiHub":{"name":"mdaihub","namespace":"mdai"},"namespace":"mdai","name":"mdaihub","reconcileID":"1a172615-d4ca-418f-b3bd-980ff70a8623","prometheus_rule_name":"mdai-mdaihub-alert-rules"}
{"level":"info","timestamp":"2026-02-27T06:20:56.165Z","msg":"Creating or updating ConfigMap for automations","controller":"mdaihub","controllerGroup":"hub.mydecisive.ai","controllerKind":"MdaiHub","MdaiHub":{"name":"mdaihub","namespace":"mdai"},"namespace":"mdai","name":"mdaihub","reconcileID":"1a172615-d4ca-418f-b3bd-980ff70a8623","name":"mdaihub"}
{"level":"info","timestamp":"2026-02-27T06:20:56.168Z","msg":"<CreateFunc> mdaihub-automation ignored"}
{"level":"info","timestamp":"2026-02-27T06:20:56.168Z","msg":"Successfully created or updated ConfigMap","controller":"mdaihub","controllerGroup":"hub.mydecisive.ai","controllerKind":"MdaiHub","MdaiHub":{"name":"mdaihub","namespace":"mdai"},"namespace":"mdai","name":"mdaihub","reconcileID":"1a172615-d4ca-418f-b3bd-980ff70a8623","name":"mdaihub-automation","namespace":"mdai","operation":"created"}
{"level":"info","timestamp":"2026-02-27T06:20:56.168Z","msg":"Successfully created ConfigMap for automations","controller":"mdaihub","controllerGroup":"hub.mydecisive.ai","controllerKind":"MdaiHub","MdaiHub":{"name":"mdaihub","namespace":"mdai"},"namespace":"mdai","name":"mdaihub","reconcileID":"1a172615-d4ca-418f-b3bd-980ff70a8623","name":"mdaihub"}
{"level":"info","timestamp":"2026-02-27T06:20:56.168Z","msg":"Processing variable","controller":"mdaihub","controllerGroup":"hub.mydecisive.ai","controllerKind":"MdaiHub","MdaiHub":{"name":"mdaihub","namespace":"mdai"},"namespace":"mdai","name":"mdaihub","reconcileID":"1a172615-d4ca-418f-b3bd-980ff70a8623","key":"service_list"}
{"level":"info","timestamp":"2026-02-27T06:20:56.169Z","msg":"Data received for variable/mdaihub/service_list: []"}
{"level":"info","timestamp":"2026-02-27T06:20:56.169Z","msg":"Processing variable","controller":"mdaihub","controllerGroup":"hub.mydecisive.ai","controllerKind":"MdaiHub","MdaiHub":{"name":"mdaihub","namespace":"mdai"},"namespace":"mdai","name":"mdaihub","reconcileID":"1a172615-d4ca-418f-b3bd-980ff70a8623","key":"alerting_data_type"}
{"level":"info","timestamp":"2026-02-27T06:20:56.169Z","msg":"No value found in storage","key":"variable/mdaihub/alerting_data_type"}
{"level":"info","timestamp":"2026-02-27T06:20:56.169Z","msg":"Processing variable","controller":"mdaihub","controllerGroup":"hub.mydecisive.ai","controllerKind":"MdaiHub","MdaiHub":{"name":"mdaihub","namespace":"mdai"},"namespace":"mdai","name":"mdaihub","reconcileID":"1a172615-d4ca-418f-b3bd-980ff70a8623","key":"alerting_triggered"}
{"level":"info","timestamp":"2026-02-27T06:20:56.169Z","msg":"No value found in storage","key":"variable/mdaihub/alerting_triggered"}
{"level":"info","timestamp":"2026-02-27T06:20:56.169Z","msg":"Deleting old valkey keys","controller":"mdaihub","controllerGroup":"hub.mydecisive.ai","controllerKind":"MdaiHub","MdaiHub":{"name":"mdaihub","namespace":"mdai"},"namespace":"mdai","name":"mdaihub","reconcileID":"1a172615-d4ca-418f-b3bd-980ff70a8623","valkeyKeysToKeep":{"alerting_data_type":{},"alerting_triggered":{},"service_list":{}}}
{"level":"info","timestamp":"2026-02-27T06:20:56.169Z","msg":"No manual variables defined in the MDAI CR","controller":"mdaihub","controllerGroup":"hub.mydecisive.ai","controllerKind":"MdaiHub","MdaiHub":{"name":"mdaihub","namespace":"mdai"},"namespace":"mdai","name":"mdaihub","reconcileID":"1a172615-d4ca-418f-b3bd-980ff70a8623","name":"mdaihub"}
{"level":"info","timestamp":"2026-02-27T06:20:56.169Z","msg":"Deleting ConfigMap","controller":"mdaihub","controllerGroup":"hub.mydecisive.ai","controllerKind":"MdaiHub","MdaiHub":{"name":"mdaihub","namespace":"mdai"},"namespace":"mdai","name":"mdaihub","reconcileID":"1a172615-d4ca-418f-b3bd-980ff70a8623","name":"mdaihub-manual-variables","namespace":"mdai"}
{"level":"info","timestamp":"2026-02-27T06:20:56.172Z","msg":"<DeleteFunc> mdaihub-manual-variables ignored"}
{"level":"info","timestamp":"2026-02-27T06:20:56.178Z","msg":"<UpdateFunc> mdaihub-variables shouldReconcile: false"}
{"level":"info","timestamp":"2026-02-27T06:20:56.178Z","msg":"Successfully created or updated ConfigMap","controller":"mdaihub","controllerGroup":"hub.mydecisive.ai","controllerKind":"MdaiHub","MdaiHub":{"name":"mdaihub","namespace":"mdai"},"namespace":"mdai","name":"mdaihub","reconcileID":"1a172615-d4ca-418f-b3bd-980ff70a8623","name":"mdaihub-variables","namespace":"mdai","operation":"updated"}
{"level":"info","timestamp":"2026-02-27T06:20:56.178Z","msg":"Successfully created or updated ConfigMap","controller":"mdaihub","controllerGroup":"hub.mydecisive.ai","controllerKind":"MdaiHub","MdaiHub":{"name":"mdaihub","namespace":"mdai"},"namespace":"mdai","name":"mdaihub","reconcileID":"1a172615-d4ca-418f-b3bd-980ff70a8623","name":"mdaihub-variables","namespace":"mdai","operation":"unchanged"}
{"level":"info","timestamp":"2026-02-27T06:20:56.178Z","msg":"Successfully created or updated ConfigMap","controller":"mdaihub","controllerGroup":"hub.mydecisive.ai","controllerKind":"MdaiHub","MdaiHub":{"name":"mdaihub","namespace":"mdai"},"namespace":"mdai","name":"mdaihub","reconcileID":"1a172615-d4ca-418f-b3bd-980ff70a8623","name":"mdaihub-variables","namespace":"mdai","operation":"unchanged"}
{"level":"info","timestamp":"2026-02-27T06:20:56.178Z","msg":"Triggering restart of OpenTelemetry Collector","controller":"mdaihub","controllerGroup":"hub.mydecisive.ai","controllerKind":"MdaiHub","MdaiHub":{"name":"mdaihub","namespace":"mdai"},"namespace":"mdai","name":"mdaihub","reconcileID":"1a172615-d4ca-418f-b3bd-980ff70a8623","name":"gateway-datadog"}
{"level":"warn","timestamp":"2026-02-27T06:20:56.188Z","msg":"VALKEY_AUDIT_STREAM_EXPIRY_MS is deprecated; use VALKEY_AUDIT_STREAM_RETENTION","retention":2592000,"stacktrace":"github.com/decisiveai/mdai-data-core/audit.getStreamRetention\n\tgithub.com/decisiveai/mdai-data-core@v0.2.9/audit/adapter.go:241\ngithub.com/decisiveai/mdai-data-core/audit.NewAuditAdapter\n\tgithub.com/decisiveai/mdai-data-core@v0.2.9/audit/adapter.go:54\ngithub.com/decisiveai/mdai-operator/internal/controller.HubAdapter.restartCollectorAndAudit\n\tgithub.com/decisiveai/mdai-operator/internal/controller/hub_adapter.go:427\ngithub.com/decisiveai/mdai-operator/internal/controller.HubAdapter.syncComputedConfigMapsAndRestart\n\tgithub.com/decisiveai/mdai-operator/internal/controller/hub_adapter.go:458\ngithub.com/decisiveai/mdai-operator/internal/controller.HubAdapter.ensureVariableSynchronized\n\tgithub.com/decisiveai/mdai-operator/internal/controller/hub_adapter.go:507\ngithub.com/decisiveai/mdai-operator/internal/controller.(*MdaiHubReconciler).ReconcileHandler\n\tgithub.com/decisiveai/mdai-operator/internal/controller/mdaihub_controller.go:113\ngithub.com/decisiveai/mdai-operator/internal/controller.(*MdaiHubReconciler).Reconcile\n\tgithub.com/decisiveai/mdai-operator/internal/controller/mdaihub_controller.go:87\nsigs.k8s.io/controller-runtime/pkg/internal/controller.(*Controller[...]).Reconcile\n\tsigs.k8s.io/controller-runtime@v0.20.4/pkg/internal/controller/controller.go:119\nsigs.k8s.io/controller-runtime/pkg/internal/controller.(*Controller[...]).reconcileHandler\n\tsigs.k8s.io/controller-runtime@v0.20.4/pkg/internal/controller/controller.go:334\nsigs.k8s.io/controller-runtime/pkg/internal/controller.(*Controller[...]).processNextWorkItem\n\tsigs.k8s.io/controller-runtime@v0.20.4/pkg/internal/controller/controller.go:294\nsigs.k8s.io/controller-runtime/pkg/internal/controller.(*Controller[...]).Start.func2.2\n\tsigs.k8s.io/controller-runtime@v0.20.4/pkg/internal/controller/controller.go:255"}
{"level":"info","timestamp":"2026-02-27T06:20:56.188Z","msg":"AUDIT: Triggering restart of OpenTelemetry Collector","controller":"mdaihub","controllerGroup":"hub.mydecisive.ai","controllerKind":"MdaiHub","MdaiHub":{"name":"mdaihub","namespace":"mdai"},"namespace":"mdai","name":"mdaihub","reconcileID":"1a172615-d4ca-418f-b3bd-980ff70a8623","mdai-logstream":"audit","timestamp":"2026-02-27T06:20:56Z","hub_name":"mdaihub","SERVICE_LIST_REGEX":"","type":"collector_restart"}
{"level":"info","timestamp":"2026-02-27T06:20:56.188Z","msg":"Triggering restart of OpenTelemetry Collector","controller":"mdaihub","controllerGroup":"hub.mydecisive.ai","controllerKind":"MdaiHub","MdaiHub":{"name":"mdaihub","namespace":"mdai"},"namespace":"mdai","name":"mdaihub","reconcileID":"1a172615-d4ca-418f-b3bd-980ff70a8623","name":"gateway-dynamic-filtration"}
{"level":"warn","timestamp":"2026-02-27T06:20:56.197Z","msg":"VALKEY_AUDIT_STREAM_EXPIRY_MS is deprecated; use VALKEY_AUDIT_STREAM_RETENTION","retention":2592000,"stacktrace":"github.com/decisiveai/mdai-data-core/audit.getStreamRetention\n\tgithub.com/decisiveai/mdai-data-core@v0.2.9/audit/adapter.go:241\ngithub.com/decisiveai/mdai-data-core/audit.NewAuditAdapter\n\tgithub.com/decisiveai/mdai-data-core@v0.2.9/audit/adapter.go:54\ngithub.com/decisiveai/mdai-operator/internal/controller.HubAdapter.restartCollectorAndAudit\n\tgithub.com/decisiveai/mdai-operator/internal/controller/hub_adapter.go:427\ngithub.com/decisiveai/mdai-operator/internal/controller.HubAdapter.syncComputedConfigMapsAndRestart\n\tgithub.com/decisiveai/mdai-operator/internal/controller/hub_adapter.go:458\ngithub.com/decisiveai/mdai-operator/internal/controller.HubAdapter.ensureVariableSynchronized\n\tgithub.com/decisiveai/mdai-operator/internal/controller/hub_adapter.go:507\ngithub.com/decisiveai/mdai-operator/internal/controller.(*MdaiHubReconciler).ReconcileHandler\n\tgithub.com/decisiveai/mdai-operator/internal/controller/mdaihub_controller.go:113\ngithub.com/decisiveai/mdai-operator/internal/controller.(*MdaiHubReconciler).Reconcile\n\tgithub.com/decisiveai/mdai-operator/internal/controller/mdaihub_controller.go:87\nsigs.k8s.io/controller-runtime/pkg/internal/controller.(*Controller[...]).Reconcile\n\tsigs.k8s.io/controller-runtime@v0.20.4/pkg/internal/controller/controller.go:119\nsigs.k8s.io/controller-runtime/pkg/internal/controller.(*Controller[...]).reconcileHandler\n\tsigs.k8s.io/controller-runtime@v0.20.4/pkg/internal/controller/controller.go:334\nsigs.k8s.io/controller-runtime/pkg/internal/controller.(*Controller[...]).processNextWorkItem\n\tsigs.k8s.io/controller-runtime@v0.20.4/pkg/internal/controller/controller.go:294\nsigs.k8s.io/controller-runtime/pkg/internal/controller.(*Controller[...]).Start.func2.2\n\tsigs.k8s.io/controller-runtime@v0.20.4/pkg/internal/controller/controller.go:255"}
{"level":"info","timestamp":"2026-02-27T06:20:56.197Z","msg":"AUDIT: Triggering restart of OpenTelemetry Collector","controller":"mdaihub","controllerGroup":"hub.mydecisive.ai","controllerKind":"MdaiHub","MdaiHub":{"name":"mdaihub","namespace":"mdai"},"namespace":"mdai","name":"mdaihub","reconcileID":"1a172615-d4ca-418f-b3bd-980ff70a8623","mdai-logstream":"audit","type":"collector_restart","timestamp":"2026-02-27T06:20:56Z","hub_name":"mdaihub","SERVICE_LIST_REGEX":""}
{"level":"info","timestamp":"2026-02-27T06:20:56.198Z","msg":"Triggering restart of OpenTelemetry Collector","controller":"mdaihub","controllerGroup":"hub.mydecisive.ai","controllerKind":"MdaiHub","MdaiHub":{"name":"mdaihub","namespace":"mdai"},"namespace":"mdai","name":"mdaihub","reconcileID":"1a172615-d4ca-418f-b3bd-980ff70a8623","name":"gateway-pii"}
{"level":"warn","timestamp":"2026-02-27T06:20:56.209Z","msg":"VALKEY_AUDIT_STREAM_EXPIRY_MS is deprecated; use VALKEY_AUDIT_STREAM_RETENTION","retention":2592000,"stacktrace":"github.com/decisiveai/mdai-data-core/audit.getStreamRetention\n\tgithub.com/decisiveai/mdai-data-core@v0.2.9/audit/adapter.go:241\ngithub.com/decisiveai/mdai-data-core/audit.NewAuditAdapter\n\tgithub.com/decisiveai/mdai-data-core@v0.2.9/audit/adapter.go:54\ngithub.com/decisiveai/mdai-operator/internal/controller.HubAdapter.restartCollectorAndAudit\n\tgithub.com/decisiveai/mdai-operator/internal/controller/hub_adapter.go:427\ngithub.com/decisiveai/mdai-operator/internal/controller.HubAdapter.syncComputedConfigMapsAndRestart\n\tgithub.com/decisiveai/mdai-operator/internal/controller/hub_adapter.go:458\ngithub.com/decisiveai/mdai-operator/internal/controller.HubAdapter.ensureVariableSynchronized\n\tgithub.com/decisiveai/mdai-operator/internal/controller/hub_adapter.go:507\ngithub.com/decisiveai/mdai-operator/internal/controller.(*MdaiHubReconciler).ReconcileHandler\n\tgithub.com/decisiveai/mdai-operator/internal/controller/mdaihub_controller.go:113\ngithub.com/decisiveai/mdai-operator/internal/controller.(*MdaiHubReconciler).Reconcile\n\tgithub.com/decisiveai/mdai-operator/internal/controller/mdaihub_controller.go:87\nsigs.k8s.io/controller-runtime/pkg/internal/controller.(*Controller[...]).Reconcile\n\tsigs.k8s.io/controller-runtime@v0.20.4/pkg/internal/controller/controller.go:119\nsigs.k8s.io/controller-runtime/pkg/internal/controller.(*Controller[...]).reconcileHandler\n\tsigs.k8s.io/controller-runtime@v0.20.4/pkg/internal/controller/controller.go:334\nsigs.k8s.io/controller-runtime/pkg/internal/controller.(*Controller[...]).processNextWorkItem\n\tsigs.k8s.io/controller-runtime@v0.20.4/pkg/internal/controller/controller.go:294\nsigs.k8s.io/controller-runtime/pkg/internal/controller.(*Controller[...]).Start.func2.2\n\tsigs.k8s.io/controller-runtime@v0.20.4/pkg/internal/controller/controller.go:255"}
{"level":"info","timestamp":"2026-02-27T06:20:56.209Z","msg":"AUDIT: Triggering restart of OpenTelemetry Collector","controller":"mdaihub","controllerGroup":"hub.mydecisive.ai","controllerKind":"MdaiHub","MdaiHub":{"name":"mdaihub","namespace":"mdai"},"namespace":"mdai","name":"mdaihub","reconcileID":"1a172615-d4ca-418f-b3bd-980ff70a8623","mdai-logstream":"audit","type":"collector_restart","timestamp":"2026-02-27T06:20:56Z","hub_name":"mdaihub","SERVICE_LIST_REGEX":""}
{"level":"info","timestamp":"2026-02-27T06:20:56.213Z","msg":"Status set to done for mdai hub","controller":"mdaihub","controllerGroup":"hub.mydecisive.ai","controllerKind":"MdaiHub","MdaiHub":{"name":"mdaihub","namespace":"mdai"},"namespace":"mdai","name":"mdaihub","reconcileID":"1a172615-d4ca-418f-b3bd-980ff70a8623","mdaiHub":"mdaihub"}
{"level":"info","timestamp":"2026-02-27T06:20:56.213Z","msg":"-- Finished MdaiHub reconciliation --","controller":"mdaihub","controllerGroup":"hub.mydecisive.ai","controllerKind":"MdaiHub","MdaiHub":{"name":"mdaihub","namespace":"mdai"},"namespace":"mdai","name":"mdaihub","reconcileID":"1a172615-d4ca-418f-b3bd-980ff70a8623"}
{"level":"info","timestamp":"2026-02-27T06:20:56.221Z","logger":"mdaihub-resource","msg":"Defaulting for MdaiHub","name":"mdaihub"}
{"level":"info","timestamp":"2026-02-27T06:20:56.222Z","logger":"mdaihub-resource","msg":"Validation for MdaiHub upon update","name":"mdaihub"}
{"level":"info","timestamp":"2026-02-27T06:20:56.226Z","msg":"-- Starting MdaiHub reconciliation --","controller":"mdaihub","controllerGroup":"hub.mydecisive.ai","controllerKind":"MdaiHub","MdaiHub":{"name":"mdaihub","namespace":"mdai"},"namespace":"mdai","name":"mdaihub","reconcileID":"c17a9a9d-2713-469b-92fd-18e8e5fc7bc8","namespace":{"name":"mdaihub","namespace":"mdai"},"name":"mdaihub"}
{"level":"info","timestamp":"2026-02-27T06:20:56.226Z","msg":"EnsurePrometheusRuleSynchronized","controller":"mdaihub","controllerGroup":"hub.mydecisive.ai","controllerKind":"MdaiHub","MdaiHub":{"name":"mdaihub","namespace":"mdai"},"namespace":"mdai","name":"mdaihub","reconcileID":"c17a9a9d-2713-469b-92fd-18e8e5fc7bc8"}
{"level":"info","timestamp":"2026-02-27T06:20:56.226Z","msg":"No evaluations found, skipping PrometheusRule creation","controller":"mdaihub","controllerGroup":"hub.mydecisive.ai","controllerKind":"MdaiHub","MdaiHub":{"name":"mdaihub","namespace":"mdai"},"namespace":"mdai","name":"mdaihub","reconcileID":"c17a9a9d-2713-469b-92fd-18e8e5fc7bc8"}
{"level":"info","timestamp":"2026-02-27T06:20:56.226Z","msg":"Removing existing rules","controller":"mdaihub","controllerGroup":"hub.mydecisive.ai","controllerKind":"MdaiHub","MdaiHub":{"name":"mdaihub","namespace":"mdai"},"namespace":"mdai","name":"mdaihub","reconcileID":"c17a9a9d-2713-469b-92fd-18e8e5fc7bc8"}
{"level":"info","timestamp":"2026-02-27T06:20:56.230Z","msg":"Deleted PrometheusRule","controller":"mdaihub","controllerGroup":"hub.mydecisive.ai","controllerKind":"MdaiHub","MdaiHub":{"name":"mdaihub","namespace":"mdai"},"namespace":"mdai","name":"mdaihub","reconcileID":"c17a9a9d-2713-469b-92fd-18e8e5fc7bc8","prometheus_rule_name":"mdai-mdaihub-alert-rules"}
{"level":"info","timestamp":"2026-02-27T06:20:56.230Z","msg":"No automations defined in the MDAI CR","controller":"mdaihub","controllerGroup":"hub.mydecisive.ai","controllerKind":"MdaiHub","MdaiHub":{"name":"mdaihub","namespace":"mdai"},"namespace":"mdai","name":"mdaihub","reconcileID":"c17a9a9d-2713-469b-92fd-18e8e5fc7bc8","name":"mdaihub"}
{"level":"info","timestamp":"2026-02-27T06:20:56.230Z","msg":"Deleting ConfigMap","controller":"mdaihub","controllerGroup":"hub.mydecisive.ai","controllerKind":"MdaiHub","MdaiHub":{"name":"mdaihub","namespace":"mdai"},"namespace":"mdai","name":"mdaihub","reconcileID":"c17a9a9d-2713-469b-92fd-18e8e5fc7bc8","name":"mdaihub-automation","namespace":"mdai"}
{"level":"info","timestamp":"2026-02-27T06:20:56.234Z","msg":"No variables found in the CR, skipping variable synchronization","controller":"mdaihub","controllerGroup":"hub.mydecisive.ai","controllerKind":"MdaiHub","MdaiHub":{"name":"mdaihub","namespace":"mdai"},"namespace":"mdai","name":"mdaihub","reconcileID":"c17a9a9d-2713-469b-92fd-18e8e5fc7bc8"}
{"level":"info","timestamp":"2026-02-27T06:20:56.234Z","msg":"<DeleteFunc> mdaihub-automation ignored"}
{"level":"info","timestamp":"2026-02-27T06:20:56.237Z","msg":"Status set to done for mdai hub","controller":"mdaihub","controllerGroup":"hub.mydecisive.ai","controllerKind":"MdaiHub","MdaiHub":{"name":"mdaihub","namespace":"mdai"},"namespace":"mdai","name":"mdaihub","reconcileID":"c17a9a9d-2713-469b-92fd-18e8e5fc7bc8","mdaiHub":"mdaihub"}
{"level":"info","timestamp":"2026-02-27T06:20:56.237Z","msg":"-- Finished MdaiHub reconciliation --","controller":"mdaihub","controllerGroup":"hub.mydecisive.ai","controllerKind":"MdaiHub","MdaiHub":{"name":"mdaihub","namespace":"mdai"},"namespace":"mdai","name":"mdaihub","reconcileID":"c17a9a9d-2713-469b-92fd-18e8e5fc7bc8"}
{"level":"info","timestamp":"2026-02-27T06:21:14.075Z","logger":"mdaihub-resource","msg":"Defaulting for MdaiHub","name":"mdaihub"}
{"level":"info","timestamp":"2026-02-27T06:21:14.076Z","logger":"mdaihub-resource","msg":"Validation for MdaiHub upon update","name":"mdaihub"}
{"level":"info","timestamp":"2026-02-27T06:21:14.077Z","logger":"mdaihub-resource","msg":"Defaulting for MdaiHub","name":"mdaihub"}
{"level":"info","timestamp":"2026-02-27T06:21:14.079Z","logger":"mdaihub-resource","msg":"Validation for MdaiHub upon update","name":"mdaihub"}
{"level":"info","timestamp":"2026-02-27T06:21:14.079Z","msg":"-- Starting MdaiHub reconciliation --","controller":"mdaihub","controllerGroup":"hub.mydecisive.ai","controllerKind":"MdaiHub","MdaiHub":{"name":"mdaihub","namespace":"mdai"},"namespace":"mdai","name":"mdaihub","reconcileID":"f505b12e-717a-4edb-96c9-00e6d4429302","namespace":{"name":"mdaihub","namespace":"mdai"},"name":"mdaihub"}
{"level":"info","timestamp":"2026-02-27T06:21:14.079Z","msg":"EnsurePrometheusRuleSynchronized","controller":"mdaihub","controllerGroup":"hub.mydecisive.ai","controllerKind":"MdaiHub","MdaiHub":{"name":"mdaihub","namespace":"mdai"},"namespace":"mdai","name":"mdaihub","reconcileID":"f505b12e-717a-4edb-96c9-00e6d4429302"}
{"level":"info","timestamp":"2026-02-27T06:21:14.081Z","logger":"mdaihub-resource","msg":"Defaulting for MdaiHub","name":"mdaihub"}
{"level":"info","timestamp":"2026-02-27T06:21:14.082Z","msg":"Created new PrometheusRule","controller":"mdaihub","controllerGroup":"hub.mydecisive.ai","controllerKind":"MdaiHub","MdaiHub":{"name":"mdaihub","namespace":"mdai"},"namespace":"mdai","name":"mdaihub","reconcileID":"f505b12e-717a-4edb-96c9-00e6d4429302","prometheus_rule_name":"mdai-mdaihub-alert-rules"}
{"level":"info","timestamp":"2026-02-27T06:21:14.082Z","logger":"mdaihub-resource","msg":"Validation for MdaiHub upon update","name":"mdaihub"}
{"level":"info","timestamp":"2026-02-27T06:21:14.087Z","msg":"Creating or updating ConfigMap for automations","controller":"mdaihub","controllerGroup":"hub.mydecisive.ai","controllerKind":"MdaiHub","MdaiHub":{"name":"mdaihub","namespace":"mdai"},"namespace":"mdai","name":"mdaihub","reconcileID":"f505b12e-717a-4edb-96c9-00e6d4429302","name":"mdaihub"}
{"level":"info","timestamp":"2026-02-27T06:21:14.088Z","msg":"<CreateFunc> mdaihub-automation ignored"}
{"level":"info","timestamp":"2026-02-27T06:21:14.088Z","msg":"Successfully created or updated ConfigMap","controller":"mdaihub","controllerGroup":"hub.mydecisive.ai","controllerKind":"MdaiHub","MdaiHub":{"name":"mdaihub","namespace":"mdai"},"namespace":"mdai","name":"mdaihub","reconcileID":"f505b12e-717a-4edb-96c9-00e6d4429302","name":"mdaihub-automation","namespace":"mdai","operation":"created"}
{"level":"info","timestamp":"2026-02-27T06:21:14.088Z","msg":"Successfully created ConfigMap for automations","controller":"mdaihub","controllerGroup":"hub.mydecisive.ai","controllerKind":"MdaiHub","MdaiHub":{"name":"mdaihub","namespace":"mdai"},"namespace":"mdai","name":"mdaihub","reconcileID":"f505b12e-717a-4edb-96c9-00e6d4429302","name":"mdaihub"}
{"level":"info","timestamp":"2026-02-27T06:21:14.088Z","msg":"Processing variable","controller":"mdaihub","controllerGroup":"hub.mydecisive.ai","controllerKind":"MdaiHub","MdaiHub":{"name":"mdaihub","namespace":"mdai"},"namespace":"mdai","name":"mdaihub","reconcileID":"f505b12e-717a-4edb-96c9-00e6d4429302","key":"service_list"}
{"level":"info","timestamp":"2026-02-27T06:21:14.089Z","msg":"Data received for variable/mdaihub/service_list: []"}
{"level":"info","timestamp":"2026-02-27T06:21:14.089Z","msg":"Processing variable","controller":"mdaihub","controllerGroup":"hub.mydecisive.ai","controllerKind":"MdaiHub","MdaiHub":{"name":"mdaihub","namespace":"mdai"},"namespace":"mdai","name":"mdaihub","reconcileID":"f505b12e-717a-4edb-96c9-00e6d4429302","key":"alerting_data_type"}
{"level":"info","timestamp":"2026-02-27T06:21:14.089Z","msg":"No value found in storage","key":"variable/mdaihub/alerting_data_type"}
{"level":"info","timestamp":"2026-02-27T06:21:14.089Z","msg":"Processing variable","controller":"mdaihub","controllerGroup":"hub.mydecisive.ai","controllerKind":"MdaiHub","MdaiHub":{"name":"mdaihub","namespace":"mdai"},"namespace":"mdai","name":"mdaihub","reconcileID":"f505b12e-717a-4edb-96c9-00e6d4429302","key":"alerting_triggered"}
{"level":"info","timestamp":"2026-02-27T06:21:14.089Z","msg":"No value found in storage","key":"variable/mdaihub/alerting_triggered"}
{"level":"info","timestamp":"2026-02-27T06:21:14.089Z","msg":"Deleting old valkey keys","controller":"mdaihub","controllerGroup":"hub.mydecisive.ai","controllerKind":"MdaiHub","MdaiHub":{"name":"mdaihub","namespace":"mdai"},"namespace":"mdai","name":"mdaihub","reconcileID":"f505b12e-717a-4edb-96c9-00e6d4429302","valkeyKeysToKeep":{"alerting_data_type":{},"alerting_triggered":{},"service_list":{}}}
{"level":"info","timestamp":"2026-02-27T06:21:14.089Z","msg":"No manual variables defined in the MDAI CR","controller":"mdaihub","controllerGroup":"hub.mydecisive.ai","controllerKind":"MdaiHub","MdaiHub":{"name":"mdaihub","namespace":"mdai"},"namespace":"mdai","name":"mdaihub","reconcileID":"f505b12e-717a-4edb-96c9-00e6d4429302","name":"mdaihub"}
{"level":"info","timestamp":"2026-02-27T06:21:14.089Z","msg":"Deleting ConfigMap","controller":"mdaihub","controllerGroup":"hub.mydecisive.ai","controllerKind":"MdaiHub","MdaiHub":{"name":"mdaihub","namespace":"mdai"},"namespace":"mdai","name":"mdaihub","reconcileID":"f505b12e-717a-4edb-96c9-00e6d4429302","name":"mdaihub-manual-variables","namespace":"mdai"}
{"level":"info","timestamp":"2026-02-27T06:21:14.090Z","msg":"ConfigMap not found, skipping deletion","controller":"mdaihub","controllerGroup":"hub.mydecisive.ai","controllerKind":"MdaiHub","MdaiHub":{"name":"mdaihub","namespace":"mdai"},"namespace":"mdai","name":"mdaihub","reconcileID":"f505b12e-717a-4edb-96c9-00e6d4429302","name":"mdaihub-manual-variables","namespace":"mdai"}
{"level":"info","timestamp":"2026-02-27T06:21:14.090Z","msg":"Successfully created or updated ConfigMap","controller":"mdaihub","controllerGroup":"hub.mydecisive.ai","controllerKind":"MdaiHub","MdaiHub":{"name":"mdaihub","namespace":"mdai"},"namespace":"mdai","name":"mdaihub","reconcileID":"f505b12e-717a-4edb-96c9-00e6d4429302","name":"mdaihub-variables","namespace":"mdai","operation":"unchanged"}
{"level":"info","timestamp":"2026-02-27T06:21:14.090Z","msg":"Successfully created or updated ConfigMap","controller":"mdaihub","controllerGroup":"hub.mydecisive.ai","controllerKind":"MdaiHub","MdaiHub":{"name":"mdaihub","namespace":"mdai"},"namespace":"mdai","name":"mdaihub","reconcileID":"f505b12e-717a-4edb-96c9-00e6d4429302","name":"mdaihub-variables","namespace":"mdai","operation":"unchanged"}
{"level":"info","timestamp":"2026-02-27T06:21:14.090Z","msg":"Successfully created or updated ConfigMap","controller":"mdaihub","controllerGroup":"hub.mydecisive.ai","controllerKind":"MdaiHub","MdaiHub":{"name":"mdaihub","namespace":"mdai"},"namespace":"mdai","name":"mdaihub","reconcileID":"f505b12e-717a-4edb-96c9-00e6d4429302","name":"mdaihub-variables","namespace":"mdai","operation":"unchanged"}
{"level":"info","timestamp":"2026-02-27T06:21:14.092Z","msg":"Status set to done for mdai hub","controller":"mdaihub","controllerGroup":"hub.mydecisive.ai","controllerKind":"MdaiHub","MdaiHub":{"name":"mdaihub","namespace":"mdai"},"namespace":"mdai","name":"mdaihub","reconcileID":"f505b12e-717a-4edb-96c9-00e6d4429302","mdaiHub":"mdaihub"}
{"level":"info","timestamp":"2026-02-27T06:21:14.092Z","msg":"-- Finished MdaiHub reconciliation --","controller":"mdaihub","controllerGroup":"hub.mydecisive.ai","controllerKind":"MdaiHub","MdaiHub":{"name":"mdaihub","namespace":"mdai"},"namespace":"mdai","name":"mdaihub","reconcileID":"f505b12e-717a-4edb-96c9-00e6d4429302"}
{"level":"info","timestamp":"2026-02-27T06:21:14.092Z","msg":"-- Starting MdaiHub reconciliation --","controller":"mdaihub","controllerGroup":"hub.mydecisive.ai","controllerKind":"MdaiHub","MdaiHub":{"name":"mdaihub","namespace":"mdai"},"namespace":"mdai","name":"mdaihub","reconcileID":"e8452938-3702-4ca0-b388-3be1784ffae9","namespace":{"name":"mdaihub","namespace":"mdai"},"name":"mdaihub"}
{"level":"info","timestamp":"2026-02-27T06:21:14.092Z","msg":"EnsurePrometheusRuleSynchronized","controller":"mdaihub","controllerGroup":"hub.mydecisive.ai","controllerKind":"MdaiHub","MdaiHub":{"name":"mdaihub","namespace":"mdai"},"namespace":"mdai","name":"mdaihub","reconcileID":"e8452938-3702-4ca0-b388-3be1784ffae9"}
{"level":"info","timestamp":"2026-02-27T06:21:14.092Z","msg":"No evaluations found, skipping PrometheusRule creation","controller":"mdaihub","controllerGroup":"hub.mydecisive.ai","controllerKind":"MdaiHub","MdaiHub":{"name":"mdaihub","namespace":"mdai"},"namespace":"mdai","name":"mdaihub","reconcileID":"e8452938-3702-4ca0-b388-3be1784ffae9"}
{"level":"info","timestamp":"2026-02-27T06:21:14.092Z","msg":"Removing existing rules","controller":"mdaihub","controllerGroup":"hub.mydecisive.ai","controllerKind":"MdaiHub","MdaiHub":{"name":"mdaihub","namespace":"mdai"},"namespace":"mdai","name":"mdaihub","reconcileID":"e8452938-3702-4ca0-b388-3be1784ffae9"}
{"level":"info","timestamp":"2026-02-27T06:21:14.095Z","msg":"Deleted PrometheusRule","controller":"mdaihub","controllerGroup":"hub.mydecisive.ai","controllerKind":"MdaiHub","MdaiHub":{"name":"mdaihub","namespace":"mdai"},"namespace":"mdai","name":"mdaihub","reconcileID":"e8452938-3702-4ca0-b388-3be1784ffae9","prometheus_rule_name":"mdai-mdaihub-alert-rules"}
{"level":"info","timestamp":"2026-02-27T06:21:14.095Z","msg":"No automations defined in the MDAI CR","controller":"mdaihub","controllerGroup":"hub.mydecisive.ai","controllerKind":"MdaiHub","MdaiHub":{"name":"mdaihub","namespace":"mdai"},"namespace":"mdai","name":"mdaihub","reconcileID":"e8452938-3702-4ca0-b388-3be1784ffae9","name":"mdaihub"}
{"level":"info","timestamp":"2026-02-27T06:21:14.095Z","msg":"Deleting ConfigMap","controller":"mdaihub","controllerGroup":"hub.mydecisive.ai","controllerKind":"MdaiHub","MdaiHub":{"name":"mdaihub","namespace":"mdai"},"namespace":"mdai","name":"mdaihub","reconcileID":"e8452938-3702-4ca0-b388-3be1784ffae9","name":"mdaihub-automation","namespace":"mdai"}
{"level":"info","timestamp":"2026-02-27T06:21:14.096Z","msg":"<DeleteFunc> mdaihub-automation ignored"}
{"level":"info","timestamp":"2026-02-27T06:21:14.096Z","msg":"Processing variable","controller":"mdaihub","controllerGroup":"hub.mydecisive.ai","controllerKind":"MdaiHub","MdaiHub":{"name":"mdaihub","namespace":"mdai"},"namespace":"mdai","name":"mdaihub","reconcileID":"e8452938-3702-4ca0-b388-3be1784ffae9","key":"fields_to_redact"}
{"level":"info","timestamp":"2026-02-27T06:21:14.096Z","msg":"Data received for variable/mdaihub/fields_to_redact: []"}
{"level":"info","timestamp":"2026-02-27T06:21:14.097Z","msg":"Processing variable","controller":"mdaihub","controllerGroup":"hub.mydecisive.ai","controllerKind":"MdaiHub","MdaiHub":{"name":"mdaihub","namespace":"mdai"},"namespace":"mdai","name":"mdaihub","reconcileID":"e8452938-3702-4ca0-b388-3be1784ffae9","key":"fields_to_hash"}
{"level":"info","timestamp":"2026-02-27T06:21:14.097Z","msg":"Data received for variable/mdaihub/fields_to_hash: []"}
{"level":"info","timestamp":"2026-02-27T06:21:14.097Z","msg":"Processing variable","controller":"mdaihub","controllerGroup":"hub.mydecisive.ai","controllerKind":"MdaiHub","MdaiHub":{"name":"mdaihub","namespace":"mdai"},"namespace":"mdai","name":"mdaihub","reconcileID":"e8452938-3702-4ca0-b388-3be1784ffae9","key":"email_regex"}
{"level":"info","timestamp":"2026-02-27T06:21:14.097Z","msg":"No value found in storage","key":"variable/mdaihub/email_regex"}
{"level":"info","timestamp":"2026-02-27T06:21:14.097Z","msg":"Processing variable","controller":"mdaihub","controllerGroup":"hub.mydecisive.ai","controllerKind":"MdaiHub","MdaiHub":{"name":"mdaihub","namespace":"mdai"},"namespace":"mdai","name":"mdaihub","reconcileID":"e8452938-3702-4ca0-b388-3be1784ffae9","key":"cc_regex"}
{"level":"info","timestamp":"2026-02-27T06:21:14.097Z","msg":"No value found in storage","key":"variable/mdaihub/cc_regex"}
{"level":"info","timestamp":"2026-02-27T06:21:14.097Z","msg":"Processing variable","controller":"mdaihub","controllerGroup":"hub.mydecisive.ai","controllerKind":"MdaiHub","MdaiHub":{"name":"mdaihub","namespace":"mdai"},"namespace":"mdai","name":"mdaihub","reconcileID":"e8452938-3702-4ca0-b388-3be1784ffae9","key":"phone_regex"}
{"level":"info","timestamp":"2026-02-27T06:21:14.097Z","msg":"No value found in storage","key":"variable/mdaihub/phone_regex"}
{"level":"info","timestamp":"2026-02-27T06:21:14.097Z","msg":"Processing variable","controller":"mdaihub","controllerGroup":"hub.mydecisive.ai","controllerKind":"MdaiHub","MdaiHub":{"name":"mdaihub","namespace":"mdai"},"namespace":"mdai","name":"mdaihub","reconcileID":"e8452938-3702-4ca0-b388-3be1784ffae9","key":"address_regex"}
{"level":"info","timestamp":"2026-02-27T06:21:14.097Z","msg":"No value found in storage","key":"variable/mdaihub/address_regex"}
{"level":"info","timestamp":"2026-02-27T06:21:14.097Z","msg":"Processing variable","controller":"mdaihub","controllerGroup":"hub.mydecisive.ai","controllerKind":"MdaiHub","MdaiHub":{"name":"mdaihub","namespace":"mdai"},"namespace":"mdai","name":"mdaihub","reconcileID":"e8452938-3702-4ca0-b388-3be1784ffae9","key":"ssn_regex"}
{"level":"info","timestamp":"2026-02-27T06:21:14.097Z","msg":"No value found in storage","key":"variable/mdaihub/ssn_regex"}
{"level":"info","timestamp":"2026-02-27T06:21:14.097Z","msg":"Processing variable","controller":"mdaihub","controllerGroup":"hub.mydecisive.ai","controllerKind":"MdaiHub","MdaiHub":{"name":"mdaihub","namespace":"mdai"},"namespace":"mdai","name":"mdaihub","reconcileID":"e8452938-3702-4ca0-b388-3be1784ffae9","key":"name_regex"}
{"level":"info","timestamp":"2026-02-27T06:21:14.097Z","msg":"No value found in storage","key":"variable/mdaihub/name_regex"}
{"level":"info","timestamp":"2026-02-27T06:21:14.097Z","msg":"Processing variable","controller":"mdaihub","controllerGroup":"hub.mydecisive.ai","controllerKind":"MdaiHub","MdaiHub":{"name":"mdaihub","namespace":"mdai"},"namespace":"mdai","name":"mdaihub","reconcileID":"e8452938-3702-4ca0-b388-3be1784ffae9","key":"email_template"}
{"level":"info","timestamp":"2026-02-27T06:21:14.098Z","msg":"No value found in storage","key":"variable/mdaihub/email_template"}
{"level":"info","timestamp":"2026-02-27T06:21:14.098Z","msg":"Processing variable","controller":"mdaihub","controllerGroup":"hub.mydecisive.ai","controllerKind":"MdaiHub","MdaiHub":{"name":"mdaihub","namespace":"mdai"},"namespace":"mdai","name":"mdaihub","reconcileID":"e8452938-3702-4ca0-b388-3be1784ffae9","key":"cc_template"}
{"level":"info","timestamp":"2026-02-27T06:21:14.098Z","msg":"No value found in storage","key":"variable/mdaihub/cc_template"}
{"level":"info","timestamp":"2026-02-27T06:21:14.098Z","msg":"Processing variable","controller":"mdaihub","controllerGroup":"hub.mydecisive.ai","controllerKind":"MdaiHub","MdaiHub":{"name":"mdaihub","namespace":"mdai"},"namespace":"mdai","name":"mdaihub","reconcileID":"e8452938-3702-4ca0-b388-3be1784ffae9","key":"phone_template"}
{"level":"info","timestamp":"2026-02-27T06:21:14.098Z","msg":"No value found in storage","key":"variable/mdaihub/phone_template"}
{"level":"info","timestamp":"2026-02-27T06:21:14.098Z","msg":"Processing variable","controller":"mdaihub","controllerGroup":"hub.mydecisive.ai","controllerKind":"MdaiHub","MdaiHub":{"name":"mdaihub","namespace":"mdai"},"namespace":"mdai","name":"mdaihub","reconcileID":"e8452938-3702-4ca0-b388-3be1784ffae9","key":"address_template"}
{"level":"info","timestamp":"2026-02-27T06:21:14.098Z","msg":"No value found in storage","key":"variable/mdaihub/address_template"}
{"level":"info","timestamp":"2026-02-27T06:21:14.098Z","msg":"Processing variable","controller":"mdaihub","controllerGroup":"hub.mydecisive.ai","controllerKind":"MdaiHub","MdaiHub":{"name":"mdaihub","namespace":"mdai"},"namespace":"mdai","name":"mdaihub","reconcileID":"e8452938-3702-4ca0-b388-3be1784ffae9","key":"ssn_template"}
{"level":"info","timestamp":"2026-02-27T06:21:14.098Z","msg":"No value found in storage","key":"variable/mdaihub/ssn_template"}
{"level":"info","timestamp":"2026-02-27T06:21:14.098Z","msg":"Processing variable","controller":"mdaihub","controllerGroup":"hub.mydecisive.ai","controllerKind":"MdaiHub","MdaiHub":{"name":"mdaihub","namespace":"mdai"},"namespace":"mdai","name":"mdaihub","reconcileID":"e8452938-3702-4ca0-b388-3be1784ffae9","key":"name_template"}
{"level":"info","timestamp":"2026-02-27T06:21:14.098Z","msg":"No value found in storage","key":"variable/mdaihub/name_template"}
{"level":"info","timestamp":"2026-02-27T06:21:14.098Z","msg":"Deleting old valkey keys","controller":"mdaihub","controllerGroup":"hub.mydecisive.ai","controllerKind":"MdaiHub","MdaiHub":{"name":"mdaihub","namespace":"mdai"},"namespace":"mdai","name":"mdaihub","reconcileID":"e8452938-3702-4ca0-b388-3be1784ffae9","valkeyKeysToKeep":{"address_regex":{},"address_template":{},"cc_regex":{},"cc_template":{},"email_regex":{},"email_template":{},"fields_to_hash":{},"fields_to_redact":{},"name_regex":{},"name_template":{},"phone_regex":{},"phone_template":{},"ssn_regex":{},"ssn_template":{}}}
{"level":"info","timestamp":"2026-02-27T06:21:14.100Z","msg":"<CreateFunc> mdaihub-manual-variables ignored"}
{"level":"info","timestamp":"2026-02-27T06:21:14.100Z","msg":"Successfully created or updated ConfigMap","controller":"mdaihub","controllerGroup":"hub.mydecisive.ai","controllerKind":"MdaiHub","MdaiHub":{"name":"mdaihub","namespace":"mdai"},"namespace":"mdai","name":"mdaihub","reconcileID":"e8452938-3702-4ca0-b388-3be1784ffae9","name":"mdaihub-manual-variables","namespace":"mdai","operation":"created"}
{"level":"info","timestamp":"2026-02-27T06:21:14.101Z","msg":"Successfully created or updated ConfigMap","controller":"mdaihub","controllerGroup":"hub.mydecisive.ai","controllerKind":"MdaiHub","MdaiHub":{"name":"mdaihub","namespace":"mdai"},"namespace":"mdai","name":"mdaihub","reconcileID":"e8452938-3702-4ca0-b388-3be1784ffae9","name":"mdaihub-variables","namespace":"mdai","operation":"updated"}
{"level":"info","timestamp":"2026-02-27T06:21:14.101Z","msg":"Successfully created or updated ConfigMap","controller":"mdaihub","controllerGroup":"hub.mydecisive.ai","controllerKind":"MdaiHub","MdaiHub":{"name":"mdaihub","namespace":"mdai"},"namespace":"mdai","name":"mdaihub","reconcileID":"e8452938-3702-4ca0-b388-3be1784ffae9","name":"mdaihub-variables","namespace":"mdai","operation":"unchanged"}
{"level":"info","timestamp":"2026-02-27T06:21:14.101Z","msg":"Successfully created or updated ConfigMap","controller":"mdaihub","controllerGroup":"hub.mydecisive.ai","controllerKind":"MdaiHub","MdaiHub":{"name":"mdaihub","namespace":"mdai"},"namespace":"mdai","name":"mdaihub","reconcileID":"e8452938-3702-4ca0-b388-3be1784ffae9","name":"mdaihub-variables","namespace":"mdai","operation":"unchanged"}
{"level":"info","timestamp":"2026-02-27T06:21:14.101Z","msg":"Triggering restart of OpenTelemetry Collector","controller":"mdaihub","controllerGroup":"hub.mydecisive.ai","controllerKind":"MdaiHub","MdaiHub":{"name":"mdaihub","namespace":"mdai"},"namespace":"mdai","name":"mdaihub","reconcileID":"e8452938-3702-4ca0-b388-3be1784ffae9","name":"gateway-datadog"}
{"level":"info","timestamp":"2026-02-27T06:21:14.101Z","msg":"<UpdateFunc> mdaihub-variables shouldReconcile: false"}
{"level":"warn","timestamp":"2026-02-27T06:21:14.108Z","msg":"VALKEY_AUDIT_STREAM_EXPIRY_MS is deprecated; use VALKEY_AUDIT_STREAM_RETENTION","retention":2592000,"stacktrace":"github.com/decisiveai/mdai-data-core/audit.getStreamRetention\n\tgithub.com/decisiveai/mdai-data-core@v0.2.9/audit/adapter.go:241\ngithub.com/decisiveai/mdai-data-core/audit.NewAuditAdapter\n\tgithub.com/decisiveai/mdai-data-core@v0.2.9/audit/adapter.go:54\ngithub.com/decisiveai/mdai-operator/internal/controller.HubAdapter.restartCollectorAndAudit\n\tgithub.com/decisiveai/mdai-operator/internal/controller/hub_adapter.go:427\ngithub.com/decisiveai/mdai-operator/internal/controller.HubAdapter.syncComputedConfigMapsAndRestart\n\tgithub.com/decisiveai/mdai-operator/internal/controller/hub_adapter.go:458\ngithub.com/decisiveai/mdai-operator/internal/controller.HubAdapter.ensureVariableSynchronized\n\tgithub.com/decisiveai/mdai-operator/internal/controller/hub_adapter.go:507\ngithub.com/decisiveai/mdai-operator/internal/controller.(*MdaiHubReconciler).ReconcileHandler\n\tgithub.com/decisiveai/mdai-operator/internal/controller/mdaihub_controller.go:113\ngithub.com/decisiveai/mdai-operator/internal/controller.(*MdaiHubReconciler).Reconcile\n\tgithub.com/decisiveai/mdai-operator/internal/controller/mdaihub_controller.go:87\nsigs.k8s.io/controller-runtime/pkg/internal/controller.(*Controller[...]).Reconcile\n\tsigs.k8s.io/controller-runtime@v0.20.4/pkg/internal/controller/controller.go:119\nsigs.k8s.io/controller-runtime/pkg/internal/controller.(*Controller[...]).reconcileHandler\n\tsigs.k8s.io/controller-runtime@v0.20.4/pkg/internal/controller/controller.go:334\nsigs.k8s.io/controller-runtime/pkg/internal/controller.(*Controller[...]).processNextWorkItem\n\tsigs.k8s.io/controller-runtime@v0.20.4/pkg/internal/controller/controller.go:294\nsigs.k8s.io/controller-runtime/pkg/internal/controller.(*Controller[...]).Start.func2.2\n\tsigs.k8s.io/controller-runtime@v0.20.4/pkg/internal/controller/controller.go:255"}
{"level":"info","timestamp":"2026-02-27T06:21:14.108Z","msg":"AUDIT: Triggering restart of OpenTelemetry Collector","controller":"mdaihub","controllerGroup":"hub.mydecisive.ai","controllerKind":"MdaiHub","MdaiHub":{"name":"mdaihub","namespace":"mdai"},"namespace":"mdai","name":"mdaihub","reconcileID":"e8452938-3702-4ca0-b388-3be1784ffae9","mdai-logstream":"audit","type":"collector_restart","timestamp":"2026-02-27T06:21:14Z","hub_name":"mdaihub","FIELDS_TO_REDACT":"","FIELDS_TO_HASH":""}
{"level":"info","timestamp":"2026-02-27T06:21:14.109Z","msg":"Triggering restart of OpenTelemetry Collector","controller":"mdaihub","controllerGroup":"hub.mydecisive.ai","controllerKind":"MdaiHub","MdaiHub":{"name":"mdaihub","namespace":"mdai"},"namespace":"mdai","name":"mdaihub","reconcileID":"e8452938-3702-4ca0-b388-3be1784ffae9","name":"gateway-dynamic-filtration"}
{"level":"warn","timestamp":"2026-02-27T06:21:14.115Z","msg":"VALKEY_AUDIT_STREAM_EXPIRY_MS is deprecated; use VALKEY_AUDIT_STREAM_RETENTION","retention":2592000,"stacktrace":"github.com/decisiveai/mdai-data-core/audit.getStreamRetention\n\tgithub.com/decisiveai/mdai-data-core@v0.2.9/audit/adapter.go:241\ngithub.com/decisiveai/mdai-data-core/audit.NewAuditAdapter\n\tgithub.com/decisiveai/mdai-data-core@v0.2.9/audit/adapter.go:54\ngithub.com/decisiveai/mdai-operator/internal/controller.HubAdapter.restartCollectorAndAudit\n\tgithub.com/decisiveai/mdai-operator/internal/controller/hub_adapter.go:427\ngithub.com/decisiveai/mdai-operator/internal/controller.HubAdapter.syncComputedConfigMapsAndRestart\n\tgithub.com/decisiveai/mdai-operator/internal/controller/hub_adapter.go:458\ngithub.com/decisiveai/mdai-operator/internal/controller.HubAdapter.ensureVariableSynchronized\n\tgithub.com/decisiveai/mdai-operator/internal/controller/hub_adapter.go:507\ngithub.com/decisiveai/mdai-operator/internal/controller.(*MdaiHubReconciler).ReconcileHandler\n\tgithub.com/decisiveai/mdai-operator/internal/controller/mdaihub_controller.go:113\ngithub.com/decisiveai/mdai-operator/internal/controller.(*MdaiHubReconciler).Reconcile\n\tgithub.com/decisiveai/mdai-operator/internal/controller/mdaihub_controller.go:87\nsigs.k8s.io/controller-runtime/pkg/internal/controller.(*Controller[...]).Reconcile\n\tsigs.k8s.io/controller-runtime@v0.20.4/pkg/internal/controller/controller.go:119\nsigs.k8s.io/controller-runtime/pkg/internal/controller.(*Controller[...]).reconcileHandler\n\tsigs.k8s.io/controller-runtime@v0.20.4/pkg/internal/controller/controller.go:334\nsigs.k8s.io/controller-runtime/pkg/internal/controller.(*Controller[...]).processNextWorkItem\n\tsigs.k8s.io/controller-runtime@v0.20.4/pkg/internal/controller/controller.go:294\nsigs.k8s.io/controller-runtime/pkg/internal/controller.(*Controller[...]).Start.func2.2\n\tsigs.k8s.io/controller-runtime@v0.20.4/pkg/internal/controller/controller.go:255"}
{"level":"info","timestamp":"2026-02-27T06:21:14.115Z","msg":"AUDIT: Triggering restart of OpenTelemetry Collector","controller":"mdaihub","controllerGroup":"hub.mydecisive.ai","controllerKind":"MdaiHub","MdaiHub":{"name":"mdaihub","namespace":"mdai"},"namespace":"mdai","name":"mdaihub","reconcileID":"e8452938-3702-4ca0-b388-3be1784ffae9","mdai-logstream":"audit","timestamp":"2026-02-27T06:21:14Z","hub_name":"mdaihub","FIELDS_TO_HASH":"","FIELDS_TO_REDACT":"","type":"collector_restart"}
{"level":"info","timestamp":"2026-02-27T06:21:14.116Z","msg":"Triggering restart of OpenTelemetry Collector","controller":"mdaihub","controllerGroup":"hub.mydecisive.ai","controllerKind":"MdaiHub","MdaiHub":{"name":"mdaihub","namespace":"mdai"},"namespace":"mdai","name":"mdaihub","reconcileID":"e8452938-3702-4ca0-b388-3be1784ffae9","name":"gateway-pii"}
{"level":"warn","timestamp":"2026-02-27T06:21:14.123Z","msg":"VALKEY_AUDIT_STREAM_EXPIRY_MS is deprecated; use VALKEY_AUDIT_STREAM_RETENTION","retention":2592000,"stacktrace":"github.com/decisiveai/mdai-data-core/audit.getStreamRetention\n\tgithub.com/decisiveai/mdai-data-core@v0.2.9/audit/adapter.go:241\ngithub.com/decisiveai/mdai-data-core/audit.NewAuditAdapter\n\tgithub.com/decisiveai/mdai-data-core@v0.2.9/audit/adapter.go:54\ngithub.com/decisiveai/mdai-operator/internal/controller.HubAdapter.restartCollectorAndAudit\n\tgithub.com/decisiveai/mdai-operator/internal/controller/hub_adapter.go:427\ngithub.com/decisiveai/mdai-operator/internal/controller.HubAdapter.syncComputedConfigMapsAndRestart\n\tgithub.com/decisiveai/mdai-operator/internal/controller/hub_adapter.go:458\ngithub.com/decisiveai/mdai-operator/internal/controller.HubAdapter.ensureVariableSynchronized\n\tgithub.com/decisiveai/mdai-operator/internal/controller/hub_adapter.go:507\ngithub.com/decisiveai/mdai-operator/internal/controller.(*MdaiHubReconciler).ReconcileHandler\n\tgithub.com/decisiveai/mdai-operator/internal/controller/mdaihub_controller.go:113\ngithub.com/decisiveai/mdai-operator/internal/controller.(*MdaiHubReconciler).Reconcile\n\tgithub.com/decisiveai/mdai-operator/internal/controller/mdaihub_controller.go:87\nsigs.k8s.io/controller-runtime/pkg/internal/controller.(*Controller[...]).Reconcile\n\tsigs.k8s.io/controller-runtime@v0.20.4/pkg/internal/controller/controller.go:119\nsigs.k8s.io/controller-runtime/pkg/internal/controller.(*Controller[...]).reconcileHandler\n\tsigs.k8s.io/controller-runtime@v0.20.4/pkg/internal/controller/controller.go:334\nsigs.k8s.io/controller-runtime/pkg/internal/controller.(*Controller[...]).processNextWorkItem\n\tsigs.k8s.io/controller-runtime@v0.20.4/pkg/internal/controller/controller.go:294\nsigs.k8s.io/controller-runtime/pkg/internal/controller.(*Controller[...]).Start.func2.2\n\tsigs.k8s.io/controller-runtime@v0.20.4/pkg/internal/controller/controller.go:255"}
{"level":"info","timestamp":"2026-02-27T06:21:14.123Z","msg":"AUDIT: Triggering restart of OpenTelemetry Collector","controller":"mdaihub","controllerGroup":"hub.mydecisive.ai","controllerKind":"MdaiHub","MdaiHub":{"name":"mdaihub","namespace":"mdai"},"namespace":"mdai","name":"mdaihub","reconcileID":"e8452938-3702-4ca0-b388-3be1784ffae9","mdai-logstream":"audit","type":"collector_restart","timestamp":"2026-02-27T06:21:14Z","hub_name":"mdaihub","FIELDS_TO_REDACT":"","FIELDS_TO_HASH":""}
{"level":"info","timestamp":"2026-02-27T06:21:14.127Z","msg":"Status set to done for mdai hub","controller":"mdaihub","controllerGroup":"hub.mydecisive.ai","controllerKind":"MdaiHub","MdaiHub":{"name":"mdaihub","namespace":"mdai"},"namespace":"mdai","name":"mdaihub","reconcileID":"e8452938-3702-4ca0-b388-3be1784ffae9","mdaiHub":"mdaihub"}
{"level":"info","timestamp":"2026-02-27T06:21:14.127Z","msg":"-- Finished MdaiHub reconciliation --","controller":"mdaihub","controllerGroup":"hub.mydecisive.ai","controllerKind":"MdaiHub","MdaiHub":{"name":"mdaihub","namespace":"mdai"},"namespace":"mdai","name":"mdaihub","reconcileID":"e8452938-3702-4ca0-b388-3be1784ffae9"}
{"level":"info","timestamp":"2026-02-27T06:21:14.247Z","logger":"mdaihub-resource","msg":"Defaulting for MdaiHub","name":"mdaihub"}
{"level":"info","timestamp":"2026-02-27T06:21:14.248Z","logger":"mdaihub-resource","msg":"Validation for MdaiHub upon update","name":"mdaihub"}
{"level":"info","timestamp":"2026-02-27T06:21:14.249Z","msg":"-- Starting MdaiHub reconciliation --","controller":"mdaihub","controllerGroup":"hub.mydecisive.ai","controllerKind":"MdaiHub","MdaiHub":{"name":"mdaihub","namespace":"mdai"},"namespace":"mdai","name":"mdaihub","reconcileID":"46f02e3c-ad4f-4689-9bfd-c4e4a2a69f93","namespace":{"name":"mdaihub","namespace":"mdai"},"name":"mdaihub"}
{"level":"info","timestamp":"2026-02-27T06:21:14.249Z","msg":"EnsurePrometheusRuleSynchronized","controller":"mdaihub","controllerGroup":"hub.mydecisive.ai","controllerKind":"MdaiHub","MdaiHub":{"name":"mdaihub","namespace":"mdai"},"namespace":"mdai","name":"mdaihub","reconcileID":"46f02e3c-ad4f-4689-9bfd-c4e4a2a69f93"}
{"level":"info","timestamp":"2026-02-27T06:21:14.249Z","msg":"No evaluations found, skipping PrometheusRule creation","controller":"mdaihub","controllerGroup":"hub.mydecisive.ai","controllerKind":"MdaiHub","MdaiHub":{"name":"mdaihub","namespace":"mdai"},"namespace":"mdai","name":"mdaihub","reconcileID":"46f02e3c-ad4f-4689-9bfd-c4e4a2a69f93"}
{"level":"info","timestamp":"2026-02-27T06:21:14.249Z","msg":"No automations defined in the MDAI CR","controller":"mdaihub","controllerGroup":"hub.mydecisive.ai","controllerKind":"MdaiHub","MdaiHub":{"name":"mdaihub","namespace":"mdai"},"namespace":"mdai","name":"mdaihub","reconcileID":"46f02e3c-ad4f-4689-9bfd-c4e4a2a69f93","name":"mdaihub"}
{"level":"info","timestamp":"2026-02-27T06:21:14.249Z","msg":"Deleting ConfigMap","controller":"mdaihub","controllerGroup":"hub.mydecisive.ai","controllerKind":"MdaiHub","MdaiHub":{"name":"mdaihub","namespace":"mdai"},"namespace":"mdai","name":"mdaihub","reconcileID":"46f02e3c-ad4f-4689-9bfd-c4e4a2a69f93","name":"mdaihub-automation","namespace":"mdai"}
{"level":"info","timestamp":"2026-02-27T06:21:14.249Z","msg":"ConfigMap not found, skipping deletion","controller":"mdaihub","controllerGroup":"hub.mydecisive.ai","controllerKind":"MdaiHub","MdaiHub":{"name":"mdaihub","namespace":"mdai"},"namespace":"mdai","name":"mdaihub","reconcileID":"46f02e3c-ad4f-4689-9bfd-c4e4a2a69f93","name":"mdaihub-automation","namespace":"mdai"}
{"level":"info","timestamp":"2026-02-27T06:21:14.250Z","msg":"No variables found in the CR, skipping variable synchronization","controller":"mdaihub","controllerGroup":"hub.mydecisive.ai","controllerKind":"MdaiHub","MdaiHub":{"name":"mdaihub","namespace":"mdai"},"namespace":"mdai","name":"mdaihub","reconcileID":"46f02e3c-ad4f-4689-9bfd-c4e4a2a69f93"}
{"level":"info","timestamp":"2026-02-27T06:21:14.251Z","msg":"Status set to done for mdai hub","controller":"mdaihub","controllerGroup":"hub.mydecisive.ai","controllerKind":"MdaiHub","MdaiHub":{"name":"mdaihub","namespace":"mdai"},"namespace":"mdai","name":"mdaihub","reconcileID":"46f02e3c-ad4f-4689-9bfd-c4e4a2a69f93","mdaiHub":"mdaihub"}
{"level":"info","timestamp":"2026-02-27T06:21:14.251Z","msg":"-- Finished MdaiHub reconciliation --","controller":"mdaihub","controllerGroup":"hub.mydecisive.ai","controllerKind":"MdaiHub","MdaiHub":{"name":"mdaihub","namespace":"mdai"},"namespace":"mdai","name":"mdaihub","reconcileID":"46f02e3c-ad4f-4689-9bfd-c4e4a2a69f93"}
{"level":"info","timestamp":"2026-02-27T06:21:32.210Z","logger":"mdaiobserver-resource","msg":"Validation for MdaiObserver upon update","name":"dynamic-filtration"}
{"level":"info","timestamp":"2026-02-27T06:21:32.227Z","logger":"mdaihub-resource","msg":"Defaulting for MdaiHub","name":"mdaihub"}
{"level":"info","timestamp":"2026-02-27T06:21:32.228Z","logger":"mdaihub-resource","msg":"Validation for MdaiHub upon update","name":"mdaihub"}
{"level":"info","timestamp":"2026-02-27T06:21:32.230Z","msg":"-- Starting MdaiHub reconciliation --","controller":"mdaihub","controllerGroup":"hub.mydecisive.ai","controllerKind":"MdaiHub","MdaiHub":{"name":"mdaihub","namespace":"mdai"},"namespace":"mdai","name":"mdaihub","reconcileID":"f423c732-5f7f-45d2-b703-43ddf3c3b6d5","namespace":{"name":"mdaihub","namespace":"mdai"},"name":"mdaihub"}
{"level":"info","timestamp":"2026-02-27T06:21:32.230Z","msg":"EnsurePrometheusRuleSynchronized","controller":"mdaihub","controllerGroup":"hub.mydecisive.ai","controllerKind":"MdaiHub","MdaiHub":{"name":"mdaihub","namespace":"mdai"},"namespace":"mdai","name":"mdaihub","reconcileID":"f423c732-5f7f-45d2-b703-43ddf3c3b6d5"}
{"level":"info","timestamp":"2026-02-27T06:21:32.234Z","msg":"Created new PrometheusRule","controller":"mdaihub","controllerGroup":"hub.mydecisive.ai","controllerKind":"MdaiHub","MdaiHub":{"name":"mdaihub","namespace":"mdai"},"namespace":"mdai","name":"mdaihub","reconcileID":"f423c732-5f7f-45d2-b703-43ddf3c3b6d5","prometheus_rule_name":"mdai-mdaihub-alert-rules"}
{"level":"info","timestamp":"2026-02-27T06:21:32.239Z","msg":"Creating or updating ConfigMap for automations","controller":"mdaihub","controllerGroup":"hub.mydecisive.ai","controllerKind":"MdaiHub","MdaiHub":{"name":"mdaihub","namespace":"mdai"},"namespace":"mdai","name":"mdaihub","reconcileID":"f423c732-5f7f-45d2-b703-43ddf3c3b6d5","name":"mdaihub"}
{"level":"info","timestamp":"2026-02-27T06:21:32.241Z","msg":"<CreateFunc> mdaihub-automation ignored"}
{"level":"info","timestamp":"2026-02-27T06:21:32.241Z","msg":"Successfully created or updated ConfigMap","controller":"mdaihub","controllerGroup":"hub.mydecisive.ai","controllerKind":"MdaiHub","MdaiHub":{"name":"mdaihub","namespace":"mdai"},"namespace":"mdai","name":"mdaihub","reconcileID":"f423c732-5f7f-45d2-b703-43ddf3c3b6d5","name":"mdaihub-automation","namespace":"mdai","operation":"created"}
{"level":"info","timestamp":"2026-02-27T06:21:32.241Z","msg":"Successfully created ConfigMap for automations","controller":"mdaihub","controllerGroup":"hub.mydecisive.ai","controllerKind":"MdaiHub","MdaiHub":{"name":"mdaihub","namespace":"mdai"},"namespace":"mdai","name":"mdaihub","reconcileID":"f423c732-5f7f-45d2-b703-43ddf3c3b6d5","name":"mdaihub"}
{"level":"info","timestamp":"2026-02-27T06:21:32.241Z","msg":"Processing variable","controller":"mdaihub","controllerGroup":"hub.mydecisive.ai","controllerKind":"MdaiHub","MdaiHub":{"name":"mdaihub","namespace":"mdai"},"namespace":"mdai","name":"mdaihub","reconcileID":"f423c732-5f7f-45d2-b703-43ddf3c3b6d5","key":"service_list"}
{"level":"info","timestamp":"2026-02-27T06:21:32.241Z","msg":"Data received for variable/mdaihub/service_list: []"}
{"level":"info","timestamp":"2026-02-27T06:21:32.241Z","msg":"Processing variable","controller":"mdaihub","controllerGroup":"hub.mydecisive.ai","controllerKind":"MdaiHub","MdaiHub":{"name":"mdaihub","namespace":"mdai"},"namespace":"mdai","name":"mdaihub","reconcileID":"f423c732-5f7f-45d2-b703-43ddf3c3b6d5","key":"alerting_data_type"}
{"level":"info","timestamp":"2026-02-27T06:21:32.241Z","msg":"No value found in storage","key":"variable/mdaihub/alerting_data_type"}
{"level":"info","timestamp":"2026-02-27T06:21:32.241Z","msg":"Processing variable","controller":"mdaihub","controllerGroup":"hub.mydecisive.ai","controllerKind":"MdaiHub","MdaiHub":{"name":"mdaihub","namespace":"mdai"},"namespace":"mdai","name":"mdaihub","reconcileID":"f423c732-5f7f-45d2-b703-43ddf3c3b6d5","key":"alerting_triggered"}
{"level":"info","timestamp":"2026-02-27T06:21:32.241Z","msg":"No value found in storage","key":"variable/mdaihub/alerting_triggered"}
{"level":"info","timestamp":"2026-02-27T06:21:32.241Z","msg":"Deleting old valkey keys","controller":"mdaihub","controllerGroup":"hub.mydecisive.ai","controllerKind":"MdaiHub","MdaiHub":{"name":"mdaihub","namespace":"mdai"},"namespace":"mdai","name":"mdaihub","reconcileID":"f423c732-5f7f-45d2-b703-43ddf3c3b6d5","valkeyKeysToKeep":{"alerting_data_type":{},"alerting_triggered":{},"service_list":{}}}
{"level":"info","timestamp":"2026-02-27T06:21:32.241Z","msg":"No manual variables defined in the MDAI CR","controller":"mdaihub","controllerGroup":"hub.mydecisive.ai","controllerKind":"MdaiHub","MdaiHub":{"name":"mdaihub","namespace":"mdai"},"namespace":"mdai","name":"mdaihub","reconcileID":"f423c732-5f7f-45d2-b703-43ddf3c3b6d5","name":"mdaihub"}
{"level":"info","timestamp":"2026-02-27T06:21:32.241Z","msg":"Deleting ConfigMap","controller":"mdaihub","controllerGroup":"hub.mydecisive.ai","controllerKind":"MdaiHub","MdaiHub":{"name":"mdaihub","namespace":"mdai"},"namespace":"mdai","name":"mdaihub","reconcileID":"f423c732-5f7f-45d2-b703-43ddf3c3b6d5","name":"mdaihub-manual-variables","namespace":"mdai"}
{"level":"info","timestamp":"2026-02-27T06:21:32.246Z","msg":"<DeleteFunc> mdaihub-manual-variables ignored"}
{"level":"info","timestamp":"2026-02-27T06:21:32.247Z","msg":"<UpdateFunc> mdaihub-variables shouldReconcile: false"}
{"level":"info","timestamp":"2026-02-27T06:21:32.248Z","msg":"Successfully created or updated ConfigMap","controller":"mdaihub","controllerGroup":"hub.mydecisive.ai","controllerKind":"MdaiHub","MdaiHub":{"name":"mdaihub","namespace":"mdai"},"namespace":"mdai","name":"mdaihub","reconcileID":"f423c732-5f7f-45d2-b703-43ddf3c3b6d5","name":"mdaihub-variables","namespace":"mdai","operation":"updated"}
{"level":"info","timestamp":"2026-02-27T06:21:32.248Z","msg":"Successfully created or updated ConfigMap","controller":"mdaihub","controllerGroup":"hub.mydecisive.ai","controllerKind":"MdaiHub","MdaiHub":{"name":"mdaihub","namespace":"mdai"},"namespace":"mdai","name":"mdaihub","reconcileID":"f423c732-5f7f-45d2-b703-43ddf3c3b6d5","name":"mdaihub-variables","namespace":"mdai","operation":"unchanged"}
{"level":"info","timestamp":"2026-02-27T06:21:32.248Z","msg":"Successfully created or updated ConfigMap","controller":"mdaihub","controllerGroup":"hub.mydecisive.ai","controllerKind":"MdaiHub","MdaiHub":{"name":"mdaihub","namespace":"mdai"},"namespace":"mdai","name":"mdaihub","reconcileID":"f423c732-5f7f-45d2-b703-43ddf3c3b6d5","name":"mdaihub-variables","namespace":"mdai","operation":"unchanged"}
{"level":"info","timestamp":"2026-02-27T06:21:32.248Z","msg":"Triggering restart of OpenTelemetry Collector","controller":"mdaihub","controllerGroup":"hub.mydecisive.ai","controllerKind":"MdaiHub","MdaiHub":{"name":"mdaihub","namespace":"mdai"},"namespace":"mdai","name":"mdaihub","reconcileID":"f423c732-5f7f-45d2-b703-43ddf3c3b6d5","name":"gateway-datadog"}
{"level":"warn","timestamp":"2026-02-27T06:21:32.256Z","msg":"VALKEY_AUDIT_STREAM_EXPIRY_MS is deprecated; use VALKEY_AUDIT_STREAM_RETENTION","retention":2592000,"stacktrace":"github.com/decisiveai/mdai-data-core/audit.getStreamRetention\n\tgithub.com/decisiveai/mdai-data-core@v0.2.9/audit/adapter.go:241\ngithub.com/decisiveai/mdai-data-core/audit.NewAuditAdapter\n\tgithub.com/decisiveai/mdai-data-core@v0.2.9/audit/adapter.go:54\ngithub.com/decisiveai/mdai-operator/internal/controller.HubAdapter.restartCollectorAndAudit\n\tgithub.com/decisiveai/mdai-operator/internal/controller/hub_adapter.go:427\ngithub.com/decisiveai/mdai-operator/internal/controller.HubAdapter.syncComputedConfigMapsAndRestart\n\tgithub.com/decisiveai/mdai-operator/internal/controller/hub_adapter.go:458\ngithub.com/decisiveai/mdai-operator/internal/controller.HubAdapter.ensureVariableSynchronized\n\tgithub.com/decisiveai/mdai-operator/internal/controller/hub_adapter.go:507\ngithub.com/decisiveai/mdai-operator/internal/controller.(*MdaiHubReconciler).ReconcileHandler\n\tgithub.com/decisiveai/mdai-operator/internal/controller/mdaihub_controller.go:113\ngithub.com/decisiveai/mdai-operator/internal/controller.(*MdaiHubReconciler).Reconcile\n\tgithub.com/decisiveai/mdai-operator/internal/controller/mdaihub_controller.go:87\nsigs.k8s.io/controller-runtime/pkg/internal/controller.(*Controller[...]).Reconcile\n\tsigs.k8s.io/controller-runtime@v0.20.4/pkg/internal/controller/controller.go:119\nsigs.k8s.io/controller-runtime/pkg/internal/controller.(*Controller[...]).reconcileHandler\n\tsigs.k8s.io/controller-runtime@v0.20.4/pkg/internal/controller/controller.go:334\nsigs.k8s.io/controller-runtime/pkg/internal/controller.(*Controller[...]).processNextWorkItem\n\tsigs.k8s.io/controller-runtime@v0.20.4/pkg/internal/controller/controller.go:294\nsigs.k8s.io/controller-runtime/pkg/internal/controller.(*Controller[...]).Start.func2.2\n\tsigs.k8s.io/controller-runtime@v0.20.4/pkg/internal/controller/controller.go:255"}
{"level":"info","timestamp":"2026-02-27T06:21:32.256Z","msg":"AUDIT: Triggering restart of OpenTelemetry Collector","controller":"mdaihub","controllerGroup":"hub.mydecisive.ai","controllerKind":"MdaiHub","MdaiHub":{"name":"mdaihub","namespace":"mdai"},"namespace":"mdai","name":"mdaihub","reconcileID":"f423c732-5f7f-45d2-b703-43ddf3c3b6d5","mdai-logstream":"audit","type":"collector_restart","timestamp":"2026-02-27T06:21:32Z","hub_name":"mdaihub","SERVICE_LIST_REGEX":""}
{"level":"info","timestamp":"2026-02-27T06:21:32.257Z","msg":"Triggering restart of OpenTelemetry Collector","controller":"mdaihub","controllerGroup":"hub.mydecisive.ai","controllerKind":"MdaiHub","MdaiHub":{"name":"mdaihub","namespace":"mdai"},"namespace":"mdai","name":"mdaihub","reconcileID":"f423c732-5f7f-45d2-b703-43ddf3c3b6d5","name":"gateway-dynamic-filtration"}
{"level":"warn","timestamp":"2026-02-27T06:21:32.265Z","msg":"VALKEY_AUDIT_STREAM_EXPIRY_MS is deprecated; use VALKEY_AUDIT_STREAM_RETENTION","retention":2592000,"stacktrace":"github.com/decisiveai/mdai-data-core/audit.getStreamRetention\n\tgithub.com/decisiveai/mdai-data-core@v0.2.9/audit/adapter.go:241\ngithub.com/decisiveai/mdai-data-core/audit.NewAuditAdapter\n\tgithub.com/decisiveai/mdai-data-core@v0.2.9/audit/adapter.go:54\ngithub.com/decisiveai/mdai-operator/internal/controller.HubAdapter.restartCollectorAndAudit\n\tgithub.com/decisiveai/mdai-operator/internal/controller/hub_adapter.go:427\ngithub.com/decisiveai/mdai-operator/internal/controller.HubAdapter.syncComputedConfigMapsAndRestart\n\tgithub.com/decisiveai/mdai-operator/internal/controller/hub_adapter.go:458\ngithub.com/decisiveai/mdai-operator/internal/controller.HubAdapter.ensureVariableSynchronized\n\tgithub.com/decisiveai/mdai-operator/internal/controller/hub_adapter.go:507\ngithub.com/decisiveai/mdai-operator/internal/controller.(*MdaiHubReconciler).ReconcileHandler\n\tgithub.com/decisiveai/mdai-operator/internal/controller/mdaihub_controller.go:113\ngithub.com/decisiveai/mdai-operator/internal/controller.(*MdaiHubReconciler).Reconcile\n\tgithub.com/decisiveai/mdai-operator/internal/controller/mdaihub_controller.go:87\nsigs.k8s.io/controller-runtime/pkg/internal/controller.(*Controller[...]).Reconcile\n\tsigs.k8s.io/controller-runtime@v0.20.4/pkg/internal/controller/controller.go:119\nsigs.k8s.io/controller-runtime/pkg/internal/controller.(*Controller[...]).reconcileHandler\n\tsigs.k8s.io/controller-runtime@v0.20.4/pkg/internal/controller/controller.go:334\nsigs.k8s.io/controller-runtime/pkg/internal/controller.(*Controller[...]).processNextWorkItem\n\tsigs.k8s.io/controller-runtime@v0.20.4/pkg/internal/controller/controller.go:294\nsigs.k8s.io/controller-runtime/pkg/internal/controller.(*Controller[...]).Start.func2.2\n\tsigs.k8s.io/controller-runtime@v0.20.4/pkg/internal/controller/controller.go:255"}
{"level":"info","timestamp":"2026-02-27T06:21:32.265Z","msg":"AUDIT: Triggering restart of OpenTelemetry Collector","controller":"mdaihub","controllerGroup":"hub.mydecisive.ai","controllerKind":"MdaiHub","MdaiHub":{"name":"mdaihub","namespace":"mdai"},"namespace":"mdai","name":"mdaihub","reconcileID":"f423c732-5f7f-45d2-b703-43ddf3c3b6d5","mdai-logstream":"audit","type":"collector_restart","timestamp":"2026-02-27T06:21:32Z","hub_name":"mdaihub","SERVICE_LIST_REGEX":""}
{"level":"info","timestamp":"2026-02-27T06:21:32.266Z","msg":"Triggering restart of OpenTelemetry Collector","controller":"mdaihub","controllerGroup":"hub.mydecisive.ai","controllerKind":"MdaiHub","MdaiHub":{"name":"mdaihub","namespace":"mdai"},"namespace":"mdai","name":"mdaihub","reconcileID":"f423c732-5f7f-45d2-b703-43ddf3c3b6d5","name":"gateway-pii"}
{"level":"warn","timestamp":"2026-02-27T06:21:32.279Z","msg":"VALKEY_AUDIT_STREAM_EXPIRY_MS is deprecated; use VALKEY_AUDIT_STREAM_RETENTION","retention":2592000,"stacktrace":"github.com/decisiveai/mdai-data-core/audit.getStreamRetention\n\tgithub.com/decisiveai/mdai-data-core@v0.2.9/audit/adapter.go:241\ngithub.com/decisiveai/mdai-data-core/audit.NewAuditAdapter\n\tgithub.com/decisiveai/mdai-data-core@v0.2.9/audit/adapter.go:54\ngithub.com/decisiveai/mdai-operator/internal/controller.HubAdapter.restartCollectorAndAudit\n\tgithub.com/decisiveai/mdai-operator/internal/controller/hub_adapter.go:427\ngithub.com/decisiveai/mdai-operator/internal/controller.HubAdapter.syncComputedConfigMapsAndRestart\n\tgithub.com/decisiveai/mdai-operator/internal/controller/hub_adapter.go:458\ngithub.com/decisiveai/mdai-operator/internal/controller.HubAdapter.ensureVariableSynchronized\n\tgithub.com/decisiveai/mdai-operator/internal/controller/hub_adapter.go:507\ngithub.com/decisiveai/mdai-operator/internal/controller.(*MdaiHubReconciler).ReconcileHandler\n\tgithub.com/decisiveai/mdai-operator/internal/controller/mdaihub_controller.go:113\ngithub.com/decisiveai/mdai-operator/internal/controller.(*MdaiHubReconciler).Reconcile\n\tgithub.com/decisiveai/mdai-operator/internal/controller/mdaihub_controller.go:87\nsigs.k8s.io/controller-runtime/pkg/internal/controller.(*Controller[...]).Reconcile\n\tsigs.k8s.io/controller-runtime@v0.20.4/pkg/internal/controller/controller.go:119\nsigs.k8s.io/controller-runtime/pkg/internal/controller.(*Controller[...]).reconcileHandler\n\tsigs.k8s.io/controller-runtime@v0.20.4/pkg/internal/controller/controller.go:334\nsigs.k8s.io/controller-runtime/pkg/internal/controller.(*Controller[...]).processNextWorkItem\n\tsigs.k8s.io/controller-runtime@v0.20.4/pkg/internal/controller/controller.go:294\nsigs.k8s.io/controller-runtime/pkg/internal/controller.(*Controller[...]).Start.func2.2\n\tsigs.k8s.io/controller-runtime@v0.20.4/pkg/internal/controller/controller.go:255"}
{"level":"info","timestamp":"2026-02-27T06:21:32.280Z","msg":"AUDIT: Triggering restart of OpenTelemetry Collector","controller":"mdaihub","controllerGroup":"hub.mydecisive.ai","controllerKind":"MdaiHub","MdaiHub":{"name":"mdaihub","namespace":"mdai"},"namespace":"mdai","name":"mdaihub","reconcileID":"f423c732-5f7f-45d2-b703-43ddf3c3b6d5","mdai-logstream":"audit","type":"collector_restart","timestamp":"2026-02-27T06:21:32Z","hub_name":"mdaihub","SERVICE_LIST_REGEX":""}
{"level":"info","timestamp":"2026-02-27T06:21:32.283Z","msg":"Status set to done for mdai hub","controller":"mdaihub","controllerGroup":"hub.mydecisive.ai","controllerKind":"MdaiHub","MdaiHub":{"name":"mdaihub","namespace":"mdai"},"namespace":"mdai","name":"mdaihub","reconcileID":"f423c732-5f7f-45d2-b703-43ddf3c3b6d5","mdaiHub":"mdaihub"}
{"level":"info","timestamp":"2026-02-27T06:21:32.283Z","msg":"-- Finished MdaiHub reconciliation --","controller":"mdaihub","controllerGroup":"hub.mydecisive.ai","controllerKind":"MdaiHub","MdaiHub":{"name":"mdaihub","namespace":"mdai"},"namespace":"mdai","name":"mdaihub","reconcileID":"f423c732-5f7f-45d2-b703-43ddf3c3b6d5"}
{"level":"info","timestamp":"2026-02-27T06:21:33.543Z","logger":"mdaihub-resource","msg":"Defaulting for MdaiHub","name":"mdaihub"}
{"level":"info","timestamp":"2026-02-27T06:21:33.544Z","logger":"mdaihub-resource","msg":"Validation for MdaiHub upon update","name":"mdaihub"}
{"level":"info","timestamp":"2026-02-27T06:21:35.049Z","logger":"mdaihub-resource","msg":"Defaulting for MdaiHub","name":"mdaihub"}
{"level":"info","timestamp":"2026-02-27T06:21:35.051Z","logger":"mdaihub-resource","msg":"Validation for MdaiHub upon update","name":"mdaihub"}
{"level":"info","timestamp":"2026-02-27T06:21:41.068Z","logger":"mdaihub-resource","msg":"Defaulting for MdaiHub","name":"mdaihub"}
{"level":"info","timestamp":"2026-02-27T06:21:41.069Z","logger":"mdaihub-resource","msg":"Validation for MdaiHub upon update","name":"mdaihub"}
{"level":"info","timestamp":"2026-02-27T06:21:50.390Z","logger":"mdaiobserver-resource","msg":"Validation for MdaiObserver upon update","name":"dynamic-filtration"}
{"level":"info","timestamp":"2026-02-27T06:21:50.408Z","logger":"mdaihub-resource","msg":"Defaulting for MdaiHub","name":"mdaihub"}
{"level":"info","timestamp":"2026-02-27T06:21:50.409Z","logger":"mdaihub-resource","msg":"Validation for MdaiHub upon update","name":"mdaihub"}
{"level":"info","timestamp":"2026-02-27T06:21:50.745Z","logger":"mdaihub-resource","msg":"Defaulting for MdaiHub","name":"mdaihub"}
{"level":"info","timestamp":"2026-02-27T06:21:50.746Z","logger":"mdaihub-resource","msg":"Validation for MdaiHub upon update","name":"mdaihub"}
{"level":"info","timestamp":"2026-02-27T06:21:52.078Z","logger":"mdaihub-resource","msg":"Defaulting for MdaiHub","name":"mdaihub"}
{"level":"info","timestamp":"2026-02-27T06:21:52.079Z","logger":"mdaihub-resource","msg":"Validation for MdaiHub upon update","name":"mdaihub"}
{"level":"info","timestamp":"2026-02-27T06:21:58.066Z","logger":"mdaihub-resource","msg":"Defaulting for MdaiHub","name":"mdaihub"}
{"level":"info","timestamp":"2026-02-27T06:21:58.068Z","logger":"mdaihub-resource","msg":"Validation for MdaiHub upon update","name":"mdaihub"}
{"level":"info","timestamp":"2026-02-27T06:22:00.398Z","logger":"mdaihub-resource","msg":"Defaulting for MdaiHub","name":"mdaihub"}
{"level":"info","timestamp":"2026-02-27T06:22:00.399Z","logger":"mdaihub-resource","msg":"Validation for MdaiHub upon update","name":"mdaihub"}
{"level":"info","timestamp":"2026-02-27T06:22:00.401Z","msg":"-- Starting MdaiHub reconciliation --","controller":"mdaihub","controllerGroup":"hub.mydecisive.ai","controllerKind":"MdaiHub","MdaiHub":{"name":"mdaihub","namespace":"mdai"},"namespace":"mdai","name":"mdaihub","reconcileID":"075f5507-09e4-46c5-9dfb-62e0d58e8b49","namespace":{"name":"mdaihub","namespace":"mdai"},"name":"mdaihub"}
{"level":"info","timestamp":"2026-02-27T06:22:00.401Z","msg":"EnsurePrometheusRuleSynchronized","controller":"mdaihub","controllerGroup":"hub.mydecisive.ai","controllerKind":"MdaiHub","MdaiHub":{"name":"mdaihub","namespace":"mdai"},"namespace":"mdai","name":"mdaihub","reconcileID":"075f5507-09e4-46c5-9dfb-62e0d58e8b49"}
{"level":"info","timestamp":"2026-02-27T06:22:00.401Z","msg":"No evaluations found, skipping PrometheusRule creation","controller":"mdaihub","controllerGroup":"hub.mydecisive.ai","controllerKind":"MdaiHub","MdaiHub":{"name":"mdaihub","namespace":"mdai"},"namespace":"mdai","name":"mdaihub","reconcileID":"075f5507-09e4-46c5-9dfb-62e0d58e8b49"}
{"level":"info","timestamp":"2026-02-27T06:22:00.401Z","msg":"Removing existing rules","controller":"mdaihub","controllerGroup":"hub.mydecisive.ai","controllerKind":"MdaiHub","MdaiHub":{"name":"mdaihub","namespace":"mdai"},"namespace":"mdai","name":"mdaihub","reconcileID":"075f5507-09e4-46c5-9dfb-62e0d58e8b49"}
{"level":"info","timestamp":"2026-02-27T06:22:00.404Z","msg":"Deleted PrometheusRule","controller":"mdaihub","controllerGroup":"hub.mydecisive.ai","controllerKind":"MdaiHub","MdaiHub":{"name":"mdaihub","namespace":"mdai"},"namespace":"mdai","name":"mdaihub","reconcileID":"075f5507-09e4-46c5-9dfb-62e0d58e8b49","prometheus_rule_name":"mdai-mdaihub-alert-rules"}
{"level":"info","timestamp":"2026-02-27T06:22:00.404Z","msg":"No automations defined in the MDAI CR","controller":"mdaihub","controllerGroup":"hub.mydecisive.ai","controllerKind":"MdaiHub","MdaiHub":{"name":"mdaihub","namespace":"mdai"},"namespace":"mdai","name":"mdaihub","reconcileID":"075f5507-09e4-46c5-9dfb-62e0d58e8b49","name":"mdaihub"}
{"level":"info","timestamp":"2026-02-27T06:22:00.404Z","msg":"Deleting ConfigMap","controller":"mdaihub","controllerGroup":"hub.mydecisive.ai","controllerKind":"MdaiHub","MdaiHub":{"name":"mdaihub","namespace":"mdai"},"namespace":"mdai","name":"mdaihub","reconcileID":"075f5507-09e4-46c5-9dfb-62e0d58e8b49","name":"mdaihub-automation","namespace":"mdai"}
{"level":"info","timestamp":"2026-02-27T06:22:00.406Z","msg":"<DeleteFunc> mdaihub-automation ignored"}
{"level":"info","timestamp":"2026-02-27T06:22:00.407Z","msg":"Processing variable","controller":"mdaihub","controllerGroup":"hub.mydecisive.ai","controllerKind":"MdaiHub","MdaiHub":{"name":"mdaihub","namespace":"mdai"},"namespace":"mdai","name":"mdaihub","reconcileID":"075f5507-09e4-46c5-9dfb-62e0d58e8b49","key":"fields_to_redact"}
{"level":"info","timestamp":"2026-02-27T06:22:00.407Z","msg":"Data received for variable/mdaihub/fields_to_redact: []"}
{"level":"info","timestamp":"2026-02-27T06:22:00.407Z","msg":"Processing variable","controller":"mdaihub","controllerGroup":"hub.mydecisive.ai","controllerKind":"MdaiHub","MdaiHub":{"name":"mdaihub","namespace":"mdai"},"namespace":"mdai","name":"mdaihub","reconcileID":"075f5507-09e4-46c5-9dfb-62e0d58e8b49","key":"fields_to_hash"}
{"level":"info","timestamp":"2026-02-27T06:22:00.408Z","msg":"Data received for variable/mdaihub/fields_to_hash: []"}
{"level":"info","timestamp":"2026-02-27T06:22:00.408Z","msg":"Processing variable","controller":"mdaihub","controllerGroup":"hub.mydecisive.ai","controllerKind":"MdaiHub","MdaiHub":{"name":"mdaihub","namespace":"mdai"},"namespace":"mdai","name":"mdaihub","reconcileID":"075f5507-09e4-46c5-9dfb-62e0d58e8b49","key":"email_regex"}
{"level":"info","timestamp":"2026-02-27T06:22:00.408Z","msg":"No value found in storage","key":"variable/mdaihub/email_regex"}
{"level":"info","timestamp":"2026-02-27T06:22:00.408Z","msg":"Processing variable","controller":"mdaihub","controllerGroup":"hub.mydecisive.ai","controllerKind":"MdaiHub","MdaiHub":{"name":"mdaihub","namespace":"mdai"},"namespace":"mdai","name":"mdaihub","reconcileID":"075f5507-09e4-46c5-9dfb-62e0d58e8b49","key":"cc_regex"}
{"level":"info","timestamp":"2026-02-27T06:22:00.408Z","msg":"No value found in storage","key":"variable/mdaihub/cc_regex"}
{"level":"info","timestamp":"2026-02-27T06:22:00.408Z","msg":"Processing variable","controller":"mdaihub","controllerGroup":"hub.mydecisive.ai","controllerKind":"MdaiHub","MdaiHub":{"name":"mdaihub","namespace":"mdai"},"namespace":"mdai","name":"mdaihub","reconcileID":"075f5507-09e4-46c5-9dfb-62e0d58e8b49","key":"phone_regex"}
{"level":"info","timestamp":"2026-02-27T06:22:00.408Z","msg":"No value found in storage","key":"variable/mdaihub/phone_regex"}
{"level":"info","timestamp":"2026-02-27T06:22:00.408Z","msg":"Processing variable","controller":"mdaihub","controllerGroup":"hub.mydecisive.ai","controllerKind":"MdaiHub","MdaiHub":{"name":"mdaihub","namespace":"mdai"},"namespace":"mdai","name":"mdaihub","reconcileID":"075f5507-09e4-46c5-9dfb-62e0d58e8b49","key":"address_regex"}
{"level":"info","timestamp":"2026-02-27T06:22:00.408Z","msg":"No value found in storage","key":"variable/mdaihub/address_regex"}
{"level":"info","timestamp":"2026-02-27T06:22:00.408Z","msg":"Processing variable","controller":"mdaihub","controllerGroup":"hub.mydecisive.ai","controllerKind":"MdaiHub","MdaiHub":{"name":"mdaihub","namespace":"mdai"},"namespace":"mdai","name":"mdaihub","reconcileID":"075f5507-09e4-46c5-9dfb-62e0d58e8b49","key":"ssn_regex"}
{"level":"info","timestamp":"2026-02-27T06:22:00.408Z","msg":"No value found in storage","key":"variable/mdaihub/ssn_regex"}
{"level":"info","timestamp":"2026-02-27T06:22:00.408Z","msg":"Processing variable","controller":"mdaihub","controllerGroup":"hub.mydecisive.ai","controllerKind":"MdaiHub","MdaiHub":{"name":"mdaihub","namespace":"mdai"},"namespace":"mdai","name":"mdaihub","reconcileID":"075f5507-09e4-46c5-9dfb-62e0d58e8b49","key":"name_regex"}
{"level":"info","timestamp":"2026-02-27T06:22:00.408Z","msg":"No value found in storage","key":"variable/mdaihub/name_regex"}
{"level":"info","timestamp":"2026-02-27T06:22:00.408Z","msg":"Processing variable","controller":"mdaihub","controllerGroup":"hub.mydecisive.ai","controllerKind":"MdaiHub","MdaiHub":{"name":"mdaihub","namespace":"mdai"},"namespace":"mdai","name":"mdaihub","reconcileID":"075f5507-09e4-46c5-9dfb-62e0d58e8b49","key":"email_template"}
{"level":"info","timestamp":"2026-02-27T06:22:00.408Z","msg":"No value found in storage","key":"variable/mdaihub/email_template"}
{"level":"info","timestamp":"2026-02-27T06:22:00.408Z","msg":"Processing variable","controller":"mdaihub","controllerGroup":"hub.mydecisive.ai","controllerKind":"MdaiHub","MdaiHub":{"name":"mdaihub","namespace":"mdai"},"namespace":"mdai","name":"mdaihub","reconcileID":"075f5507-09e4-46c5-9dfb-62e0d58e8b49","key":"cc_template"}
{"level":"info","timestamp":"2026-02-27T06:22:00.408Z","msg":"No value found in storage","key":"variable/mdaihub/cc_template"}
{"level":"info","timestamp":"2026-02-27T06:22:00.408Z","msg":"Processing variable","controller":"mdaihub","controllerGroup":"hub.mydecisive.ai","controllerKind":"MdaiHub","MdaiHub":{"name":"mdaihub","namespace":"mdai"},"namespace":"mdai","name":"mdaihub","reconcileID":"075f5507-09e4-46c5-9dfb-62e0d58e8b49","key":"phone_template"}
{"level":"info","timestamp":"2026-02-27T06:22:00.409Z","msg":"No value found in storage","key":"variable/mdaihub/phone_template"}
{"level":"info","timestamp":"2026-02-27T06:22:00.409Z","msg":"Processing variable","controller":"mdaihub","controllerGroup":"hub.mydecisive.ai","controllerKind":"MdaiHub","MdaiHub":{"name":"mdaihub","namespace":"mdai"},"namespace":"mdai","name":"mdaihub","reconcileID":"075f5507-09e4-46c5-9dfb-62e0d58e8b49","key":"address_template"}
{"level":"info","timestamp":"2026-02-27T06:22:00.409Z","msg":"No value found in storage","key":"variable/mdaihub/address_template"}
{"level":"info","timestamp":"2026-02-27T06:22:00.409Z","msg":"Processing variable","controller":"mdaihub","controllerGroup":"hub.mydecisive.ai","controllerKind":"MdaiHub","MdaiHub":{"name":"mdaihub","namespace":"mdai"},"namespace":"mdai","name":"mdaihub","reconcileID":"075f5507-09e4-46c5-9dfb-62e0d58e8b49","key":"ssn_template"}
{"level":"info","timestamp":"2026-02-27T06:22:00.409Z","msg":"No value found in storage","key":"variable/mdaihub/ssn_template"}
{"level":"info","timestamp":"2026-02-27T06:22:00.409Z","msg":"Processing variable","controller":"mdaihub","controllerGroup":"hub.mydecisive.ai","controllerKind":"MdaiHub","MdaiHub":{"name":"mdaihub","namespace":"mdai"},"namespace":"mdai","name":"mdaihub","reconcileID":"075f5507-09e4-46c5-9dfb-62e0d58e8b49","key":"name_template"}
{"level":"info","timestamp":"2026-02-27T06:22:00.409Z","msg":"No value found in storage","key":"variable/mdaihub/name_template"}
{"level":"info","timestamp":"2026-02-27T06:22:00.409Z","msg":"Deleting old valkey keys","controller":"mdaihub","controllerGroup":"hub.mydecisive.ai","controllerKind":"MdaiHub","MdaiHub":{"name":"mdaihub","namespace":"mdai"},"namespace":"mdai","name":"mdaihub","reconcileID":"075f5507-09e4-46c5-9dfb-62e0d58e8b49","valkeyKeysToKeep":{"address_regex":{},"address_template":{},"cc_regex":{},"cc_template":{},"email_regex":{},"email_template":{},"fields_to_hash":{},"fields_to_redact":{},"name_regex":{},"name_template":{},"phone_regex":{},"phone_template":{},"ssn_regex":{},"ssn_template":{}}}
{"level":"info","timestamp":"2026-02-27T06:22:00.412Z","msg":"<CreateFunc> mdaihub-manual-variables ignored"}
{"level":"info","timestamp":"2026-02-27T06:22:00.412Z","msg":"Successfully created or updated ConfigMap","controller":"mdaihub","controllerGroup":"hub.mydecisive.ai","controllerKind":"MdaiHub","MdaiHub":{"name":"mdaihub","namespace":"mdai"},"namespace":"mdai","name":"mdaihub","reconcileID":"075f5507-09e4-46c5-9dfb-62e0d58e8b49","name":"mdaihub-manual-variables","namespace":"mdai","operation":"created"}
{"level":"info","timestamp":"2026-02-27T06:22:00.414Z","msg":"Successfully created or updated ConfigMap","controller":"mdaihub","controllerGroup":"hub.mydecisive.ai","controllerKind":"MdaiHub","MdaiHub":{"name":"mdaihub","namespace":"mdai"},"namespace":"mdai","name":"mdaihub","reconcileID":"075f5507-09e4-46c5-9dfb-62e0d58e8b49","name":"mdaihub-variables","namespace":"mdai","operation":"updated"}
{"level":"info","timestamp":"2026-02-27T06:22:00.414Z","msg":"Successfully created or updated ConfigMap","controller":"mdaihub","controllerGroup":"hub.mydecisive.ai","controllerKind":"MdaiHub","MdaiHub":{"name":"mdaihub","namespace":"mdai"},"namespace":"mdai","name":"mdaihub","reconcileID":"075f5507-09e4-46c5-9dfb-62e0d58e8b49","name":"mdaihub-variables","namespace":"mdai","operation":"unchanged"}
{"level":"info","timestamp":"2026-02-27T06:22:00.414Z","msg":"Successfully created or updated ConfigMap","controller":"mdaihub","controllerGroup":"hub.mydecisive.ai","controllerKind":"MdaiHub","MdaiHub":{"name":"mdaihub","namespace":"mdai"},"namespace":"mdai","name":"mdaihub","reconcileID":"075f5507-09e4-46c5-9dfb-62e0d58e8b49","name":"mdaihub-variables","namespace":"mdai","operation":"unchanged"}
{"level":"info","timestamp":"2026-02-27T06:22:00.414Z","msg":"Triggering restart of OpenTelemetry Collector","controller":"mdaihub","controllerGroup":"hub.mydecisive.ai","controllerKind":"MdaiHub","MdaiHub":{"name":"mdaihub","namespace":"mdai"},"namespace":"mdai","name":"mdaihub","reconcileID":"075f5507-09e4-46c5-9dfb-62e0d58e8b49","name":"gateway-datadog"}
{"level":"info","timestamp":"2026-02-27T06:22:00.414Z","msg":"<UpdateFunc> mdaihub-variables shouldReconcile: false"}
{"level":"warn","timestamp":"2026-02-27T06:22:00.422Z","msg":"VALKEY_AUDIT_STREAM_EXPIRY_MS is deprecated; use VALKEY_AUDIT_STREAM_RETENTION","retention":2592000,"stacktrace":"github.com/decisiveai/mdai-data-core/audit.getStreamRetention\n\tgithub.com/decisiveai/mdai-data-core@v0.2.9/audit/adapter.go:241\ngithub.com/decisiveai/mdai-data-core/audit.NewAuditAdapter\n\tgithub.com/decisiveai/mdai-data-core@v0.2.9/audit/adapter.go:54\ngithub.com/decisiveai/mdai-operator/internal/controller.HubAdapter.restartCollectorAndAudit\n\tgithub.com/decisiveai/mdai-operator/internal/controller/hub_adapter.go:427\ngithub.com/decisiveai/mdai-operator/internal/controller.HubAdapter.syncComputedConfigMapsAndRestart\n\tgithub.com/decisiveai/mdai-operator/internal/controller/hub_adapter.go:458\ngithub.com/decisiveai/mdai-operator/internal/controller.HubAdapter.ensureVariableSynchronized\n\tgithub.com/decisiveai/mdai-operator/internal/controller/hub_adapter.go:507\ngithub.com/decisiveai/mdai-operator/internal/controller.(*MdaiHubReconciler).ReconcileHandler\n\tgithub.com/decisiveai/mdai-operator/internal/controller/mdaihub_controller.go:113\ngithub.com/decisiveai/mdai-operator/internal/controller.(*MdaiHubReconciler).Reconcile\n\tgithub.com/decisiveai/mdai-operator/internal/controller/mdaihub_controller.go:87\nsigs.k8s.io/controller-runtime/pkg/internal/controller.(*Controller[...]).Reconcile\n\tsigs.k8s.io/controller-runtime@v0.20.4/pkg/internal/controller/controller.go:119\nsigs.k8s.io/controller-runtime/pkg/internal/controller.(*Controller[...]).reconcileHandler\n\tsigs.k8s.io/controller-runtime@v0.20.4/pkg/internal/controller/controller.go:334\nsigs.k8s.io/controller-runtime/pkg/internal/controller.(*Controller[...]).processNextWorkItem\n\tsigs.k8s.io/controller-runtime@v0.20.4/pkg/internal/controller/controller.go:294\nsigs.k8s.io/controller-runtime/pkg/internal/controller.(*Controller[...]).Start.func2.2\n\tsigs.k8s.io/controller-runtime@v0.20.4/pkg/internal/controller/controller.go:255"}
{"level":"info","timestamp":"2026-02-27T06:22:00.422Z","msg":"AUDIT: Triggering restart of OpenTelemetry Collector","controller":"mdaihub","controllerGroup":"hub.mydecisive.ai","controllerKind":"MdaiHub","MdaiHub":{"name":"mdaihub","namespace":"mdai"},"namespace":"mdai","name":"mdaihub","reconcileID":"075f5507-09e4-46c5-9dfb-62e0d58e8b49","mdai-logstream":"audit","timestamp":"2026-02-27T06:22:00Z","hub_name":"mdaihub","FIELDS_TO_REDACT":"","FIELDS_TO_HASH":"","type":"collector_restart"}
{"level":"info","timestamp":"2026-02-27T06:22:00.423Z","msg":"Triggering restart of OpenTelemetry Collector","controller":"mdaihub","controllerGroup":"hub.mydecisive.ai","controllerKind":"MdaiHub","MdaiHub":{"name":"mdaihub","namespace":"mdai"},"namespace":"mdai","name":"mdaihub","reconcileID":"075f5507-09e4-46c5-9dfb-62e0d58e8b49","name":"gateway-dynamic-filtration"}
{"level":"warn","timestamp":"2026-02-27T06:22:00.431Z","msg":"VALKEY_AUDIT_STREAM_EXPIRY_MS is deprecated; use VALKEY_AUDIT_STREAM_RETENTION","retention":2592000,"stacktrace":"github.com/decisiveai/mdai-data-core/audit.getStreamRetention\n\tgithub.com/decisiveai/mdai-data-core@v0.2.9/audit/adapter.go:241\ngithub.com/decisiveai/mdai-data-core/audit.NewAuditAdapter\n\tgithub.com/decisiveai/mdai-data-core@v0.2.9/audit/adapter.go:54\ngithub.com/decisiveai/mdai-operator/internal/controller.HubAdapter.restartCollectorAndAudit\n\tgithub.com/decisiveai/mdai-operator/internal/controller/hub_adapter.go:427\ngithub.com/decisiveai/mdai-operator/internal/controller.HubAdapter.syncComputedConfigMapsAndRestart\n\tgithub.com/decisiveai/mdai-operator/internal/controller/hub_adapter.go:458\ngithub.com/decisiveai/mdai-operator/internal/controller.HubAdapter.ensureVariableSynchronized\n\tgithub.com/decisiveai/mdai-operator/internal/controller/hub_adapter.go:507\ngithub.com/decisiveai/mdai-operator/internal/controller.(*MdaiHubReconciler).ReconcileHandler\n\tgithub.com/decisiveai/mdai-operator/internal/controller/mdaihub_controller.go:113\ngithub.com/decisiveai/mdai-operator/internal/controller.(*MdaiHubReconciler).Reconcile\n\tgithub.com/decisiveai/mdai-operator/internal/controller/mdaihub_controller.go:87\nsigs.k8s.io/controller-runtime/pkg/internal/controller.(*Controller[...]).Reconcile\n\tsigs.k8s.io/controller-runtime@v0.20.4/pkg/internal/controller/controller.go:119\nsigs.k8s.io/controller-runtime/pkg/internal/controller.(*Controller[...]).reconcileHandler\n\tsigs.k8s.io/controller-runtime@v0.20.4/pkg/internal/controller/controller.go:334\nsigs.k8s.io/controller-runtime/pkg/internal/controller.(*Controller[...]).processNextWorkItem\n\tsigs.k8s.io/controller-runtime@v0.20.4/pkg/internal/controller/controller.go:294\nsigs.k8s.io/controller-runtime/pkg/internal/controller.(*Controller[...]).Start.func2.2\n\tsigs.k8s.io/controller-runtime@v0.20.4/pkg/internal/controller/controller.go:255"}
{"level":"info","timestamp":"2026-02-27T06:22:00.431Z","msg":"AUDIT: Triggering restart of OpenTelemetry Collector","controller":"mdaihub","controllerGroup":"hub.mydecisive.ai","controllerKind":"MdaiHub","MdaiHub":{"name":"mdaihub","namespace":"mdai"},"namespace":"mdai","name":"mdaihub","reconcileID":"075f5507-09e4-46c5-9dfb-62e0d58e8b49","mdai-logstream":"audit","FIELDS_TO_REDACT":"","FIELDS_TO_HASH":"","type":"collector_restart","timestamp":"2026-02-27T06:22:00Z","hub_name":"mdaihub"}
{"level":"info","timestamp":"2026-02-27T06:22:00.432Z","msg":"Triggering restart of OpenTelemetry Collector","controller":"mdaihub","controllerGroup":"hub.mydecisive.ai","controllerKind":"MdaiHub","MdaiHub":{"name":"mdaihub","namespace":"mdai"},"namespace":"mdai","name":"mdaihub","reconcileID":"075f5507-09e4-46c5-9dfb-62e0d58e8b49","name":"gateway-pii"}
{"level":"warn","timestamp":"2026-02-27T06:22:00.440Z","msg":"VALKEY_AUDIT_STREAM_EXPIRY_MS is deprecated; use VALKEY_AUDIT_STREAM_RETENTION","retention":2592000,"stacktrace":"github.com/decisiveai/mdai-data-core/audit.getStreamRetention\n\tgithub.com/decisiveai/mdai-data-core@v0.2.9/audit/adapter.go:241\ngithub.com/decisiveai/mdai-data-core/audit.NewAuditAdapter\n\tgithub.com/decisiveai/mdai-data-core@v0.2.9/audit/adapter.go:54\ngithub.com/decisiveai/mdai-operator/internal/controller.HubAdapter.restartCollectorAndAudit\n\tgithub.com/decisiveai/mdai-operator/internal/controller/hub_adapter.go:427\ngithub.com/decisiveai/mdai-operator/internal/controller.HubAdapter.syncComputedConfigMapsAndRestart\n\tgithub.com/decisiveai/mdai-operator/internal/controller/hub_adapter.go:458\ngithub.com/decisiveai/mdai-operator/internal/controller.HubAdapter.ensureVariableSynchronized\n\tgithub.com/decisiveai/mdai-operator/internal/controller/hub_adapter.go:507\ngithub.com/decisiveai/mdai-operator/internal/controller.(*MdaiHubReconciler).ReconcileHandler\n\tgithub.com/decisiveai/mdai-operator/internal/controller/mdaihub_controller.go:113\ngithub.com/decisiveai/mdai-operator/internal/controller.(*MdaiHubReconciler).Reconcile\n\tgithub.com/decisiveai/mdai-operator/internal/controller/mdaihub_controller.go:87\nsigs.k8s.io/controller-runtime/pkg/internal/controller.(*Controller[...]).Reconcile\n\tsigs.k8s.io/controller-runtime@v0.20.4/pkg/internal/controller/controller.go:119\nsigs.k8s.io/controller-runtime/pkg/internal/controller.(*Controller[...]).reconcileHandler\n\tsigs.k8s.io/controller-runtime@v0.20.4/pkg/internal/controller/controller.go:334\nsigs.k8s.io/controller-runtime/pkg/internal/controller.(*Controller[...]).processNextWorkItem\n\tsigs.k8s.io/controller-runtime@v0.20.4/pkg/internal/controller/controller.go:294\nsigs.k8s.io/controller-runtime/pkg/internal/controller.(*Controller[...]).Start.func2.2\n\tsigs.k8s.io/controller-runtime@v0.20.4/pkg/internal/controller/controller.go:255"}
{"level":"info","timestamp":"2026-02-27T06:22:00.440Z","msg":"AUDIT: Triggering restart of OpenTelemetry Collector","controller":"mdaihub","controllerGroup":"hub.mydecisive.ai","controllerKind":"MdaiHub","MdaiHub":{"name":"mdaihub","namespace":"mdai"},"namespace":"mdai","name":"mdaihub","reconcileID":"075f5507-09e4-46c5-9dfb-62e0d58e8b49","mdai-logstream":"audit","FIELDS_TO_HASH":"","type":"collector_restart","timestamp":"2026-02-27T06:22:00Z","hub_name":"mdaihub","FIELDS_TO_REDACT":""}
{"level":"info","timestamp":"2026-02-27T06:22:00.444Z","msg":"Status set to done for mdai hub","controller":"mdaihub","controllerGroup":"hub.mydecisive.ai","controllerKind":"MdaiHub","MdaiHub":{"name":"mdaihub","namespace":"mdai"},"namespace":"mdai","name":"mdaihub","reconcileID":"075f5507-09e4-46c5-9dfb-62e0d58e8b49","mdaiHub":"mdaihub"}
{"level":"info","timestamp":"2026-02-27T06:22:00.444Z","msg":"-- Finished MdaiHub reconciliation --","controller":"mdaihub","controllerGroup":"hub.mydecisive.ai","controllerKind":"MdaiHub","MdaiHub":{"name":"mdaihub","namespace":"mdai"},"namespace":"mdai","name":"mdaihub","reconcileID":"075f5507-09e4-46c5-9dfb-62e0d58e8b49"}
{"level":"info","timestamp":"2026-02-27T06:22:08.074Z","logger":"mdaihub-resource","msg":"Defaulting for MdaiHub","name":"mdaihub"}
{"level":"info","timestamp":"2026-02-27T06:22:08.075Z","logger":"mdaihub-resource","msg":"Validation for MdaiHub upon update","name":"mdaihub"}
{"level":"info","timestamp":"2026-02-27T06:22:08.077Z","msg":"-- Starting MdaiHub reconciliation --","controller":"mdaihub","controllerGroup":"hub.mydecisive.ai","controllerKind":"MdaiHub","MdaiHub":{"name":"mdaihub","namespace":"mdai"},"namespace":"mdai","name":"mdaihub","reconcileID":"28281015-4f79-43cd-b2ae-030f01711767","namespace":{"name":"mdaihub","namespace":"mdai"},"name":"mdaihub"}
{"level":"info","timestamp":"2026-02-27T06:22:08.077Z","msg":"EnsurePrometheusRuleSynchronized","controller":"mdaihub","controllerGroup":"hub.mydecisive.ai","controllerKind":"MdaiHub","MdaiHub":{"name":"mdaihub","namespace":"mdai"},"namespace":"mdai","name":"mdaihub","reconcileID":"28281015-4f79-43cd-b2ae-030f01711767"}
{"level":"info","timestamp":"2026-02-27T06:22:08.077Z","msg":"No evaluations found, skipping PrometheusRule creation","controller":"mdaihub","controllerGroup":"hub.mydecisive.ai","controllerKind":"MdaiHub","MdaiHub":{"name":"mdaihub","namespace":"mdai"},"namespace":"mdai","name":"mdaihub","reconcileID":"28281015-4f79-43cd-b2ae-030f01711767"}
{"level":"info","timestamp":"2026-02-27T06:22:08.077Z","msg":"No automations defined in the MDAI CR","controller":"mdaihub","controllerGroup":"hub.mydecisive.ai","controllerKind":"MdaiHub","MdaiHub":{"name":"mdaihub","namespace":"mdai"},"namespace":"mdai","name":"mdaihub","reconcileID":"28281015-4f79-43cd-b2ae-030f01711767","name":"mdaihub"}
{"level":"info","timestamp":"2026-02-27T06:22:08.077Z","msg":"Deleting ConfigMap","controller":"mdaihub","controllerGroup":"hub.mydecisive.ai","controllerKind":"MdaiHub","MdaiHub":{"name":"mdaihub","namespace":"mdai"},"namespace":"mdai","name":"mdaihub","reconcileID":"28281015-4f79-43cd-b2ae-030f01711767","name":"mdaihub-automation","namespace":"mdai"}
{"level":"info","timestamp":"2026-02-27T06:22:08.077Z","msg":"ConfigMap not found, skipping deletion","controller":"mdaihub","controllerGroup":"hub.mydecisive.ai","controllerKind":"MdaiHub","MdaiHub":{"name":"mdaihub","namespace":"mdai"},"namespace":"mdai","name":"mdaihub","reconcileID":"28281015-4f79-43cd-b2ae-030f01711767","name":"mdaihub-automation","namespace":"mdai"}
{"level":"info","timestamp":"2026-02-27T06:22:08.077Z","msg":"No variables found in the CR, skipping variable synchronization","controller":"mdaihub","controllerGroup":"hub.mydecisive.ai","controllerKind":"MdaiHub","MdaiHub":{"name":"mdaihub","namespace":"mdai"},"namespace":"mdai","name":"mdaihub","reconcileID":"28281015-4f79-43cd-b2ae-030f01711767"}
{"level":"info","timestamp":"2026-02-27T06:22:08.079Z","msg":"Status set to done for mdai hub","controller":"mdaihub","controllerGroup":"hub.mydecisive.ai","controllerKind":"MdaiHub","MdaiHub":{"name":"mdaihub","namespace":"mdai"},"namespace":"mdai","name":"mdaihub","reconcileID":"28281015-4f79-43cd-b2ae-030f01711767","mdaiHub":"mdaihub"}
{"level":"info","timestamp":"2026-02-27T06:22:08.079Z","msg":"-- Finished MdaiHub reconciliation --","controller":"mdaihub","controllerGroup":"hub.mydecisive.ai","controllerKind":"MdaiHub","MdaiHub":{"name":"mdaihub","namespace":"mdai"},"namespace":"mdai","name":"mdaihub","reconcileID":"28281015-4f79-43cd-b2ae-030f01711767"}
{"level":"info","timestamp":"2026-02-27T06:22:08.195Z","logger":"mdaihub-resource","msg":"Defaulting for MdaiHub","name":"mdaihub"}
{"level":"info","timestamp":"2026-02-27T06:22:08.196Z","logger":"mdaihub-resource","msg":"Validation for MdaiHub upon update","name":"mdaihub"}
{"level":"info","timestamp":"2026-02-27T06:22:08.198Z","msg":"-- Starting MdaiHub reconciliation --","controller":"mdaihub","controllerGroup":"hub.mydecisive.ai","controllerKind":"MdaiHub","MdaiHub":{"name":"mdaihub","namespace":"mdai"},"namespace":"mdai","name":"mdaihub","reconcileID":"6b1e498c-313e-4ee7-a212-5be58adba35d","namespace":{"name":"mdaihub","namespace":"mdai"},"name":"mdaihub"}
{"level":"info","timestamp":"2026-02-27T06:22:08.198Z","msg":"EnsurePrometheusRuleSynchronized","controller":"mdaihub","controllerGroup":"hub.mydecisive.ai","controllerKind":"MdaiHub","MdaiHub":{"name":"mdaihub","namespace":"mdai"},"namespace":"mdai","name":"mdaihub","reconcileID":"6b1e498c-313e-4ee7-a212-5be58adba35d"}
{"level":"info","timestamp":"2026-02-27T06:22:08.198Z","msg":"No evaluations found, skipping PrometheusRule creation","controller":"mdaihub","controllerGroup":"hub.mydecisive.ai","controllerKind":"MdaiHub","MdaiHub":{"name":"mdaihub","namespace":"mdai"},"namespace":"mdai","name":"mdaihub","reconcileID":"6b1e498c-313e-4ee7-a212-5be58adba35d"}
{"level":"info","timestamp":"2026-02-27T06:22:08.198Z","msg":"No automations defined in the MDAI CR","controller":"mdaihub","controllerGroup":"hub.mydecisive.ai","controllerKind":"MdaiHub","MdaiHub":{"name":"mdaihub","namespace":"mdai"},"namespace":"mdai","name":"mdaihub","reconcileID":"6b1e498c-313e-4ee7-a212-5be58adba35d","name":"mdaihub"}
{"level":"info","timestamp":"2026-02-27T06:22:08.198Z","msg":"Deleting ConfigMap","controller":"mdaihub","controllerGroup":"hub.mydecisive.ai","controllerKind":"MdaiHub","MdaiHub":{"name":"mdaihub","namespace":"mdai"},"namespace":"mdai","name":"mdaihub","reconcileID":"6b1e498c-313e-4ee7-a212-5be58adba35d","name":"mdaihub-automation","namespace":"mdai"}
{"level":"info","timestamp":"2026-02-27T06:22:08.199Z","msg":"ConfigMap not found, skipping deletion","controller":"mdaihub","controllerGroup":"hub.mydecisive.ai","controllerKind":"MdaiHub","MdaiHub":{"name":"mdaihub","namespace":"mdai"},"namespace":"mdai","name":"mdaihub","reconcileID":"6b1e498c-313e-4ee7-a212-5be58adba35d","name":"mdaihub-automation","namespace":"mdai"}
{"level":"info","timestamp":"2026-02-27T06:22:08.199Z","msg":"Processing variable","controller":"mdaihub","controllerGroup":"hub.mydecisive.ai","controllerKind":"MdaiHub","MdaiHub":{"name":"mdaihub","namespace":"mdai"},"namespace":"mdai","name":"mdaihub","reconcileID":"6b1e498c-313e-4ee7-a212-5be58adba35d","key":"fields_to_redact"}
{"level":"info","timestamp":"2026-02-27T06:22:08.200Z","msg":"Data received for variable/mdaihub/fields_to_redact: []"}
{"level":"info","timestamp":"2026-02-27T06:22:08.200Z","msg":"Processing variable","controller":"mdaihub","controllerGroup":"hub.mydecisive.ai","controllerKind":"MdaiHub","MdaiHub":{"name":"mdaihub","namespace":"mdai"},"namespace":"mdai","name":"mdaihub","reconcileID":"6b1e498c-313e-4ee7-a212-5be58adba35d","key":"fields_to_hash"}
{"level":"info","timestamp":"2026-02-27T06:22:08.200Z","msg":"Data received for variable/mdaihub/fields_to_hash: []"}
{"level":"info","timestamp":"2026-02-27T06:22:08.200Z","msg":"Processing variable","controller":"mdaihub","controllerGroup":"hub.mydecisive.ai","controllerKind":"MdaiHub","MdaiHub":{"name":"mdaihub","namespace":"mdai"},"namespace":"mdai","name":"mdaihub","reconcileID":"6b1e498c-313e-4ee7-a212-5be58adba35d","key":"email_regex"}
{"level":"info","timestamp":"2026-02-27T06:22:08.200Z","msg":"No value found in storage","key":"variable/mdaihub/email_regex"}
{"level":"info","timestamp":"2026-02-27T06:22:08.200Z","msg":"Processing variable","controller":"mdaihub","controllerGroup":"hub.mydecisive.ai","controllerKind":"MdaiHub","MdaiHub":{"name":"mdaihub","namespace":"mdai"},"namespace":"mdai","name":"mdaihub","reconcileID":"6b1e498c-313e-4ee7-a212-5be58adba35d","key":"cc_regex"}
{"level":"info","timestamp":"2026-02-27T06:22:08.200Z","msg":"No value found in storage","key":"variable/mdaihub/cc_regex"}
{"level":"info","timestamp":"2026-02-27T06:22:08.200Z","msg":"Processing variable","controller":"mdaihub","controllerGroup":"hub.mydecisive.ai","controllerKind":"MdaiHub","MdaiHub":{"name":"mdaihub","namespace":"mdai"},"namespace":"mdai","name":"mdaihub","reconcileID":"6b1e498c-313e-4ee7-a212-5be58adba35d","key":"phone_regex"}
{"level":"info","timestamp":"2026-02-27T06:22:08.200Z","msg":"No value found in storage","key":"variable/mdaihub/phone_regex"}
{"level":"info","timestamp":"2026-02-27T06:22:08.200Z","msg":"Processing variable","controller":"mdaihub","controllerGroup":"hub.mydecisive.ai","controllerKind":"MdaiHub","MdaiHub":{"name":"mdaihub","namespace":"mdai"},"namespace":"mdai","name":"mdaihub","reconcileID":"6b1e498c-313e-4ee7-a212-5be58adba35d","key":"address_regex"}
{"level":"info","timestamp":"2026-02-27T06:22:08.200Z","msg":"No value found in storage","key":"variable/mdaihub/address_regex"}
{"level":"info","timestamp":"2026-02-27T06:22:08.200Z","msg":"Processing variable","controller":"mdaihub","controllerGroup":"hub.mydecisive.ai","controllerKind":"MdaiHub","MdaiHub":{"name":"mdaihub","namespace":"mdai"},"namespace":"mdai","name":"mdaihub","reconcileID":"6b1e498c-313e-4ee7-a212-5be58adba35d","key":"ssn_regex"}
{"level":"info","timestamp":"2026-02-27T06:22:08.200Z","msg":"No value found in storage","key":"variable/mdaihub/ssn_regex"}
{"level":"info","timestamp":"2026-02-27T06:22:08.200Z","msg":"Processing variable","controller":"mdaihub","controllerGroup":"hub.mydecisive.ai","controllerKind":"MdaiHub","MdaiHub":{"name":"mdaihub","namespace":"mdai"},"namespace":"mdai","name":"mdaihub","reconcileID":"6b1e498c-313e-4ee7-a212-5be58adba35d","key":"name_regex"}
{"level":"info","timestamp":"2026-02-27T06:22:08.200Z","msg":"No value found in storage","key":"variable/mdaihub/name_regex"}
{"level":"info","timestamp":"2026-02-27T06:22:08.200Z","msg":"Processing variable","controller":"mdaihub","controllerGroup":"hub.mydecisive.ai","controllerKind":"MdaiHub","MdaiHub":{"name":"mdaihub","namespace":"mdai"},"namespace":"mdai","name":"mdaihub","reconcileID":"6b1e498c-313e-4ee7-a212-5be58adba35d","key":"email_template"}
{"level":"info","timestamp":"2026-02-27T06:22:08.200Z","msg":"No value found in storage","key":"variable/mdaihub/email_template"}
{"level":"info","timestamp":"2026-02-27T06:22:08.200Z","msg":"Processing variable","controller":"mdaihub","controllerGroup":"hub.mydecisive.ai","controllerKind":"MdaiHub","MdaiHub":{"name":"mdaihub","namespace":"mdai"},"namespace":"mdai","name":"mdaihub","reconcileID":"6b1e498c-313e-4ee7-a212-5be58adba35d","key":"cc_template"}
{"level":"info","timestamp":"2026-02-27T06:22:08.200Z","msg":"No value found in storage","key":"variable/mdaihub/cc_template"}
{"level":"info","timestamp":"2026-02-27T06:22:08.200Z","msg":"Processing variable","controller":"mdaihub","controllerGroup":"hub.mydecisive.ai","controllerKind":"MdaiHub","MdaiHub":{"name":"mdaihub","namespace":"mdai"},"namespace":"mdai","name":"mdaihub","reconcileID":"6b1e498c-313e-4ee7-a212-5be58adba35d","key":"phone_template"}
{"level":"info","timestamp":"2026-02-27T06:22:08.200Z","msg":"No value found in storage","key":"variable/mdaihub/phone_template"}
{"level":"info","timestamp":"2026-02-27T06:22:08.200Z","msg":"Processing variable","controller":"mdaihub","controllerGroup":"hub.mydecisive.ai","controllerKind":"MdaiHub","MdaiHub":{"name":"mdaihub","namespace":"mdai"},"namespace":"mdai","name":"mdaihub","reconcileID":"6b1e498c-313e-4ee7-a212-5be58adba35d","key":"address_template"}
{"level":"info","timestamp":"2026-02-27T06:22:08.200Z","msg":"No value found in storage","key":"variable/mdaihub/address_template"}
{"level":"info","timestamp":"2026-02-27T06:22:08.200Z","msg":"Processing variable","controller":"mdaihub","controllerGroup":"hub.mydecisive.ai","controllerKind":"MdaiHub","MdaiHub":{"name":"mdaihub","namespace":"mdai"},"namespace":"mdai","name":"mdaihub","reconcileID":"6b1e498c-313e-4ee7-a212-5be58adba35d","key":"ssn_template"}
{"level":"info","timestamp":"2026-02-27T06:22:08.200Z","msg":"No value found in storage","key":"variable/mdaihub/ssn_template"}
{"level":"info","timestamp":"2026-02-27T06:22:08.200Z","msg":"Processing variable","controller":"mdaihub","controllerGroup":"hub.mydecisive.ai","controllerKind":"MdaiHub","MdaiHub":{"name":"mdaihub","namespace":"mdai"},"namespace":"mdai","name":"mdaihub","reconcileID":"6b1e498c-313e-4ee7-a212-5be58adba35d","key":"name_template"}
{"level":"info","timestamp":"2026-02-27T06:22:08.200Z","msg":"No value found in storage","key":"variable/mdaihub/name_template"}
{"level":"info","timestamp":"2026-02-27T06:22:08.200Z","msg":"Deleting old valkey keys","controller":"mdaihub","controllerGroup":"hub.mydecisive.ai","controllerKind":"MdaiHub","MdaiHub":{"name":"mdaihub","namespace":"mdai"},"namespace":"mdai","name":"mdaihub","reconcileID":"6b1e498c-313e-4ee7-a212-5be58adba35d","valkeyKeysToKeep":{"address_regex":{},"address_template":{},"cc_regex":{},"cc_template":{},"email_regex":{},"email_template":{},"fields_to_hash":{},"fields_to_redact":{},"name_regex":{},"name_template":{},"phone_regex":{},"phone_template":{},"ssn_regex":{},"ssn_template":{}}}
{"level":"info","timestamp":"2026-02-27T06:22:08.201Z","msg":"Successfully created or updated ConfigMap","controller":"mdaihub","controllerGroup":"hub.mydecisive.ai","controllerKind":"MdaiHub","MdaiHub":{"name":"mdaihub","namespace":"mdai"},"namespace":"mdai","name":"mdaihub","reconcileID":"6b1e498c-313e-4ee7-a212-5be58adba35d","name":"mdaihub-manual-variables","namespace":"mdai","operation":"unchanged"}
{"level":"info","timestamp":"2026-02-27T06:22:08.201Z","msg":"Successfully created or updated ConfigMap","controller":"mdaihub","controllerGroup":"hub.mydecisive.ai","controllerKind":"MdaiHub","MdaiHub":{"name":"mdaihub","namespace":"mdai"},"namespace":"mdai","name":"mdaihub","reconcileID":"6b1e498c-313e-4ee7-a212-5be58adba35d","name":"mdaihub-variables","namespace":"mdai","operation":"unchanged"}
{"level":"info","timestamp":"2026-02-27T06:22:08.201Z","msg":"Successfully created or updated ConfigMap","controller":"mdaihub","controllerGroup":"hub.mydecisive.ai","controllerKind":"MdaiHub","MdaiHub":{"name":"mdaihub","namespace":"mdai"},"namespace":"mdai","name":"mdaihub","reconcileID":"6b1e498c-313e-4ee7-a212-5be58adba35d","name":"mdaihub-variables","namespace":"mdai","operation":"unchanged"}
{"level":"info","timestamp":"2026-02-27T06:22:08.201Z","msg":"Successfully created or updated ConfigMap","controller":"mdaihub","controllerGroup":"hub.mydecisive.ai","controllerKind":"MdaiHub","MdaiHub":{"name":"mdaihub","namespace":"mdai"},"namespace":"mdai","name":"mdaihub","reconcileID":"6b1e498c-313e-4ee7-a212-5be58adba35d","name":"mdaihub-variables","namespace":"mdai","operation":"unchanged"}
{"level":"info","timestamp":"2026-02-27T06:22:08.203Z","msg":"Status set to done for mdai hub","controller":"mdaihub","controllerGroup":"hub.mydecisive.ai","controllerKind":"MdaiHub","MdaiHub":{"name":"mdaihub","namespace":"mdai"},"namespace":"mdai","name":"mdaihub","reconcileID":"6b1e498c-313e-4ee7-a212-5be58adba35d","mdaiHub":"mdaihub"}
{"level":"info","timestamp":"2026-02-27T06:22:08.203Z","msg":"-- Finished MdaiHub reconciliation --","controller":"mdaihub","controllerGroup":"hub.mydecisive.ai","controllerKind":"MdaiHub","MdaiHub":{"name":"mdaihub","namespace":"mdai"},"namespace":"mdai","name":"mdaihub","reconcileID":"6b1e498c-313e-4ee7-a212-5be58adba35d"}
{"level":"info","timestamp":"2026-02-27T06:22:16.078Z","logger":"mdaihub-resource","msg":"Defaulting for MdaiHub","name":"mdaihub"}
{"level":"info","timestamp":"2026-02-27T06:22:16.079Z","logger":"mdaihub-resource","msg":"Validation for MdaiHub upon update","name":"mdaihub"}
{"level":"info","timestamp":"2026-02-27T06:22:16.081Z","msg":"-- Starting MdaiHub reconciliation --","controller":"mdaihub","controllerGroup":"hub.mydecisive.ai","controllerKind":"MdaiHub","MdaiHub":{"name":"mdaihub","namespace":"mdai"},"namespace":"mdai","name":"mdaihub","reconcileID":"3cc6c757-beae-4fbc-838d-e4ea86522227","namespace":{"name":"mdaihub","namespace":"mdai"},"name":"mdaihub"}
{"level":"info","timestamp":"2026-02-27T06:22:16.081Z","msg":"EnsurePrometheusRuleSynchronized","controller":"mdaihub","controllerGroup":"hub.mydecisive.ai","controllerKind":"MdaiHub","MdaiHub":{"name":"mdaihub","namespace":"mdai"},"namespace":"mdai","name":"mdaihub","reconcileID":"3cc6c757-beae-4fbc-838d-e4ea86522227"}
{"level":"info","timestamp":"2026-02-27T06:22:16.085Z","msg":"Created new PrometheusRule","controller":"mdaihub","controllerGroup":"hub.mydecisive.ai","controllerKind":"MdaiHub","MdaiHub":{"name":"mdaihub","namespace":"mdai"},"namespace":"mdai","name":"mdaihub","reconcileID":"3cc6c757-beae-4fbc-838d-e4ea86522227","prometheus_rule_name":"mdai-mdaihub-alert-rules"}
{"level":"info","timestamp":"2026-02-27T06:22:16.090Z","msg":"Creating or updating ConfigMap for automations","controller":"mdaihub","controllerGroup":"hub.mydecisive.ai","controllerKind":"MdaiHub","MdaiHub":{"name":"mdaihub","namespace":"mdai"},"namespace":"mdai","name":"mdaihub","reconcileID":"3cc6c757-beae-4fbc-838d-e4ea86522227","name":"mdaihub"}
{"level":"info","timestamp":"2026-02-27T06:22:16.092Z","msg":"<CreateFunc> mdaihub-automation ignored"}
{"level":"info","timestamp":"2026-02-27T06:22:16.092Z","msg":"Successfully created or updated ConfigMap","controller":"mdaihub","controllerGroup":"hub.mydecisive.ai","controllerKind":"MdaiHub","MdaiHub":{"name":"mdaihub","namespace":"mdai"},"namespace":"mdai","name":"mdaihub","reconcileID":"3cc6c757-beae-4fbc-838d-e4ea86522227","name":"mdaihub-automation","namespace":"mdai","operation":"created"}
{"level":"info","timestamp":"2026-02-27T06:22:16.092Z","msg":"Successfully created ConfigMap for automations","controller":"mdaihub","controllerGroup":"hub.mydecisive.ai","controllerKind":"MdaiHub","MdaiHub":{"name":"mdaihub","namespace":"mdai"},"namespace":"mdai","name":"mdaihub","reconcileID":"3cc6c757-beae-4fbc-838d-e4ea86522227","name":"mdaihub"}
{"level":"info","timestamp":"2026-02-27T06:22:16.092Z","msg":"Processing variable","controller":"mdaihub","controllerGroup":"hub.mydecisive.ai","controllerKind":"MdaiHub","MdaiHub":{"name":"mdaihub","namespace":"mdai"},"namespace":"mdai","name":"mdaihub","reconcileID":"3cc6c757-beae-4fbc-838d-e4ea86522227","key":"service_list"}
{"level":"info","timestamp":"2026-02-27T06:22:16.092Z","msg":"Data received for variable/mdaihub/service_list: []"}
{"level":"info","timestamp":"2026-02-27T06:22:16.092Z","msg":"Processing variable","controller":"mdaihub","controllerGroup":"hub.mydecisive.ai","controllerKind":"MdaiHub","MdaiHub":{"name":"mdaihub","namespace":"mdai"},"namespace":"mdai","name":"mdaihub","reconcileID":"3cc6c757-beae-4fbc-838d-e4ea86522227","key":"alerting_data_type"}
{"level":"info","timestamp":"2026-02-27T06:22:16.093Z","msg":"No value found in storage","key":"variable/mdaihub/alerting_data_type"}
{"level":"info","timestamp":"2026-02-27T06:22:16.093Z","msg":"Processing variable","controller":"mdaihub","controllerGroup":"hub.mydecisive.ai","controllerKind":"MdaiHub","MdaiHub":{"name":"mdaihub","namespace":"mdai"},"namespace":"mdai","name":"mdaihub","reconcileID":"3cc6c757-beae-4fbc-838d-e4ea86522227","key":"alerting_triggered"}
{"level":"info","timestamp":"2026-02-27T06:22:16.093Z","msg":"No value found in storage","key":"variable/mdaihub/alerting_triggered"}
{"level":"info","timestamp":"2026-02-27T06:22:16.093Z","msg":"Deleting old valkey keys","controller":"mdaihub","controllerGroup":"hub.mydecisive.ai","controllerKind":"MdaiHub","MdaiHub":{"name":"mdaihub","namespace":"mdai"},"namespace":"mdai","name":"mdaihub","reconcileID":"3cc6c757-beae-4fbc-838d-e4ea86522227","valkeyKeysToKeep":{"alerting_data_type":{},"alerting_triggered":{},"service_list":{}}}
{"level":"info","timestamp":"2026-02-27T06:22:16.093Z","msg":"No manual variables defined in the MDAI CR","controller":"mdaihub","controllerGroup":"hub.mydecisive.ai","controllerKind":"MdaiHub","MdaiHub":{"name":"mdaihub","namespace":"mdai"},"namespace":"mdai","name":"mdaihub","reconcileID":"3cc6c757-beae-4fbc-838d-e4ea86522227","name":"mdaihub"}
{"level":"info","timestamp":"2026-02-27T06:22:16.093Z","msg":"Deleting ConfigMap","controller":"mdaihub","controllerGroup":"hub.mydecisive.ai","controllerKind":"MdaiHub","MdaiHub":{"name":"mdaihub","namespace":"mdai"},"namespace":"mdai","name":"mdaihub","reconcileID":"3cc6c757-beae-4fbc-838d-e4ea86522227","name":"mdaihub-manual-variables","namespace":"mdai"}
{"level":"info","timestamp":"2026-02-27T06:22:16.095Z","msg":"<DeleteFunc> mdaihub-manual-variables ignored"}
{"level":"info","timestamp":"2026-02-27T06:22:16.097Z","msg":"Successfully created or updated ConfigMap","controller":"mdaihub","controllerGroup":"hub.mydecisive.ai","controllerKind":"MdaiHub","MdaiHub":{"name":"mdaihub","namespace":"mdai"},"namespace":"mdai","name":"mdaihub","reconcileID":"3cc6c757-beae-4fbc-838d-e4ea86522227","name":"mdaihub-variables","namespace":"mdai","operation":"updated"}
{"level":"info","timestamp":"2026-02-27T06:22:16.097Z","msg":"Successfully created or updated ConfigMap","controller":"mdaihub","controllerGroup":"hub.mydecisive.ai","controllerKind":"MdaiHub","MdaiHub":{"name":"mdaihub","namespace":"mdai"},"namespace":"mdai","name":"mdaihub","reconcileID":"3cc6c757-beae-4fbc-838d-e4ea86522227","name":"mdaihub-variables","namespace":"mdai","operation":"unchanged"}
{"level":"info","timestamp":"2026-02-27T06:22:16.097Z","msg":"Successfully created or updated ConfigMap","controller":"mdaihub","controllerGroup":"hub.mydecisive.ai","controllerKind":"MdaiHub","MdaiHub":{"name":"mdaihub","namespace":"mdai"},"namespace":"mdai","name":"mdaihub","reconcileID":"3cc6c757-beae-4fbc-838d-e4ea86522227","name":"mdaihub-variables","namespace":"mdai","operation":"unchanged"}
{"level":"info","timestamp":"2026-02-27T06:22:16.097Z","msg":"Triggering restart of OpenTelemetry Collector","controller":"mdaihub","controllerGroup":"hub.mydecisive.ai","controllerKind":"MdaiHub","MdaiHub":{"name":"mdaihub","namespace":"mdai"},"namespace":"mdai","name":"mdaihub","reconcileID":"3cc6c757-beae-4fbc-838d-e4ea86522227","name":"gateway-dynamic-filtration"}
{"level":"info","timestamp":"2026-02-27T06:22:16.097Z","msg":"<UpdateFunc> mdaihub-variables shouldReconcile: false"}
{"level":"warn","timestamp":"2026-02-27T06:22:16.103Z","msg":"VALKEY_AUDIT_STREAM_EXPIRY_MS is deprecated; use VALKEY_AUDIT_STREAM_RETENTION","retention":2592000,"stacktrace":"github.com/decisiveai/mdai-data-core/audit.getStreamRetention\n\tgithub.com/decisiveai/mdai-data-core@v0.2.9/audit/adapter.go:241\ngithub.com/decisiveai/mdai-data-core/audit.NewAuditAdapter\n\tgithub.com/decisiveai/mdai-data-core@v0.2.9/audit/adapter.go:54\ngithub.com/decisiveai/mdai-operator/internal/controller.HubAdapter.restartCollectorAndAudit\n\tgithub.com/decisiveai/mdai-operator/internal/controller/hub_adapter.go:427\ngithub.com/decisiveai/mdai-operator/internal/controller.HubAdapter.syncComputedConfigMapsAndRestart\n\tgithub.com/decisiveai/mdai-operator/internal/controller/hub_adapter.go:458\ngithub.com/decisiveai/mdai-operator/internal/controller.HubAdapter.ensureVariableSynchronized\n\tgithub.com/decisiveai/mdai-operator/internal/controller/hub_adapter.go:507\ngithub.com/decisiveai/mdai-operator/internal/controller.(*MdaiHubReconciler).ReconcileHandler\n\tgithub.com/decisiveai/mdai-operator/internal/controller/mdaihub_controller.go:113\ngithub.com/decisiveai/mdai-operator/internal/controller.(*MdaiHubReconciler).Reconcile\n\tgithub.com/decisiveai/mdai-operator/internal/controller/mdaihub_controller.go:87\nsigs.k8s.io/controller-runtime/pkg/internal/controller.(*Controller[...]).Reconcile\n\tsigs.k8s.io/controller-runtime@v0.20.4/pkg/internal/controller/controller.go:119\nsigs.k8s.io/controller-runtime/pkg/internal/controller.(*Controller[...]).reconcileHandler\n\tsigs.k8s.io/controller-runtime@v0.20.4/pkg/internal/controller/controller.go:334\nsigs.k8s.io/controller-runtime/pkg/internal/controller.(*Controller[...]).processNextWorkItem\n\tsigs.k8s.io/controller-runtime@v0.20.4/pkg/internal/controller/controller.go:294\nsigs.k8s.io/controller-runtime/pkg/internal/controller.(*Controller[...]).Start.func2.2\n\tsigs.k8s.io/controller-runtime@v0.20.4/pkg/internal/controller/controller.go:255"}
{"level":"info","timestamp":"2026-02-27T06:22:16.103Z","msg":"AUDIT: Triggering restart of OpenTelemetry Collector","controller":"mdaihub","controllerGroup":"hub.mydecisive.ai","controllerKind":"MdaiHub","MdaiHub":{"name":"mdaihub","namespace":"mdai"},"namespace":"mdai","name":"mdaihub","reconcileID":"3cc6c757-beae-4fbc-838d-e4ea86522227","mdai-logstream":"audit","timestamp":"2026-02-27T06:22:16Z","hub_name":"mdaihub","SERVICE_LIST_REGEX":"","type":"collector_restart"}
{"level":"info","timestamp":"2026-02-27T06:22:16.103Z","msg":"Triggering restart of OpenTelemetry Collector","controller":"mdaihub","controllerGroup":"hub.mydecisive.ai","controllerKind":"MdaiHub","MdaiHub":{"name":"mdaihub","namespace":"mdai"},"namespace":"mdai","name":"mdaihub","reconcileID":"3cc6c757-beae-4fbc-838d-e4ea86522227","name":"gateway-pii"}
{"level":"warn","timestamp":"2026-02-27T06:22:16.110Z","msg":"VALKEY_AUDIT_STREAM_EXPIRY_MS is deprecated; use VALKEY_AUDIT_STREAM_RETENTION","retention":2592000,"stacktrace":"github.com/decisiveai/mdai-data-core/audit.getStreamRetention\n\tgithub.com/decisiveai/mdai-data-core@v0.2.9/audit/adapter.go:241\ngithub.com/decisiveai/mdai-data-core/audit.NewAuditAdapter\n\tgithub.com/decisiveai/mdai-data-core@v0.2.9/audit/adapter.go:54\ngithub.com/decisiveai/mdai-operator/internal/controller.HubAdapter.restartCollectorAndAudit\n\tgithub.com/decisiveai/mdai-operator/internal/controller/hub_adapter.go:427\ngithub.com/decisiveai/mdai-operator/internal/controller.HubAdapter.syncComputedConfigMapsAndRestart\n\tgithub.com/decisiveai/mdai-operator/internal/controller/hub_adapter.go:458\ngithub.com/decisiveai/mdai-operator/internal/controller.HubAdapter.ensureVariableSynchronized\n\tgithub.com/decisiveai/mdai-operator/internal/controller/hub_adapter.go:507\ngithub.com/decisiveai/mdai-operator/internal/controller.(*MdaiHubReconciler).ReconcileHandler\n\tgithub.com/decisiveai/mdai-operator/internal/controller/mdaihub_controller.go:113\ngithub.com/decisiveai/mdai-operator/internal/controller.(*MdaiHubReconciler).Reconcile\n\tgithub.com/decisiveai/mdai-operator/internal/controller/mdaihub_controller.go:87\nsigs.k8s.io/controller-runtime/pkg/internal/controller.(*Controller[...]).Reconcile\n\tsigs.k8s.io/controller-runtime@v0.20.4/pkg/internal/controller/controller.go:119\nsigs.k8s.io/controller-runtime/pkg/internal/controller.(*Controller[...]).reconcileHandler\n\tsigs.k8s.io/controller-runtime@v0.20.4/pkg/internal/controller/controller.go:334\nsigs.k8s.io/controller-runtime/pkg/internal/controller.(*Controller[...]).processNextWorkItem\n\tsigs.k8s.io/controller-runtime@v0.20.4/pkg/internal/controller/controller.go:294\nsigs.k8s.io/controller-runtime/pkg/internal/controller.(*Controller[...]).Start.func2.2\n\tsigs.k8s.io/controller-runtime@v0.20.4/pkg/internal/controller/controller.go:255"}
{"level":"info","timestamp":"2026-02-27T06:22:16.110Z","msg":"AUDIT: Triggering restart of OpenTelemetry Collector","controller":"mdaihub","controllerGroup":"hub.mydecisive.ai","controllerKind":"MdaiHub","MdaiHub":{"name":"mdaihub","namespace":"mdai"},"namespace":"mdai","name":"mdaihub","reconcileID":"3cc6c757-beae-4fbc-838d-e4ea86522227","mdai-logstream":"audit","SERVICE_LIST_REGEX":"","type":"collector_restart","timestamp":"2026-02-27T06:22:16Z","hub_name":"mdaihub"}
{"level":"info","timestamp":"2026-02-27T06:22:16.110Z","msg":"Triggering restart of OpenTelemetry Collector","controller":"mdaihub","controllerGroup":"hub.mydecisive.ai","controllerKind":"MdaiHub","MdaiHub":{"name":"mdaihub","namespace":"mdai"},"namespace":"mdai","name":"mdaihub","reconcileID":"3cc6c757-beae-4fbc-838d-e4ea86522227","name":"gateway-datadog"}
{"level":"warn","timestamp":"2026-02-27T06:22:16.117Z","msg":"VALKEY_AUDIT_STREAM_EXPIRY_MS is deprecated; use VALKEY_AUDIT_STREAM_RETENTION","retention":2592000,"stacktrace":"github.com/decisiveai/mdai-data-core/audit.getStreamRetention\n\tgithub.com/decisiveai/mdai-data-core@v0.2.9/audit/adapter.go:241\ngithub.com/decisiveai/mdai-data-core/audit.NewAuditAdapter\n\tgithub.com/decisiveai/mdai-data-core@v0.2.9/audit/adapter.go:54\ngithub.com/decisiveai/mdai-operator/internal/controller.HubAdapter.restartCollectorAndAudit\n\tgithub.com/decisiveai/mdai-operator/internal/controller/hub_adapter.go:427\ngithub.com/decisiveai/mdai-operator/internal/controller.HubAdapter.syncComputedConfigMapsAndRestart\n\tgithub.com/decisiveai/mdai-operator/internal/controller/hub_adapter.go:458\ngithub.com/decisiveai/mdai-operator/internal/controller.HubAdapter.ensureVariableSynchronized\n\tgithub.com/decisiveai/mdai-operator/internal/controller/hub_adapter.go:507\ngithub.com/decisiveai/mdai-operator/internal/controller.(*MdaiHubReconciler).ReconcileHandler\n\tgithub.com/decisiveai/mdai-operator/internal/controller/mdaihub_controller.go:113\ngithub.com/decisiveai/mdai-operator/internal/controller.(*MdaiHubReconciler).Reconcile\n\tgithub.com/decisiveai/mdai-operator/internal/controller/mdaihub_controller.go:87\nsigs.k8s.io/controller-runtime/pkg/internal/controller.(*Controller[...]).Reconcile\n\tsigs.k8s.io/controller-runtime@v0.20.4/pkg/internal/controller/controller.go:119\nsigs.k8s.io/controller-runtime/pkg/internal/controller.(*Controller[...]).reconcileHandler\n\tsigs.k8s.io/controller-runtime@v0.20.4/pkg/internal/controller/controller.go:334\nsigs.k8s.io/controller-runtime/pkg/internal/controller.(*Controller[...]).processNextWorkItem\n\tsigs.k8s.io/controller-runtime@v0.20.4/pkg/internal/controller/controller.go:294\nsigs.k8s.io/controller-runtime/pkg/internal/controller.(*Controller[...]).Start.func2.2\n\tsigs.k8s.io/controller-runtime@v0.20.4/pkg/internal/controller/controller.go:255"}
{"level":"info","timestamp":"2026-02-27T06:22:16.117Z","msg":"AUDIT: Triggering restart of OpenTelemetry Collector","controller":"mdaihub","controllerGroup":"hub.mydecisive.ai","controllerKind":"MdaiHub","MdaiHub":{"name":"mdaihub","namespace":"mdai"},"namespace":"mdai","name":"mdaihub","reconcileID":"3cc6c757-beae-4fbc-838d-e4ea86522227","mdai-logstream":"audit","type":"collector_restart","timestamp":"2026-02-27T06:22:16Z","hub_name":"mdaihub","SERVICE_LIST_REGEX":""}
{"level":"info","timestamp":"2026-02-27T06:22:16.120Z","msg":"Status set to done for mdai hub","controller":"mdaihub","controllerGroup":"hub.mydecisive.ai","controllerKind":"MdaiHub","MdaiHub":{"name":"mdaihub","namespace":"mdai"},"namespace":"mdai","name":"mdaihub","reconcileID":"3cc6c757-beae-4fbc-838d-e4ea86522227","mdaiHub":"mdaihub"}
{"level":"info","timestamp":"2026-02-27T06:22:16.120Z","msg":"-- Finished MdaiHub reconciliation --","controller":"mdaihub","controllerGroup":"hub.mydecisive.ai","controllerKind":"MdaiHub","MdaiHub":{"name":"mdaihub","namespace":"mdai"},"namespace":"mdai","name":"mdaihub","reconcileID":"3cc6c757-beae-4fbc-838d-e4ea86522227"}
{"level":"info","timestamp":"2026-02-27T06:22:16.236Z","logger":"mdaihub-resource","msg":"Defaulting for MdaiHub","name":"mdaihub"}
{"level":"info","timestamp":"2026-02-27T06:22:16.237Z","logger":"mdaihub-resource","msg":"Validation for MdaiHub upon update","name":"mdaihub"}
{"level":"info","timestamp":"2026-02-27T06:22:16.239Z","msg":"-- Starting MdaiHub reconciliation --","controller":"mdaihub","controllerGroup":"hub.mydecisive.ai","controllerKind":"MdaiHub","MdaiHub":{"name":"mdaihub","namespace":"mdai"},"namespace":"mdai","name":"mdaihub","reconcileID":"55e79662-b502-43b1-8ba8-74e30c28f794","namespace":{"name":"mdaihub","namespace":"mdai"},"name":"mdaihub"}
{"level":"info","timestamp":"2026-02-27T06:22:16.239Z","msg":"EnsurePrometheusRuleSynchronized","controller":"mdaihub","controllerGroup":"hub.mydecisive.ai","controllerKind":"MdaiHub","MdaiHub":{"name":"mdaihub","namespace":"mdai"},"namespace":"mdai","name":"mdaihub","reconcileID":"55e79662-b502-43b1-8ba8-74e30c28f794"}
{"level":"info","timestamp":"2026-02-27T06:22:16.239Z","msg":"No evaluations found, skipping PrometheusRule creation","controller":"mdaihub","controllerGroup":"hub.mydecisive.ai","controllerKind":"MdaiHub","MdaiHub":{"name":"mdaihub","namespace":"mdai"},"namespace":"mdai","name":"mdaihub","reconcileID":"55e79662-b502-43b1-8ba8-74e30c28f794"}
{"level":"info","timestamp":"2026-02-27T06:22:16.239Z","msg":"Removing existing rules","controller":"mdaihub","controllerGroup":"hub.mydecisive.ai","controllerKind":"MdaiHub","MdaiHub":{"name":"mdaihub","namespace":"mdai"},"namespace":"mdai","name":"mdaihub","reconcileID":"55e79662-b502-43b1-8ba8-74e30c28f794"}
{"level":"info","timestamp":"2026-02-27T06:22:16.241Z","msg":"Deleted PrometheusRule","controller":"mdaihub","controllerGroup":"hub.mydecisive.ai","controllerKind":"MdaiHub","MdaiHub":{"name":"mdaihub","namespace":"mdai"},"namespace":"mdai","name":"mdaihub","reconcileID":"55e79662-b502-43b1-8ba8-74e30c28f794","prometheus_rule_name":"mdai-mdaihub-alert-rules"}
{"level":"info","timestamp":"2026-02-27T06:22:16.241Z","msg":"No automations defined in the MDAI CR","controller":"mdaihub","controllerGroup":"hub.mydecisive.ai","controllerKind":"MdaiHub","MdaiHub":{"name":"mdaihub","namespace":"mdai"},"namespace":"mdai","name":"mdaihub","reconcileID":"55e79662-b502-43b1-8ba8-74e30c28f794","name":"mdaihub"}
{"level":"info","timestamp":"2026-02-27T06:22:16.241Z","msg":"Deleting ConfigMap","controller":"mdaihub","controllerGroup":"hub.mydecisive.ai","controllerKind":"MdaiHub","MdaiHub":{"name":"mdaihub","namespace":"mdai"},"namespace":"mdai","name":"mdaihub","reconcileID":"55e79662-b502-43b1-8ba8-74e30c28f794","name":"mdaihub-automation","namespace":"mdai"}
{"level":"info","timestamp":"2026-02-27T06:22:16.243Z","msg":"<DeleteFunc> mdaihub-automation ignored"}
{"level":"info","timestamp":"2026-02-27T06:22:16.243Z","msg":"Processing variable","controller":"mdaihub","controllerGroup":"hub.mydecisive.ai","controllerKind":"MdaiHub","MdaiHub":{"name":"mdaihub","namespace":"mdai"},"namespace":"mdai","name":"mdaihub","reconcileID":"55e79662-b502-43b1-8ba8-74e30c28f794","key":"fields_to_redact"}
{"level":"info","timestamp":"2026-02-27T06:22:16.243Z","msg":"Data received for variable/mdaihub/fields_to_redact: []"}
{"level":"info","timestamp":"2026-02-27T06:22:16.243Z","msg":"Processing variable","controller":"mdaihub","controllerGroup":"hub.mydecisive.ai","controllerKind":"MdaiHub","MdaiHub":{"name":"mdaihub","namespace":"mdai"},"namespace":"mdai","name":"mdaihub","reconcileID":"55e79662-b502-43b1-8ba8-74e30c28f794","key":"fields_to_hash"}
{"level":"info","timestamp":"2026-02-27T06:22:16.243Z","msg":"Data received for variable/mdaihub/fields_to_hash: []"}
{"level":"info","timestamp":"2026-02-27T06:22:16.243Z","msg":"Processing variable","controller":"mdaihub","controllerGroup":"hub.mydecisive.ai","controllerKind":"MdaiHub","MdaiHub":{"name":"mdaihub","namespace":"mdai"},"namespace":"mdai","name":"mdaihub","reconcileID":"55e79662-b502-43b1-8ba8-74e30c28f794","key":"email_regex"}
{"level":"info","timestamp":"2026-02-27T06:22:16.243Z","msg":"No value found in storage","key":"variable/mdaihub/email_regex"}
{"level":"info","timestamp":"2026-02-27T06:22:16.243Z","msg":"Processing variable","controller":"mdaihub","controllerGroup":"hub.mydecisive.ai","controllerKind":"MdaiHub","MdaiHub":{"name":"mdaihub","namespace":"mdai"},"namespace":"mdai","name":"mdaihub","reconcileID":"55e79662-b502-43b1-8ba8-74e30c28f794","key":"cc_regex"}
{"level":"info","timestamp":"2026-02-27T06:22:16.243Z","msg":"No value found in storage","key":"variable/mdaihub/cc_regex"}
{"level":"info","timestamp":"2026-02-27T06:22:16.243Z","msg":"Processing variable","controller":"mdaihub","controllerGroup":"hub.mydecisive.ai","controllerKind":"MdaiHub","MdaiHub":{"name":"mdaihub","namespace":"mdai"},"namespace":"mdai","name":"mdaihub","reconcileID":"55e79662-b502-43b1-8ba8-74e30c28f794","key":"phone_regex"}
{"level":"info","timestamp":"2026-02-27T06:22:16.243Z","msg":"No value found in storage","key":"variable/mdaihub/phone_regex"}
{"level":"info","timestamp":"2026-02-27T06:22:16.243Z","msg":"Processing variable","controller":"mdaihub","controllerGroup":"hub.mydecisive.ai","controllerKind":"MdaiHub","MdaiHub":{"name":"mdaihub","namespace":"mdai"},"namespace":"mdai","name":"mdaihub","reconcileID":"55e79662-b502-43b1-8ba8-74e30c28f794","key":"address_regex"}
{"level":"info","timestamp":"2026-02-27T06:22:16.244Z","msg":"No value found in storage","key":"variable/mdaihub/address_regex"}
{"level":"info","timestamp":"2026-02-27T06:22:16.244Z","msg":"Processing variable","controller":"mdaihub","controllerGroup":"hub.mydecisive.ai","controllerKind":"MdaiHub","MdaiHub":{"name":"mdaihub","namespace":"mdai"},"namespace":"mdai","name":"mdaihub","reconcileID":"55e79662-b502-43b1-8ba8-74e30c28f794","key":"ssn_regex"}
{"level":"info","timestamp":"2026-02-27T06:22:16.244Z","msg":"No value found in storage","key":"variable/mdaihub/ssn_regex"}
{"level":"info","timestamp":"2026-02-27T06:22:16.244Z","msg":"Processing variable","controller":"mdaihub","controllerGroup":"hub.mydecisive.ai","controllerKind":"MdaiHub","MdaiHub":{"name":"mdaihub","namespace":"mdai"},"namespace":"mdai","name":"mdaihub","reconcileID":"55e79662-b502-43b1-8ba8-74e30c28f794","key":"name_regex"}
{"level":"info","timestamp":"2026-02-27T06:22:16.244Z","msg":"No value found in storage","key":"variable/mdaihub/name_regex"}
{"level":"info","timestamp":"2026-02-27T06:22:16.244Z","msg":"Processing variable","controller":"mdaihub","controllerGroup":"hub.mydecisive.ai","controllerKind":"MdaiHub","MdaiHub":{"name":"mdaihub","namespace":"mdai"},"namespace":"mdai","name":"mdaihub","reconcileID":"55e79662-b502-43b1-8ba8-74e30c28f794","key":"email_template"}
{"level":"info","timestamp":"2026-02-27T06:22:16.244Z","msg":"No value found in storage","key":"variable/mdaihub/email_template"}
{"level":"info","timestamp":"2026-02-27T06:22:16.244Z","msg":"Processing variable","controller":"mdaihub","controllerGroup":"hub.mydecisive.ai","controllerKind":"MdaiHub","MdaiHub":{"name":"mdaihub","namespace":"mdai"},"namespace":"mdai","name":"mdaihub","reconcileID":"55e79662-b502-43b1-8ba8-74e30c28f794","key":"cc_template"}
{"level":"info","timestamp":"2026-02-27T06:22:16.244Z","msg":"No value found in storage","key":"variable/mdaihub/cc_template"}
{"level":"info","timestamp":"2026-02-27T06:22:16.244Z","msg":"Processing variable","controller":"mdaihub","controllerGroup":"hub.mydecisive.ai","controllerKind":"MdaiHub","MdaiHub":{"name":"mdaihub","namespace":"mdai"},"namespace":"mdai","name":"mdaihub","reconcileID":"55e79662-b502-43b1-8ba8-74e30c28f794","key":"phone_template"}
{"level":"info","timestamp":"2026-02-27T06:22:16.244Z","msg":"No value found in storage","key":"variable/mdaihub/phone_template"}
{"level":"info","timestamp":"2026-02-27T06:22:16.244Z","msg":"Processing variable","controller":"mdaihub","controllerGroup":"hub.mydecisive.ai","controllerKind":"MdaiHub","MdaiHub":{"name":"mdaihub","namespace":"mdai"},"namespace":"mdai","name":"mdaihub","reconcileID":"55e79662-b502-43b1-8ba8-74e30c28f794","key":"address_template"}
{"level":"info","timestamp":"2026-02-27T06:22:16.244Z","msg":"No value found in storage","key":"variable/mdaihub/address_template"}
{"level":"info","timestamp":"2026-02-27T06:22:16.244Z","msg":"Processing variable","controller":"mdaihub","controllerGroup":"hub.mydecisive.ai","controllerKind":"MdaiHub","MdaiHub":{"name":"mdaihub","namespace":"mdai"},"namespace":"mdai","name":"mdaihub","reconcileID":"55e79662-b502-43b1-8ba8-74e30c28f794","key":"ssn_template"}
{"level":"info","timestamp":"2026-02-27T06:22:16.244Z","msg":"No value found in storage","key":"variable/mdaihub/ssn_template"}
{"level":"info","timestamp":"2026-02-27T06:22:16.244Z","msg":"Processing variable","controller":"mdaihub","controllerGroup":"hub.mydecisive.ai","controllerKind":"MdaiHub","MdaiHub":{"name":"mdaihub","namespace":"mdai"},"namespace":"mdai","name":"mdaihub","reconcileID":"55e79662-b502-43b1-8ba8-74e30c28f794","key":"name_template"}
{"level":"info","timestamp":"2026-02-27T06:22:16.244Z","msg":"No value found in storage","key":"variable/mdaihub/name_template"}
{"level":"info","timestamp":"2026-02-27T06:22:16.244Z","msg":"Deleting old valkey keys","controller":"mdaihub","controllerGroup":"hub.mydecisive.ai","controllerKind":"MdaiHub","MdaiHub":{"name":"mdaihub","namespace":"mdai"},"namespace":"mdai","name":"mdaihub","reconcileID":"55e79662-b502-43b1-8ba8-74e30c28f794","valkeyKeysToKeep":{"address_regex":{},"address_template":{},"cc_regex":{},"cc_template":{},"email_regex":{},"email_template":{},"fields_to_hash":{},"fields_to_redact":{},"name_regex":{},"name_template":{},"phone_regex":{},"phone_template":{},"ssn_regex":{},"ssn_template":{}}}
{"level":"info","timestamp":"2026-02-27T06:22:16.246Z","msg":"Successfully created or updated ConfigMap","controller":"mdaihub","controllerGroup":"hub.mydecisive.ai","controllerKind":"MdaiHub","MdaiHub":{"name":"mdaihub","namespace":"mdai"},"namespace":"mdai","name":"mdaihub","reconcileID":"55e79662-b502-43b1-8ba8-74e30c28f794","name":"mdaihub-manual-variables","namespace":"mdai","operation":"created"}
{"level":"info","timestamp":"2026-02-27T06:22:16.246Z","msg":"<CreateFunc> mdaihub-manual-variables ignored"}
{"level":"info","timestamp":"2026-02-27T06:22:16.247Z","msg":"Successfully created or updated ConfigMap","controller":"mdaihub","controllerGroup":"hub.mydecisive.ai","controllerKind":"MdaiHub","MdaiHub":{"name":"mdaihub","namespace":"mdai"},"namespace":"mdai","name":"mdaihub","reconcileID":"55e79662-b502-43b1-8ba8-74e30c28f794","name":"mdaihub-variables","namespace":"mdai","operation":"updated"}
{"level":"info","timestamp":"2026-02-27T06:22:16.247Z","msg":"<UpdateFunc> mdaihub-variables shouldReconcile: false"}
{"level":"error","timestamp":"2026-02-27T06:22:16.248Z","msg":"Failed to create or update ConfigMap","controller":"mdaihub","controllerGroup":"hub.mydecisive.ai","controllerKind":"MdaiHub","MdaiHub":{"name":"mdaihub","namespace":"mdai"},"namespace":"mdai","name":"mdaihub","reconcileID":"55e79662-b502-43b1-8ba8-74e30c28f794","name":"mdaihub-variables","namespace":"mdai","error":"Operation cannot be fulfilled on configmaps \"mdaihub-variables\": the object has been modified; please apply your changes to the latest version and try again","stacktrace":"github.com/go-logr/logr.Logger.Error\n\tgithub.com/go-logr/logr@v1.4.3/logr.go:301\ngithub.com/decisiveai/mdai-operator/internal/controller.HubAdapter.createOrUpdateEnvConfigMap\n\tgithub.com/decisiveai/mdai-operator/internal/controller/hub_adapter.go:671\ngithub.com/decisiveai/mdai-operator/internal/controller.HubAdapter.syncComputedConfigMapsAndRestart\n\tgithub.com/decisiveai/mdai-operator/internal/controller/hub_adapter.go:446\ngithub.com/decisiveai/mdai-operator/internal/controller.HubAdapter.ensureVariableSynchronized\n\tgithub.com/decisiveai/mdai-operator/internal/controller/hub_adapter.go:507\ngithub.com/decisiveai/mdai-operator/internal/controller.(*MdaiHubReconciler).ReconcileHandler\n\tgithub.com/decisiveai/mdai-operator/internal/controller/mdaihub_controller.go:113\ngithub.com/decisiveai/mdai-operator/internal/controller.(*MdaiHubReconciler).Reconcile\n\tgithub.com/decisiveai/mdai-operator/internal/controller/mdaihub_controller.go:87\nsigs.k8s.io/controller-runtime/pkg/internal/controller.(*Controller[...]).Reconcile\n\tsigs.k8s.io/controller-runtime@v0.20.4/pkg/internal/controller/controller.go:119\nsigs.k8s.io/controller-runtime/pkg/internal/controller.(*Controller[...]).reconcileHandler\n\tsigs.k8s.io/controller-runtime@v0.20.4/pkg/internal/controller/controller.go:334\nsigs.k8s.io/controller-runtime/pkg/internal/controller.(*Controller[...]).processNextWorkItem\n\tsigs.k8s.io/controller-runtime@v0.20.4/pkg/internal/controller/controller.go:294\nsigs.k8s.io/controller-runtime/pkg/internal/controller.(*Controller[...]).Start.func2.2\n\tsigs.k8s.io/controller-runtime@v0.20.4/pkg/internal/controller/controller.go:255"}
{"level":"error","timestamp":"2026-02-27T06:22:16.248Z","msg":"Reconciler error","controller":"mdaihub","controllerGroup":"hub.mydecisive.ai","controllerKind":"MdaiHub","MdaiHub":{"name":"mdaihub","namespace":"mdai"},"namespace":"mdai","name":"mdaihub","reconcileID":"55e79662-b502-43b1-8ba8-74e30c28f794","error":"failed to create or update ConfigMap: Operation cannot be fulfilled on configmaps \"mdaihub-variables\": the object has been modified; please apply your changes to the latest version and try again","stacktrace":"github.com/go-logr/logr.Logger.Error\n\tgithub.com/go-logr/logr@v1.4.3/logr.go:301\nsigs.k8s.io/controller-runtime/pkg/internal/controller.(*Controller[...]).reconcileHandler\n\tsigs.k8s.io/controller-runtime@v0.20.4/pkg/internal/controller/controller.go:347\nsigs.k8s.io/controller-runtime/pkg/internal/controller.(*Controller[...]).processNextWorkItem\n\tsigs.k8s.io/controller-runtime@v0.20.4/pkg/internal/controller/controller.go:294\nsigs.k8s.io/controller-runtime/pkg/internal/controller.(*Controller[...]).Start.func2.2\n\tsigs.k8s.io/controller-runtime@v0.20.4/pkg/internal/controller/controller.go:255"}
{"level":"info","timestamp":"2026-02-27T06:22:16.254Z","msg":"-- Starting MdaiHub reconciliation --","controller":"mdaihub","controllerGroup":"hub.mydecisive.ai","controllerKind":"MdaiHub","MdaiHub":{"name":"mdaihub","namespace":"mdai"},"namespace":"mdai","name":"mdaihub","reconcileID":"dde39909-8b45-47fa-bc71-d2b82080e24f","namespace":{"name":"mdaihub","namespace":"mdai"},"name":"mdaihub"}
{"level":"info","timestamp":"2026-02-27T06:22:16.254Z","msg":"EnsurePrometheusRuleSynchronized","controller":"mdaihub","controllerGroup":"hub.mydecisive.ai","controllerKind":"MdaiHub","MdaiHub":{"name":"mdaihub","namespace":"mdai"},"namespace":"mdai","name":"mdaihub","reconcileID":"dde39909-8b45-47fa-bc71-d2b82080e24f"}
{"level":"info","timestamp":"2026-02-27T06:22:16.254Z","msg":"No evaluations found, skipping PrometheusRule creation","controller":"mdaihub","controllerGroup":"hub.mydecisive.ai","controllerKind":"MdaiHub","MdaiHub":{"name":"mdaihub","namespace":"mdai"},"namespace":"mdai","name":"mdaihub","reconcileID":"dde39909-8b45-47fa-bc71-d2b82080e24f"}
{"level":"info","timestamp":"2026-02-27T06:22:16.254Z","msg":"No automations defined in the MDAI CR","controller":"mdaihub","controllerGroup":"hub.mydecisive.ai","controllerKind":"MdaiHub","MdaiHub":{"name":"mdaihub","namespace":"mdai"},"namespace":"mdai","name":"mdaihub","reconcileID":"dde39909-8b45-47fa-bc71-d2b82080e24f","name":"mdaihub"}
{"level":"info","timestamp":"2026-02-27T06:22:16.254Z","msg":"Deleting ConfigMap","controller":"mdaihub","controllerGroup":"hub.mydecisive.ai","controllerKind":"MdaiHub","MdaiHub":{"name":"mdaihub","namespace":"mdai"},"namespace":"mdai","name":"mdaihub","reconcileID":"dde39909-8b45-47fa-bc71-d2b82080e24f","name":"mdaihub-automation","namespace":"mdai"}
{"level":"info","timestamp":"2026-02-27T06:22:16.254Z","msg":"ConfigMap not found, skipping deletion","controller":"mdaihub","controllerGroup":"hub.mydecisive.ai","controllerKind":"MdaiHub","MdaiHub":{"name":"mdaihub","namespace":"mdai"},"namespace":"mdai","name":"mdaihub","reconcileID":"dde39909-8b45-47fa-bc71-d2b82080e24f","name":"mdaihub-automation","namespace":"mdai"}
{"level":"info","timestamp":"2026-02-27T06:22:16.254Z","msg":"Processing variable","controller":"mdaihub","controllerGroup":"hub.mydecisive.ai","controllerKind":"MdaiHub","MdaiHub":{"name":"mdaihub","namespace":"mdai"},"namespace":"mdai","name":"mdaihub","reconcileID":"dde39909-8b45-47fa-bc71-d2b82080e24f","key":"fields_to_redact"}
{"level":"info","timestamp":"2026-02-27T06:22:16.255Z","msg":"Data received for variable/mdaihub/fields_to_redact: []"}
{"level":"info","timestamp":"2026-02-27T06:22:16.255Z","msg":"Processing variable","controller":"mdaihub","controllerGroup":"hub.mydecisive.ai","controllerKind":"MdaiHub","MdaiHub":{"name":"mdaihub","namespace":"mdai"},"namespace":"mdai","name":"mdaihub","reconcileID":"dde39909-8b45-47fa-bc71-d2b82080e24f","key":"fields_to_hash"}
{"level":"info","timestamp":"2026-02-27T06:22:16.255Z","msg":"Data received for variable/mdaihub/fields_to_hash: []"}
{"level":"info","timestamp":"2026-02-27T06:22:16.255Z","msg":"Processing variable","controller":"mdaihub","controllerGroup":"hub.mydecisive.ai","controllerKind":"MdaiHub","MdaiHub":{"name":"mdaihub","namespace":"mdai"},"namespace":"mdai","name":"mdaihub","reconcileID":"dde39909-8b45-47fa-bc71-d2b82080e24f","key":"email_regex"}
{"level":"info","timestamp":"2026-02-27T06:22:16.255Z","msg":"No value found in storage","key":"variable/mdaihub/email_regex"}
{"level":"info","timestamp":"2026-02-27T06:22:16.255Z","msg":"Processing variable","controller":"mdaihub","controllerGroup":"hub.mydecisive.ai","controllerKind":"MdaiHub","MdaiHub":{"name":"mdaihub","namespace":"mdai"},"namespace":"mdai","name":"mdaihub","reconcileID":"dde39909-8b45-47fa-bc71-d2b82080e24f","key":"cc_regex"}
{"level":"info","timestamp":"2026-02-27T06:22:16.255Z","msg":"No value found in storage","key":"variable/mdaihub/cc_regex"}
{"level":"info","timestamp":"2026-02-27T06:22:16.255Z","msg":"Processing variable","controller":"mdaihub","controllerGroup":"hub.mydecisive.ai","controllerKind":"MdaiHub","MdaiHub":{"name":"mdaihub","namespace":"mdai"},"namespace":"mdai","name":"mdaihub","reconcileID":"dde39909-8b45-47fa-bc71-d2b82080e24f","key":"phone_regex"}
{"level":"info","timestamp":"2026-02-27T06:22:16.255Z","msg":"No value found in storage","key":"variable/mdaihub/phone_regex"}
{"level":"info","timestamp":"2026-02-27T06:22:16.255Z","msg":"Processing variable","controller":"mdaihub","controllerGroup":"hub.mydecisive.ai","controllerKind":"MdaiHub","MdaiHub":{"name":"mdaihub","namespace":"mdai"},"namespace":"mdai","name":"mdaihub","reconcileID":"dde39909-8b45-47fa-bc71-d2b82080e24f","key":"address_regex"}
{"level":"info","timestamp":"2026-02-27T06:22:16.255Z","msg":"No value found in storage","key":"variable/mdaihub/address_regex"}
{"level":"info","timestamp":"2026-02-27T06:22:16.255Z","msg":"Processing variable","controller":"mdaihub","controllerGroup":"hub.mydecisive.ai","controllerKind":"MdaiHub","MdaiHub":{"name":"mdaihub","namespace":"mdai"},"namespace":"mdai","name":"mdaihub","reconcileID":"dde39909-8b45-47fa-bc71-d2b82080e24f","key":"ssn_regex"}
{"level":"info","timestamp":"2026-02-27T06:22:16.255Z","msg":"No value found in storage","key":"variable/mdaihub/ssn_regex"}
{"level":"info","timestamp":"2026-02-27T06:22:16.255Z","msg":"Processing variable","controller":"mdaihub","controllerGroup":"hub.mydecisive.ai","controllerKind":"MdaiHub","MdaiHub":{"name":"mdaihub","namespace":"mdai"},"namespace":"mdai","name":"mdaihub","reconcileID":"dde39909-8b45-47fa-bc71-d2b82080e24f","key":"name_regex"}
{"level":"info","timestamp":"2026-02-27T06:22:16.255Z","msg":"No value found in storage","key":"variable/mdaihub/name_regex"}
{"level":"info","timestamp":"2026-02-27T06:22:16.255Z","msg":"Processing variable","controller":"mdaihub","controllerGroup":"hub.mydecisive.ai","controllerKind":"MdaiHub","MdaiHub":{"name":"mdaihub","namespace":"mdai"},"namespace":"mdai","name":"mdaihub","reconcileID":"dde39909-8b45-47fa-bc71-d2b82080e24f","key":"email_template"}
{"level":"info","timestamp":"2026-02-27T06:22:16.255Z","msg":"No value found in storage","key":"variable/mdaihub/email_template"}
{"level":"info","timestamp":"2026-02-27T06:22:16.255Z","msg":"Processing variable","controller":"mdaihub","controllerGroup":"hub.mydecisive.ai","controllerKind":"MdaiHub","MdaiHub":{"name":"mdaihub","namespace":"mdai"},"namespace":"mdai","name":"mdaihub","reconcileID":"dde39909-8b45-47fa-bc71-d2b82080e24f","key":"cc_template"}
{"level":"info","timestamp":"2026-02-27T06:22:16.255Z","msg":"No value found in storage","key":"variable/mdaihub/cc_template"}
{"level":"info","timestamp":"2026-02-27T06:22:16.255Z","msg":"Processing variable","controller":"mdaihub","controllerGroup":"hub.mydecisive.ai","controllerKind":"MdaiHub","MdaiHub":{"name":"mdaihub","namespace":"mdai"},"namespace":"mdai","name":"mdaihub","reconcileID":"dde39909-8b45-47fa-bc71-d2b82080e24f","key":"phone_template"}
{"level":"info","timestamp":"2026-02-27T06:22:16.255Z","msg":"No value found in storage","key":"variable/mdaihub/phone_template"}
{"level":"info","timestamp":"2026-02-27T06:22:16.255Z","msg":"Processing variable","controller":"mdaihub","controllerGroup":"hub.mydecisive.ai","controllerKind":"MdaiHub","MdaiHub":{"name":"mdaihub","namespace":"mdai"},"namespace":"mdai","name":"mdaihub","reconcileID":"dde39909-8b45-47fa-bc71-d2b82080e24f","key":"address_template"}
{"level":"info","timestamp":"2026-02-27T06:22:16.255Z","msg":"No value found in storage","key":"variable/mdaihub/address_template"}
{"level":"info","timestamp":"2026-02-27T06:22:16.255Z","msg":"Processing variable","controller":"mdaihub","controllerGroup":"hub.mydecisive.ai","controllerKind":"MdaiHub","MdaiHub":{"name":"mdaihub","namespace":"mdai"},"namespace":"mdai","name":"mdaihub","reconcileID":"dde39909-8b45-47fa-bc71-d2b82080e24f","key":"ssn_template"}
{"level":"info","timestamp":"2026-02-27T06:22:16.255Z","msg":"No value found in storage","key":"variable/mdaihub/ssn_template"}
{"level":"info","timestamp":"2026-02-27T06:22:16.255Z","msg":"Processing variable","controller":"mdaihub","controllerGroup":"hub.mydecisive.ai","controllerKind":"MdaiHub","MdaiHub":{"name":"mdaihub","namespace":"mdai"},"namespace":"mdai","name":"mdaihub","reconcileID":"dde39909-8b45-47fa-bc71-d2b82080e24f","key":"name_template"}
{"level":"info","timestamp":"2026-02-27T06:22:16.256Z","msg":"No value found in storage","key":"variable/mdaihub/name_template"}
{"level":"info","timestamp":"2026-02-27T06:22:16.256Z","msg":"Deleting old valkey keys","controller":"mdaihub","controllerGroup":"hub.mydecisive.ai","controllerKind":"MdaiHub","MdaiHub":{"name":"mdaihub","namespace":"mdai"},"namespace":"mdai","name":"mdaihub","reconcileID":"dde39909-8b45-47fa-bc71-d2b82080e24f","valkeyKeysToKeep":{"address_regex":{},"address_template":{},"cc_regex":{},"cc_template":{},"email_regex":{},"email_template":{},"fields_to_hash":{},"fields_to_redact":{},"name_regex":{},"name_template":{},"phone_regex":{},"phone_template":{},"ssn_regex":{},"ssn_template":{}}}
{"level":"info","timestamp":"2026-02-27T06:22:16.256Z","msg":"Successfully created or updated ConfigMap","controller":"mdaihub","controllerGroup":"hub.mydecisive.ai","controllerKind":"MdaiHub","MdaiHub":{"name":"mdaihub","namespace":"mdai"},"namespace":"mdai","name":"mdaihub","reconcileID":"dde39909-8b45-47fa-bc71-d2b82080e24f","name":"mdaihub-manual-variables","namespace":"mdai","operation":"unchanged"}
{"level":"info","timestamp":"2026-02-27T06:22:16.256Z","msg":"Successfully created or updated ConfigMap","controller":"mdaihub","controllerGroup":"hub.mydecisive.ai","controllerKind":"MdaiHub","MdaiHub":{"name":"mdaihub","namespace":"mdai"},"namespace":"mdai","name":"mdaihub","reconcileID":"dde39909-8b45-47fa-bc71-d2b82080e24f","name":"mdaihub-variables","namespace":"mdai","operation":"unchanged"}
{"level":"info","timestamp":"2026-02-27T06:22:16.256Z","msg":"Successfully created or updated ConfigMap","controller":"mdaihub","controllerGroup":"hub.mydecisive.ai","controllerKind":"MdaiHub","MdaiHub":{"name":"mdaihub","namespace":"mdai"},"namespace":"mdai","name":"mdaihub","reconcileID":"dde39909-8b45-47fa-bc71-d2b82080e24f","name":"mdaihub-variables","namespace":"mdai","operation":"unchanged"}
{"level":"info","timestamp":"2026-02-27T06:22:16.256Z","msg":"Successfully created or updated ConfigMap","controller":"mdaihub","controllerGroup":"hub.mydecisive.ai","controllerKind":"MdaiHub","MdaiHub":{"name":"mdaihub","namespace":"mdai"},"namespace":"mdai","name":"mdaihub","reconcileID":"dde39909-8b45-47fa-bc71-d2b82080e24f","name":"mdaihub-variables","namespace":"mdai","operation":"unchanged"}
{"level":"info","timestamp":"2026-02-27T06:22:16.258Z","msg":"Status set to done for mdai hub","controller":"mdaihub","controllerGroup":"hub.mydecisive.ai","controllerKind":"MdaiHub","MdaiHub":{"name":"mdaihub","namespace":"mdai"},"namespace":"mdai","name":"mdaihub","reconcileID":"dde39909-8b45-47fa-bc71-d2b82080e24f","mdaiHub":"mdaihub"}
{"level":"info","timestamp":"2026-02-27T06:22:16.258Z","msg":"-- Finished MdaiHub reconciliation --","controller":"mdaihub","controllerGroup":"hub.mydecisive.ai","controllerKind":"MdaiHub","MdaiHub":{"name":"mdaihub","namespace":"mdai"},"namespace":"mdai","name":"mdaihub","reconcileID":"dde39909-8b45-47fa-bc71-d2b82080e24f"}
{"level":"info","timestamp":"2026-02-27T06:23:10.047Z","logger":"mdaihub-resource","msg":"Defaulting for MdaiHub","name":"mdaihub"}
{"level":"info","timestamp":"2026-02-27T06:23:10.048Z","logger":"mdaihub-resource","msg":"Validation for MdaiHub upon update","name":"mdaihub"}
{"level":"info","timestamp":"2026-02-27T06:23:10.050Z","msg":"-- Starting MdaiHub reconciliation --","controller":"mdaihub","controllerGroup":"hub.mydecisive.ai","controllerKind":"MdaiHub","MdaiHub":{"name":"mdaihub","namespace":"mdai"},"namespace":"mdai","name":"mdaihub","reconcileID":"30ef07eb-fdeb-4094-92b9-c93b8ec3ab32","namespace":{"name":"mdaihub","namespace":"mdai"},"name":"mdaihub"}
{"level":"info","timestamp":"2026-02-27T06:23:10.050Z","msg":"EnsurePrometheusRuleSynchronized","controller":"mdaihub","controllerGroup":"hub.mydecisive.ai","controllerKind":"MdaiHub","MdaiHub":{"name":"mdaihub","namespace":"mdai"},"namespace":"mdai","name":"mdaihub","reconcileID":"30ef07eb-fdeb-4094-92b9-c93b8ec3ab32"}
{"level":"info","timestamp":"2026-02-27T06:23:10.054Z","msg":"Created new PrometheusRule","controller":"mdaihub","controllerGroup":"hub.mydecisive.ai","controllerKind":"MdaiHub","MdaiHub":{"name":"mdaihub","namespace":"mdai"},"namespace":"mdai","name":"mdaihub","reconcileID":"30ef07eb-fdeb-4094-92b9-c93b8ec3ab32","prometheus_rule_name":"mdai-mdaihub-alert-rules"}
{"level":"info","timestamp":"2026-02-27T06:23:10.058Z","msg":"Creating or updating ConfigMap for automations","controller":"mdaihub","controllerGroup":"hub.mydecisive.ai","controllerKind":"MdaiHub","MdaiHub":{"name":"mdaihub","namespace":"mdai"},"namespace":"mdai","name":"mdaihub","reconcileID":"30ef07eb-fdeb-4094-92b9-c93b8ec3ab32","name":"mdaihub"}
{"level":"info","timestamp":"2026-02-27T06:23:10.061Z","msg":"<CreateFunc> mdaihub-automation ignored"}
{"level":"info","timestamp":"2026-02-27T06:23:10.061Z","msg":"Successfully created or updated ConfigMap","controller":"mdaihub","controllerGroup":"hub.mydecisive.ai","controllerKind":"MdaiHub","MdaiHub":{"name":"mdaihub","namespace":"mdai"},"namespace":"mdai","name":"mdaihub","reconcileID":"30ef07eb-fdeb-4094-92b9-c93b8ec3ab32","name":"mdaihub-automation","namespace":"mdai","operation":"created"}
{"level":"info","timestamp":"2026-02-27T06:23:10.061Z","msg":"Successfully created ConfigMap for automations","controller":"mdaihub","controllerGroup":"hub.mydecisive.ai","controllerKind":"MdaiHub","MdaiHub":{"name":"mdaihub","namespace":"mdai"},"namespace":"mdai","name":"mdaihub","reconcileID":"30ef07eb-fdeb-4094-92b9-c93b8ec3ab32","name":"mdaihub"}
{"level":"info","timestamp":"2026-02-27T06:23:10.061Z","msg":"Processing variable","controller":"mdaihub","controllerGroup":"hub.mydecisive.ai","controllerKind":"MdaiHub","MdaiHub":{"name":"mdaihub","namespace":"mdai"},"namespace":"mdai","name":"mdaihub","reconcileID":"30ef07eb-fdeb-4094-92b9-c93b8ec3ab32","key":"service_list"}
{"level":"info","timestamp":"2026-02-27T06:23:10.061Z","msg":"Data received for variable/mdaihub/service_list: []"}
{"level":"info","timestamp":"2026-02-27T06:23:10.061Z","msg":"Processing variable","controller":"mdaihub","controllerGroup":"hub.mydecisive.ai","controllerKind":"MdaiHub","MdaiHub":{"name":"mdaihub","namespace":"mdai"},"namespace":"mdai","name":"mdaihub","reconcileID":"30ef07eb-fdeb-4094-92b9-c93b8ec3ab32","key":"alerting_data_type"}
{"level":"info","timestamp":"2026-02-27T06:23:10.061Z","msg":"No value found in storage","key":"variable/mdaihub/alerting_data_type"}
{"level":"info","timestamp":"2026-02-27T06:23:10.061Z","msg":"Processing variable","controller":"mdaihub","controllerGroup":"hub.mydecisive.ai","controllerKind":"MdaiHub","MdaiHub":{"name":"mdaihub","namespace":"mdai"},"namespace":"mdai","name":"mdaihub","reconcileID":"30ef07eb-fdeb-4094-92b9-c93b8ec3ab32","key":"alerting_triggered"}
{"level":"info","timestamp":"2026-02-27T06:23:10.061Z","msg":"No value found in storage","key":"variable/mdaihub/alerting_triggered"}
{"level":"info","timestamp":"2026-02-27T06:23:10.061Z","msg":"Deleting old valkey keys","controller":"mdaihub","controllerGroup":"hub.mydecisive.ai","controllerKind":"MdaiHub","MdaiHub":{"name":"mdaihub","namespace":"mdai"},"namespace":"mdai","name":"mdaihub","reconcileID":"30ef07eb-fdeb-4094-92b9-c93b8ec3ab32","valkeyKeysToKeep":{"alerting_data_type":{},"alerting_triggered":{},"service_list":{}}}
{"level":"info","timestamp":"2026-02-27T06:23:10.061Z","msg":"No manual variables defined in the MDAI CR","controller":"mdaihub","controllerGroup":"hub.mydecisive.ai","controllerKind":"MdaiHub","MdaiHub":{"name":"mdaihub","namespace":"mdai"},"namespace":"mdai","name":"mdaihub","reconcileID":"30ef07eb-fdeb-4094-92b9-c93b8ec3ab32","name":"mdaihub"}
{"level":"info","timestamp":"2026-02-27T06:23:10.061Z","msg":"Deleting ConfigMap","controller":"mdaihub","controllerGroup":"hub.mydecisive.ai","controllerKind":"MdaiHub","MdaiHub":{"name":"mdaihub","namespace":"mdai"},"namespace":"mdai","name":"mdaihub","reconcileID":"30ef07eb-fdeb-4094-92b9-c93b8ec3ab32","name":"mdaihub-manual-variables","namespace":"mdai"}
{"level":"info","timestamp":"2026-02-27T06:23:10.063Z","msg":"<DeleteFunc> mdaihub-manual-variables ignored"}
{"level":"info","timestamp":"2026-02-27T06:23:10.065Z","msg":"Successfully created or updated ConfigMap","controller":"mdaihub","controllerGroup":"hub.mydecisive.ai","controllerKind":"MdaiHub","MdaiHub":{"name":"mdaihub","namespace":"mdai"},"namespace":"mdai","name":"mdaihub","reconcileID":"30ef07eb-fdeb-4094-92b9-c93b8ec3ab32","name":"mdaihub-variables","namespace":"mdai","operation":"updated"}
{"level":"info","timestamp":"2026-02-27T06:23:10.065Z","msg":"<UpdateFunc> mdaihub-variables shouldReconcile: false"}
{"level":"info","timestamp":"2026-02-27T06:23:10.065Z","msg":"Successfully created or updated ConfigMap","controller":"mdaihub","controllerGroup":"hub.mydecisive.ai","controllerKind":"MdaiHub","MdaiHub":{"name":"mdaihub","namespace":"mdai"},"namespace":"mdai","name":"mdaihub","reconcileID":"30ef07eb-fdeb-4094-92b9-c93b8ec3ab32","name":"mdaihub-variables","namespace":"mdai","operation":"unchanged"}
{"level":"info","timestamp":"2026-02-27T06:23:10.065Z","msg":"Successfully created or updated ConfigMap","controller":"mdaihub","controllerGroup":"hub.mydecisive.ai","controllerKind":"MdaiHub","MdaiHub":{"name":"mdaihub","namespace":"mdai"},"namespace":"mdai","name":"mdaihub","reconcileID":"30ef07eb-fdeb-4094-92b9-c93b8ec3ab32","name":"mdaihub-variables","namespace":"mdai","operation":"unchanged"}
{"level":"info","timestamp":"2026-02-27T06:23:10.065Z","msg":"Triggering restart of OpenTelemetry Collector","controller":"mdaihub","controllerGroup":"hub.mydecisive.ai","controllerKind":"MdaiHub","MdaiHub":{"name":"mdaihub","namespace":"mdai"},"namespace":"mdai","name":"mdaihub","reconcileID":"30ef07eb-fdeb-4094-92b9-c93b8ec3ab32","name":"gateway-datadog"}
{"level":"warn","timestamp":"2026-02-27T06:23:10.072Z","msg":"VALKEY_AUDIT_STREAM_EXPIRY_MS is deprecated; use VALKEY_AUDIT_STREAM_RETENTION","retention":2592000,"stacktrace":"github.com/decisiveai/mdai-data-core/audit.getStreamRetention\n\tgithub.com/decisiveai/mdai-data-core@v0.2.9/audit/adapter.go:241\ngithub.com/decisiveai/mdai-data-core/audit.NewAuditAdapter\n\tgithub.com/decisiveai/mdai-data-core@v0.2.9/audit/adapter.go:54\ngithub.com/decisiveai/mdai-operator/internal/controller.HubAdapter.restartCollectorAndAudit\n\tgithub.com/decisiveai/mdai-operator/internal/controller/hub_adapter.go:427\ngithub.com/decisiveai/mdai-operator/internal/controller.HubAdapter.syncComputedConfigMapsAndRestart\n\tgithub.com/decisiveai/mdai-operator/internal/controller/hub_adapter.go:458\ngithub.com/decisiveai/mdai-operator/internal/controller.HubAdapter.ensureVariableSynchronized\n\tgithub.com/decisiveai/mdai-operator/internal/controller/hub_adapter.go:507\ngithub.com/decisiveai/mdai-operator/internal/controller.(*MdaiHubReconciler).ReconcileHandler\n\tgithub.com/decisiveai/mdai-operator/internal/controller/mdaihub_controller.go:113\ngithub.com/decisiveai/mdai-operator/internal/controller.(*MdaiHubReconciler).Reconcile\n\tgithub.com/decisiveai/mdai-operator/internal/controller/mdaihub_controller.go:87\nsigs.k8s.io/controller-runtime/pkg/internal/controller.(*Controller[...]).Reconcile\n\tsigs.k8s.io/controller-runtime@v0.20.4/pkg/internal/controller/controller.go:119\nsigs.k8s.io/controller-runtime/pkg/internal/controller.(*Controller[...]).reconcileHandler\n\tsigs.k8s.io/controller-runtime@v0.20.4/pkg/internal/controller/controller.go:334\nsigs.k8s.io/controller-runtime/pkg/internal/controller.(*Controller[...]).processNextWorkItem\n\tsigs.k8s.io/controller-runtime@v0.20.4/pkg/internal/controller/controller.go:294\nsigs.k8s.io/controller-runtime/pkg/internal/controller.(*Controller[...]).Start.func2.2\n\tsigs.k8s.io/controller-runtime@v0.20.4/pkg/internal/controller/controller.go:255"}
{"level":"info","timestamp":"2026-02-27T06:23:10.072Z","msg":"AUDIT: Triggering restart of OpenTelemetry Collector","controller":"mdaihub","controllerGroup":"hub.mydecisive.ai","controllerKind":"MdaiHub","MdaiHub":{"name":"mdaihub","namespace":"mdai"},"namespace":"mdai","name":"mdaihub","reconcileID":"30ef07eb-fdeb-4094-92b9-c93b8ec3ab32","mdai-logstream":"audit","type":"collector_restart","timestamp":"2026-02-27T06:23:10Z","hub_name":"mdaihub","SERVICE_LIST_REGEX":""}
{"level":"info","timestamp":"2026-02-27T06:23:10.072Z","msg":"Triggering restart of OpenTelemetry Collector","controller":"mdaihub","controllerGroup":"hub.mydecisive.ai","controllerKind":"MdaiHub","MdaiHub":{"name":"mdaihub","namespace":"mdai"},"namespace":"mdai","name":"mdaihub","reconcileID":"30ef07eb-fdeb-4094-92b9-c93b8ec3ab32","name":"gateway-dynamic-filtration"}
{"level":"warn","timestamp":"2026-02-27T06:23:10.078Z","msg":"VALKEY_AUDIT_STREAM_EXPIRY_MS is deprecated; use VALKEY_AUDIT_STREAM_RETENTION","retention":2592000,"stacktrace":"github.com/decisiveai/mdai-data-core/audit.getStreamRetention\n\tgithub.com/decisiveai/mdai-data-core@v0.2.9/audit/adapter.go:241\ngithub.com/decisiveai/mdai-data-core/audit.NewAuditAdapter\n\tgithub.com/decisiveai/mdai-data-core@v0.2.9/audit/adapter.go:54\ngithub.com/decisiveai/mdai-operator/internal/controller.HubAdapter.restartCollectorAndAudit\n\tgithub.com/decisiveai/mdai-operator/internal/controller/hub_adapter.go:427\ngithub.com/decisiveai/mdai-operator/internal/controller.HubAdapter.syncComputedConfigMapsAndRestart\n\tgithub.com/decisiveai/mdai-operator/internal/controller/hub_adapter.go:458\ngithub.com/decisiveai/mdai-operator/internal/controller.HubAdapter.ensureVariableSynchronized\n\tgithub.com/decisiveai/mdai-operator/internal/controller/hub_adapter.go:507\ngithub.com/decisiveai/mdai-operator/internal/controller.(*MdaiHubReconciler).ReconcileHandler\n\tgithub.com/decisiveai/mdai-operator/internal/controller/mdaihub_controller.go:113\ngithub.com/decisiveai/mdai-operator/internal/controller.(*MdaiHubReconciler).Reconcile\n\tgithub.com/decisiveai/mdai-operator/internal/controller/mdaihub_controller.go:87\nsigs.k8s.io/controller-runtime/pkg/internal/controller.(*Controller[...]).Reconcile\n\tsigs.k8s.io/controller-runtime@v0.20.4/pkg/internal/controller/controller.go:119\nsigs.k8s.io/controller-runtime/pkg/internal/controller.(*Controller[...]).reconcileHandler\n\tsigs.k8s.io/controller-runtime@v0.20.4/pkg/internal/controller/controller.go:334\nsigs.k8s.io/controller-runtime/pkg/internal/controller.(*Controller[...]).processNextWorkItem\n\tsigs.k8s.io/controller-runtime@v0.20.4/pkg/internal/controller/controller.go:294\nsigs.k8s.io/controller-runtime/pkg/internal/controller.(*Controller[...]).Start.func2.2\n\tsigs.k8s.io/controller-runtime@v0.20.4/pkg/internal/controller/controller.go:255"}
{"level":"info","timestamp":"2026-02-27T06:23:10.078Z","msg":"AUDIT: Triggering restart of OpenTelemetry Collector","controller":"mdaihub","controllerGroup":"hub.mydecisive.ai","controllerKind":"MdaiHub","MdaiHub":{"name":"mdaihub","namespace":"mdai"},"namespace":"mdai","name":"mdaihub","reconcileID":"30ef07eb-fdeb-4094-92b9-c93b8ec3ab32","mdai-logstream":"audit","type":"collector_restart","timestamp":"2026-02-27T06:23:10Z","hub_name":"mdaihub","SERVICE_LIST_REGEX":""}
{"level":"info","timestamp":"2026-02-27T06:23:10.078Z","msg":"Triggering restart of OpenTelemetry Collector","controller":"mdaihub","controllerGroup":"hub.mydecisive.ai","controllerKind":"MdaiHub","MdaiHub":{"name":"mdaihub","namespace":"mdai"},"namespace":"mdai","name":"mdaihub","reconcileID":"30ef07eb-fdeb-4094-92b9-c93b8ec3ab32","name":"gateway-pii"}
{"level":"warn","timestamp":"2026-02-27T06:23:10.085Z","msg":"VALKEY_AUDIT_STREAM_EXPIRY_MS is deprecated; use VALKEY_AUDIT_STREAM_RETENTION","retention":2592000,"stacktrace":"github.com/decisiveai/mdai-data-core/audit.getStreamRetention\n\tgithub.com/decisiveai/mdai-data-core@v0.2.9/audit/adapter.go:241\ngithub.com/decisiveai/mdai-data-core/audit.NewAuditAdapter\n\tgithub.com/decisiveai/mdai-data-core@v0.2.9/audit/adapter.go:54\ngithub.com/decisiveai/mdai-operator/internal/controller.HubAdapter.restartCollectorAndAudit\n\tgithub.com/decisiveai/mdai-operator/internal/controller/hub_adapter.go:427\ngithub.com/decisiveai/mdai-operator/internal/controller.HubAdapter.syncComputedConfigMapsAndRestart\n\tgithub.com/decisiveai/mdai-operator/internal/controller/hub_adapter.go:458\ngithub.com/decisiveai/mdai-operator/internal/controller.HubAdapter.ensureVariableSynchronized\n\tgithub.com/decisiveai/mdai-operator/internal/controller/hub_adapter.go:507\ngithub.com/decisiveai/mdai-operator/internal/controller.(*MdaiHubReconciler).ReconcileHandler\n\tgithub.com/decisiveai/mdai-operator/internal/controller/mdaihub_controller.go:113\ngithub.com/decisiveai/mdai-operator/internal/controller.(*MdaiHubReconciler).Reconcile\n\tgithub.com/decisiveai/mdai-operator/internal/controller/mdaihub_controller.go:87\nsigs.k8s.io/controller-runtime/pkg/internal/controller.(*Controller[...]).Reconcile\n\tsigs.k8s.io/controller-runtime@v0.20.4/pkg/internal/controller/controller.go:119\nsigs.k8s.io/controller-runtime/pkg/internal/controller.(*Controller[...]).reconcileHandler\n\tsigs.k8s.io/controller-runtime@v0.20.4/pkg/internal/controller/controller.go:334\nsigs.k8s.io/controller-runtime/pkg/internal/controller.(*Controller[...]).processNextWorkItem\n\tsigs.k8s.io/controller-runtime@v0.20.4/pkg/internal/controller/controller.go:294\nsigs.k8s.io/controller-runtime/pkg/internal/controller.(*Controller[...]).Start.func2.2\n\tsigs.k8s.io/controller-runtime@v0.20.4/pkg/internal/controller/controller.go:255"}
{"level":"info","timestamp":"2026-02-27T06:23:10.085Z","msg":"AUDIT: Triggering restart of OpenTelemetry Collector","controller":"mdaihub","controllerGroup":"hub.mydecisive.ai","controllerKind":"MdaiHub","MdaiHub":{"name":"mdaihub","namespace":"mdai"},"namespace":"mdai","name":"mdaihub","reconcileID":"30ef07eb-fdeb-4094-92b9-c93b8ec3ab32","mdai-logstream":"audit","timestamp":"2026-02-27T06:23:10Z","hub_name":"mdaihub","SERVICE_LIST_REGEX":"","type":"collector_restart"}
{"level":"info","timestamp":"2026-02-27T06:23:10.088Z","msg":"Status set to done for mdai hub","controller":"mdaihub","controllerGroup":"hub.mydecisive.ai","controllerKind":"MdaiHub","MdaiHub":{"name":"mdaihub","namespace":"mdai"},"namespace":"mdai","name":"mdaihub","reconcileID":"30ef07eb-fdeb-4094-92b9-c93b8ec3ab32","mdaiHub":"mdaihub"}
{"level":"info","timestamp":"2026-02-27T06:23:10.088Z","msg":"-- Finished MdaiHub reconciliation --","controller":"mdaihub","controllerGroup":"hub.mydecisive.ai","controllerKind":"MdaiHub","MdaiHub":{"name":"mdaihub","namespace":"mdai"},"namespace":"mdai","name":"mdaihub","reconcileID":"30ef07eb-fdeb-4094-92b9-c93b8ec3ab32"}
{"level":"info","timestamp":"2026-02-27T06:23:10.237Z","logger":"mdaihub-resource","msg":"Defaulting for MdaiHub","name":"mdaihub"}
{"level":"info","timestamp":"2026-02-27T06:23:10.238Z","logger":"mdaihub-resource","msg":"Validation for MdaiHub upon update","name":"mdaihub"}
{"level":"info","timestamp":"2026-02-27T06:23:10.240Z","msg":"-- Starting MdaiHub reconciliation --","controller":"mdaihub","controllerGroup":"hub.mydecisive.ai","controllerKind":"MdaiHub","MdaiHub":{"name":"mdaihub","namespace":"mdai"},"namespace":"mdai","name":"mdaihub","reconcileID":"3794d1d3-485b-4545-b44e-9df0cc192f69","namespace":{"name":"mdaihub","namespace":"mdai"},"name":"mdaihub"}
{"level":"info","timestamp":"2026-02-27T06:23:10.240Z","msg":"EnsurePrometheusRuleSynchronized","controller":"mdaihub","controllerGroup":"hub.mydecisive.ai","controllerKind":"MdaiHub","MdaiHub":{"name":"mdaihub","namespace":"mdai"},"namespace":"mdai","name":"mdaihub","reconcileID":"3794d1d3-485b-4545-b44e-9df0cc192f69"}
{"level":"info","timestamp":"2026-02-27T06:23:10.240Z","msg":"No evaluations found, skipping PrometheusRule creation","controller":"mdaihub","controllerGroup":"hub.mydecisive.ai","controllerKind":"MdaiHub","MdaiHub":{"name":"mdaihub","namespace":"mdai"},"namespace":"mdai","name":"mdaihub","reconcileID":"3794d1d3-485b-4545-b44e-9df0cc192f69"}
{"level":"info","timestamp":"2026-02-27T06:23:10.240Z","msg":"Removing existing rules","controller":"mdaihub","controllerGroup":"hub.mydecisive.ai","controllerKind":"MdaiHub","MdaiHub":{"name":"mdaihub","namespace":"mdai"},"namespace":"mdai","name":"mdaihub","reconcileID":"3794d1d3-485b-4545-b44e-9df0cc192f69"}
{"level":"info","timestamp":"2026-02-27T06:23:10.242Z","msg":"Deleted PrometheusRule","controller":"mdaihub","controllerGroup":"hub.mydecisive.ai","controllerKind":"MdaiHub","MdaiHub":{"name":"mdaihub","namespace":"mdai"},"namespace":"mdai","name":"mdaihub","reconcileID":"3794d1d3-485b-4545-b44e-9df0cc192f69","prometheus_rule_name":"mdai-mdaihub-alert-rules"}
{"level":"info","timestamp":"2026-02-27T06:23:10.242Z","msg":"No automations defined in the MDAI CR","controller":"mdaihub","controllerGroup":"hub.mydecisive.ai","controllerKind":"MdaiHub","MdaiHub":{"name":"mdaihub","namespace":"mdai"},"namespace":"mdai","name":"mdaihub","reconcileID":"3794d1d3-485b-4545-b44e-9df0cc192f69","name":"mdaihub"}
{"level":"info","timestamp":"2026-02-27T06:23:10.242Z","msg":"Deleting ConfigMap","controller":"mdaihub","controllerGroup":"hub.mydecisive.ai","controllerKind":"MdaiHub","MdaiHub":{"name":"mdaihub","namespace":"mdai"},"namespace":"mdai","name":"mdaihub","reconcileID":"3794d1d3-485b-4545-b44e-9df0cc192f69","name":"mdaihub-automation","namespace":"mdai"}
{"level":"info","timestamp":"2026-02-27T06:23:10.244Z","msg":"<DeleteFunc> mdaihub-automation ignored"}
{"level":"info","timestamp":"2026-02-27T06:23:10.244Z","msg":"Processing variable","controller":"mdaihub","controllerGroup":"hub.mydecisive.ai","controllerKind":"MdaiHub","MdaiHub":{"name":"mdaihub","namespace":"mdai"},"namespace":"mdai","name":"mdaihub","reconcileID":"3794d1d3-485b-4545-b44e-9df0cc192f69","key":"fields_to_redact"}
{"level":"info","timestamp":"2026-02-27T06:23:10.244Z","msg":"Data received for variable/mdaihub/fields_to_redact: []"}
{"level":"info","timestamp":"2026-02-27T06:23:10.244Z","msg":"Processing variable","controller":"mdaihub","controllerGroup":"hub.mydecisive.ai","controllerKind":"MdaiHub","MdaiHub":{"name":"mdaihub","namespace":"mdai"},"namespace":"mdai","name":"mdaihub","reconcileID":"3794d1d3-485b-4545-b44e-9df0cc192f69","key":"fields_to_hash"}
{"level":"info","timestamp":"2026-02-27T06:23:10.244Z","msg":"Data received for variable/mdaihub/fields_to_hash: []"}
{"level":"info","timestamp":"2026-02-27T06:23:10.245Z","msg":"Processing variable","controller":"mdaihub","controllerGroup":"hub.mydecisive.ai","controllerKind":"MdaiHub","MdaiHub":{"name":"mdaihub","namespace":"mdai"},"namespace":"mdai","name":"mdaihub","reconcileID":"3794d1d3-485b-4545-b44e-9df0cc192f69","key":"email_regex"}
{"level":"info","timestamp":"2026-02-27T06:23:10.245Z","msg":"No value found in storage","key":"variable/mdaihub/email_regex"}
{"level":"info","timestamp":"2026-02-27T06:23:10.245Z","msg":"Processing variable","controller":"mdaihub","controllerGroup":"hub.mydecisive.ai","controllerKind":"MdaiHub","MdaiHub":{"name":"mdaihub","namespace":"mdai"},"namespace":"mdai","name":"mdaihub","reconcileID":"3794d1d3-485b-4545-b44e-9df0cc192f69","key":"cc_regex"}
{"level":"info","timestamp":"2026-02-27T06:23:10.245Z","msg":"No value found in storage","key":"variable/mdaihub/cc_regex"}
{"level":"info","timestamp":"2026-02-27T06:23:10.245Z","msg":"Processing variable","controller":"mdaihub","controllerGroup":"hub.mydecisive.ai","controllerKind":"MdaiHub","MdaiHub":{"name":"mdaihub","namespace":"mdai"},"namespace":"mdai","name":"mdaihub","reconcileID":"3794d1d3-485b-4545-b44e-9df0cc192f69","key":"phone_regex"}
{"level":"info","timestamp":"2026-02-27T06:23:10.245Z","msg":"No value found in storage","key":"variable/mdaihub/phone_regex"}
{"level":"info","timestamp":"2026-02-27T06:23:10.245Z","msg":"Processing variable","controller":"mdaihub","controllerGroup":"hub.mydecisive.ai","controllerKind":"MdaiHub","MdaiHub":{"name":"mdaihub","namespace":"mdai"},"namespace":"mdai","name":"mdaihub","reconcileID":"3794d1d3-485b-4545-b44e-9df0cc192f69","key":"address_regex"}
{"level":"info","timestamp":"2026-02-27T06:23:10.245Z","msg":"No value found in storage","key":"variable/mdaihub/address_regex"}
{"level":"info","timestamp":"2026-02-27T06:23:10.245Z","msg":"Processing variable","controller":"mdaihub","controllerGroup":"hub.mydecisive.ai","controllerKind":"MdaiHub","MdaiHub":{"name":"mdaihub","namespace":"mdai"},"namespace":"mdai","name":"mdaihub","reconcileID":"3794d1d3-485b-4545-b44e-9df0cc192f69","key":"ssn_regex"}
{"level":"info","timestamp":"2026-02-27T06:23:10.245Z","msg":"No value found in storage","key":"variable/mdaihub/ssn_regex"}
{"level":"info","timestamp":"2026-02-27T06:23:10.245Z","msg":"Processing variable","controller":"mdaihub","controllerGroup":"hub.mydecisive.ai","controllerKind":"MdaiHub","MdaiHub":{"name":"mdaihub","namespace":"mdai"},"namespace":"mdai","name":"mdaihub","reconcileID":"3794d1d3-485b-4545-b44e-9df0cc192f69","key":"name_regex"}
{"level":"info","timestamp":"2026-02-27T06:23:10.246Z","msg":"No value found in storage","key":"variable/mdaihub/name_regex"}
{"level":"info","timestamp":"2026-02-27T06:23:10.246Z","msg":"Processing variable","controller":"mdaihub","controllerGroup":"hub.mydecisive.ai","controllerKind":"MdaiHub","MdaiHub":{"name":"mdaihub","namespace":"mdai"},"namespace":"mdai","name":"mdaihub","reconcileID":"3794d1d3-485b-4545-b44e-9df0cc192f69","key":"email_template"}
{"level":"info","timestamp":"2026-02-27T06:23:10.246Z","msg":"No value found in storage","key":"variable/mdaihub/email_template"}
{"level":"info","timestamp":"2026-02-27T06:23:10.246Z","msg":"Processing variable","controller":"mdaihub","controllerGroup":"hub.mydecisive.ai","controllerKind":"MdaiHub","MdaiHub":{"name":"mdaihub","namespace":"mdai"},"namespace":"mdai","name":"mdaihub","reconcileID":"3794d1d3-485b-4545-b44e-9df0cc192f69","key":"cc_template"}
{"level":"info","timestamp":"2026-02-27T06:23:10.246Z","msg":"No value found in storage","key":"variable/mdaihub/cc_template"}
{"level":"info","timestamp":"2026-02-27T06:23:10.246Z","msg":"Processing variable","controller":"mdaihub","controllerGroup":"hub.mydecisive.ai","controllerKind":"MdaiHub","MdaiHub":{"name":"mdaihub","namespace":"mdai"},"namespace":"mdai","name":"mdaihub","reconcileID":"3794d1d3-485b-4545-b44e-9df0cc192f69","key":"phone_template"}
{"level":"info","timestamp":"2026-02-27T06:23:10.246Z","msg":"No value found in storage","key":"variable/mdaihub/phone_template"}
{"level":"info","timestamp":"2026-02-27T06:23:10.246Z","msg":"Processing variable","controller":"mdaihub","controllerGroup":"hub.mydecisive.ai","controllerKind":"MdaiHub","MdaiHub":{"name":"mdaihub","namespace":"mdai"},"namespace":"mdai","name":"mdaihub","reconcileID":"3794d1d3-485b-4545-b44e-9df0cc192f69","key":"address_template"}
{"level":"info","timestamp":"2026-02-27T06:23:10.247Z","msg":"No value found in storage","key":"variable/mdaihub/address_template"}
{"level":"info","timestamp":"2026-02-27T06:23:10.247Z","msg":"Processing variable","controller":"mdaihub","controllerGroup":"hub.mydecisive.ai","controllerKind":"MdaiHub","MdaiHub":{"name":"mdaihub","namespace":"mdai"},"namespace":"mdai","name":"mdaihub","reconcileID":"3794d1d3-485b-4545-b44e-9df0cc192f69","key":"ssn_template"}
{"level":"info","timestamp":"2026-02-27T06:23:10.247Z","msg":"No value found in storage","key":"variable/mdaihub/ssn_template"}
{"level":"info","timestamp":"2026-02-27T06:23:10.247Z","msg":"Processing variable","controller":"mdaihub","controllerGroup":"hub.mydecisive.ai","controllerKind":"MdaiHub","MdaiHub":{"name":"mdaihub","namespace":"mdai"},"namespace":"mdai","name":"mdaihub","reconcileID":"3794d1d3-485b-4545-b44e-9df0cc192f69","key":"name_template"}
{"level":"info","timestamp":"2026-02-27T06:23:10.247Z","msg":"No value found in storage","key":"variable/mdaihub/name_template"}
{"level":"info","timestamp":"2026-02-27T06:23:10.247Z","msg":"Deleting old valkey keys","controller":"mdaihub","controllerGroup":"hub.mydecisive.ai","controllerKind":"MdaiHub","MdaiHub":{"name":"mdaihub","namespace":"mdai"},"namespace":"mdai","name":"mdaihub","reconcileID":"3794d1d3-485b-4545-b44e-9df0cc192f69","valkeyKeysToKeep":{"address_regex":{},"address_template":{},"cc_regex":{},"cc_template":{},"email_regex":{},"email_template":{},"fields_to_hash":{},"fields_to_redact":{},"name_regex":{},"name_template":{},"phone_regex":{},"phone_template":{},"ssn_regex":{},"ssn_template":{}}}
{"level":"info","timestamp":"2026-02-27T06:23:10.249Z","msg":"<CreateFunc> mdaihub-manual-variables ignored"}
{"level":"info","timestamp":"2026-02-27T06:23:10.250Z","msg":"Successfully created or updated ConfigMap","controller":"mdaihub","controllerGroup":"hub.mydecisive.ai","controllerKind":"MdaiHub","MdaiHub":{"name":"mdaihub","namespace":"mdai"},"namespace":"mdai","name":"mdaihub","reconcileID":"3794d1d3-485b-4545-b44e-9df0cc192f69","name":"mdaihub-manual-variables","namespace":"mdai","operation":"created"}
{"level":"info","timestamp":"2026-02-27T06:23:10.251Z","msg":"Successfully created or updated ConfigMap","controller":"mdaihub","controllerGroup":"hub.mydecisive.ai","controllerKind":"MdaiHub","MdaiHub":{"name":"mdaihub","namespace":"mdai"},"namespace":"mdai","name":"mdaihub","reconcileID":"3794d1d3-485b-4545-b44e-9df0cc192f69","name":"mdaihub-variables","namespace":"mdai","operation":"updated"}
{"level":"info","timestamp":"2026-02-27T06:23:10.251Z","msg":"Successfully created or updated ConfigMap","controller":"mdaihub","controllerGroup":"hub.mydecisive.ai","controllerKind":"MdaiHub","MdaiHub":{"name":"mdaihub","namespace":"mdai"},"namespace":"mdai","name":"mdaihub","reconcileID":"3794d1d3-485b-4545-b44e-9df0cc192f69","name":"mdaihub-variables","namespace":"mdai","operation":"unchanged"}
{"level":"info","timestamp":"2026-02-27T06:23:10.251Z","msg":"Successfully created or updated ConfigMap","controller":"mdaihub","controllerGroup":"hub.mydecisive.ai","controllerKind":"MdaiHub","MdaiHub":{"name":"mdaihub","namespace":"mdai"},"namespace":"mdai","name":"mdaihub","reconcileID":"3794d1d3-485b-4545-b44e-9df0cc192f69","name":"mdaihub-variables","namespace":"mdai","operation":"unchanged"}
{"level":"info","timestamp":"2026-02-27T06:23:10.251Z","msg":"Triggering restart of OpenTelemetry Collector","controller":"mdaihub","controllerGroup":"hub.mydecisive.ai","controllerKind":"MdaiHub","MdaiHub":{"name":"mdaihub","namespace":"mdai"},"namespace":"mdai","name":"mdaihub","reconcileID":"3794d1d3-485b-4545-b44e-9df0cc192f69","name":"gateway-datadog"}
{"level":"info","timestamp":"2026-02-27T06:23:10.251Z","msg":"<UpdateFunc> mdaihub-variables shouldReconcile: false"}
{"level":"warn","timestamp":"2026-02-27T06:23:10.258Z","msg":"VALKEY_AUDIT_STREAM_EXPIRY_MS is deprecated; use VALKEY_AUDIT_STREAM_RETENTION","retention":2592000,"stacktrace":"github.com/decisiveai/mdai-data-core/audit.getStreamRetention\n\tgithub.com/decisiveai/mdai-data-core@v0.2.9/audit/adapter.go:241\ngithub.com/decisiveai/mdai-data-core/audit.NewAuditAdapter\n\tgithub.com/decisiveai/mdai-data-core@v0.2.9/audit/adapter.go:54\ngithub.com/decisiveai/mdai-operator/internal/controller.HubAdapter.restartCollectorAndAudit\n\tgithub.com/decisiveai/mdai-operator/internal/controller/hub_adapter.go:427\ngithub.com/decisiveai/mdai-operator/internal/controller.HubAdapter.syncComputedConfigMapsAndRestart\n\tgithub.com/decisiveai/mdai-operator/internal/controller/hub_adapter.go:458\ngithub.com/decisiveai/mdai-operator/internal/controller.HubAdapter.ensureVariableSynchronized\n\tgithub.com/decisiveai/mdai-operator/internal/controller/hub_adapter.go:507\ngithub.com/decisiveai/mdai-operator/internal/controller.(*MdaiHubReconciler).ReconcileHandler\n\tgithub.com/decisiveai/mdai-operator/internal/controller/mdaihub_controller.go:113\ngithub.com/decisiveai/mdai-operator/internal/controller.(*MdaiHubReconciler).Reconcile\n\tgithub.com/decisiveai/mdai-operator/internal/controller/mdaihub_controller.go:87\nsigs.k8s.io/controller-runtime/pkg/internal/controller.(*Controller[...]).Reconcile\n\tsigs.k8s.io/controller-runtime@v0.20.4/pkg/internal/controller/controller.go:119\nsigs.k8s.io/controller-runtime/pkg/internal/controller.(*Controller[...]).reconcileHandler\n\tsigs.k8s.io/controller-runtime@v0.20.4/pkg/internal/controller/controller.go:334\nsigs.k8s.io/controller-runtime/pkg/internal/controller.(*Controller[...]).processNextWorkItem\n\tsigs.k8s.io/controller-runtime@v0.20.4/pkg/internal/controller/controller.go:294\nsigs.k8s.io/controller-runtime/pkg/internal/controller.(*Controller[...]).Start.func2.2\n\tsigs.k8s.io/controller-runtime@v0.20.4/pkg/internal/controller/controller.go:255"}
{"level":"info","timestamp":"2026-02-27T06:23:10.258Z","msg":"AUDIT: Triggering restart of OpenTelemetry Collector","controller":"mdaihub","controllerGroup":"hub.mydecisive.ai","controllerKind":"MdaiHub","MdaiHub":{"name":"mdaihub","namespace":"mdai"},"namespace":"mdai","name":"mdaihub","reconcileID":"3794d1d3-485b-4545-b44e-9df0cc192f69","mdai-logstream":"audit","timestamp":"2026-02-27T06:23:10Z","hub_name":"mdaihub","FIELDS_TO_REDACT":"","FIELDS_TO_HASH":"","type":"collector_restart"}
{"level":"info","timestamp":"2026-02-27T06:23:10.259Z","msg":"Triggering restart of OpenTelemetry Collector","controller":"mdaihub","controllerGroup":"hub.mydecisive.ai","controllerKind":"MdaiHub","MdaiHub":{"name":"mdaihub","namespace":"mdai"},"namespace":"mdai","name":"mdaihub","reconcileID":"3794d1d3-485b-4545-b44e-9df0cc192f69","name":"gateway-dynamic-filtration"}
{"level":"warn","timestamp":"2026-02-27T06:23:10.265Z","msg":"VALKEY_AUDIT_STREAM_EXPIRY_MS is deprecated; use VALKEY_AUDIT_STREAM_RETENTION","retention":2592000,"stacktrace":"github.com/decisiveai/mdai-data-core/audit.getStreamRetention\n\tgithub.com/decisiveai/mdai-data-core@v0.2.9/audit/adapter.go:241\ngithub.com/decisiveai/mdai-data-core/audit.NewAuditAdapter\n\tgithub.com/decisiveai/mdai-data-core@v0.2.9/audit/adapter.go:54\ngithub.com/decisiveai/mdai-operator/internal/controller.HubAdapter.restartCollectorAndAudit\n\tgithub.com/decisiveai/mdai-operator/internal/controller/hub_adapter.go:427\ngithub.com/decisiveai/mdai-operator/internal/controller.HubAdapter.syncComputedConfigMapsAndRestart\n\tgithub.com/decisiveai/mdai-operator/internal/controller/hub_adapter.go:458\ngithub.com/decisiveai/mdai-operator/internal/controller.HubAdapter.ensureVariableSynchronized\n\tgithub.com/decisiveai/mdai-operator/internal/controller/hub_adapter.go:507\ngithub.com/decisiveai/mdai-operator/internal/controller.(*MdaiHubReconciler).ReconcileHandler\n\tgithub.com/decisiveai/mdai-operator/internal/controller/mdaihub_controller.go:113\ngithub.com/decisiveai/mdai-operator/internal/controller.(*MdaiHubReconciler).Reconcile\n\tgithub.com/decisiveai/mdai-operator/internal/controller/mdaihub_controller.go:87\nsigs.k8s.io/controller-runtime/pkg/internal/controller.(*Controller[...]).Reconcile\n\tsigs.k8s.io/controller-runtime@v0.20.4/pkg/internal/controller/controller.go:119\nsigs.k8s.io/controller-runtime/pkg/internal/controller.(*Controller[...]).reconcileHandler\n\tsigs.k8s.io/controller-runtime@v0.20.4/pkg/internal/controller/controller.go:334\nsigs.k8s.io/controller-runtime/pkg/internal/controller.(*Controller[...]).processNextWorkItem\n\tsigs.k8s.io/controller-runtime@v0.20.4/pkg/internal/controller/controller.go:294\nsigs.k8s.io/controller-runtime/pkg/internal/controller.(*Controller[...]).Start.func2.2\n\tsigs.k8s.io/controller-runtime@v0.20.4/pkg/internal/controller/controller.go:255"}
{"level":"info","timestamp":"2026-02-27T06:23:10.265Z","msg":"AUDIT: Triggering restart of OpenTelemetry Collector","controller":"mdaihub","controllerGroup":"hub.mydecisive.ai","controllerKind":"MdaiHub","MdaiHub":{"name":"mdaihub","namespace":"mdai"},"namespace":"mdai","name":"mdaihub","reconcileID":"3794d1d3-485b-4545-b44e-9df0cc192f69","mdai-logstream":"audit","hub_name":"mdaihub","FIELDS_TO_HASH":"","FIELDS_TO_REDACT":"","type":"collector_restart","timestamp":"2026-02-27T06:23:10Z"}
{"level":"info","timestamp":"2026-02-27T06:23:10.265Z","msg":"Triggering restart of OpenTelemetry Collector","controller":"mdaihub","controllerGroup":"hub.mydecisive.ai","controllerKind":"MdaiHub","MdaiHub":{"name":"mdaihub","namespace":"mdai"},"namespace":"mdai","name":"mdaihub","reconcileID":"3794d1d3-485b-4545-b44e-9df0cc192f69","name":"gateway-pii"}
{"level":"warn","timestamp":"2026-02-27T06:23:10.270Z","msg":"VALKEY_AUDIT_STREAM_EXPIRY_MS is deprecated; use VALKEY_AUDIT_STREAM_RETENTION","retention":2592000,"stacktrace":"github.com/decisiveai/mdai-data-core/audit.getStreamRetention\n\tgithub.com/decisiveai/mdai-data-core@v0.2.9/audit/adapter.go:241\ngithub.com/decisiveai/mdai-data-core/audit.NewAuditAdapter\n\tgithub.com/decisiveai/mdai-data-core@v0.2.9/audit/adapter.go:54\ngithub.com/decisiveai/mdai-operator/internal/controller.HubAdapter.restartCollectorAndAudit\n\tgithub.com/decisiveai/mdai-operator/internal/controller/hub_adapter.go:427\ngithub.com/decisiveai/mdai-operator/internal/controller.HubAdapter.syncComputedConfigMapsAndRestart\n\tgithub.com/decisiveai/mdai-operator/internal/controller/hub_adapter.go:458\ngithub.com/decisiveai/mdai-operator/internal/controller.HubAdapter.ensureVariableSynchronized\n\tgithub.com/decisiveai/mdai-operator/internal/controller/hub_adapter.go:507\ngithub.com/decisiveai/mdai-operator/internal/controller.(*MdaiHubReconciler).ReconcileHandler\n\tgithub.com/decisiveai/mdai-operator/internal/controller/mdaihub_controller.go:113\ngithub.com/decisiveai/mdai-operator/internal/controller.(*MdaiHubReconciler).Reconcile\n\tgithub.com/decisiveai/mdai-operator/internal/controller/mdaihub_controller.go:87\nsigs.k8s.io/controller-runtime/pkg/internal/controller.(*Controller[...]).Reconcile\n\tsigs.k8s.io/controller-runtime@v0.20.4/pkg/internal/controller/controller.go:119\nsigs.k8s.io/controller-runtime/pkg/internal/controller.(*Controller[...]).reconcileHandler\n\tsigs.k8s.io/controller-runtime@v0.20.4/pkg/internal/controller/controller.go:334\nsigs.k8s.io/controller-runtime/pkg/internal/controller.(*Controller[...]).processNextWorkItem\n\tsigs.k8s.io/controller-runtime@v0.20.4/pkg/internal/controller/controller.go:294\nsigs.k8s.io/controller-runtime/pkg/internal/controller.(*Controller[...]).Start.func2.2\n\tsigs.k8s.io/controller-runtime@v0.20.4/pkg/internal/controller/controller.go:255"}
{"level":"info","timestamp":"2026-02-27T06:23:10.270Z","msg":"AUDIT: Triggering restart of OpenTelemetry Collector","controller":"mdaihub","controllerGroup":"hub.mydecisive.ai","controllerKind":"MdaiHub","MdaiHub":{"name":"mdaihub","namespace":"mdai"},"namespace":"mdai","name":"mdaihub","reconcileID":"3794d1d3-485b-4545-b44e-9df0cc192f69","mdai-logstream":"audit","timestamp":"2026-02-27T06:23:10Z","hub_name":"mdaihub","FIELDS_TO_REDACT":"","FIELDS_TO_HASH":"","type":"collector_restart"}
{"level":"info","timestamp":"2026-02-27T06:23:10.273Z","msg":"Status set to done for mdai hub","controller":"mdaihub","controllerGroup":"hub.mydecisive.ai","controllerKind":"MdaiHub","MdaiHub":{"name":"mdaihub","namespace":"mdai"},"namespace":"mdai","name":"mdaihub","reconcileID":"3794d1d3-485b-4545-b44e-9df0cc192f69","mdaiHub":"mdaihub"}
{"level":"info","timestamp":"2026-02-27T06:23:10.273Z","msg":"-- Finished MdaiHub reconciliation --","controller":"mdaihub","controllerGroup":"hub.mydecisive.ai","controllerKind":"MdaiHub","MdaiHub":{"name":"mdaihub","namespace":"mdai"},"namespace":"mdai","name":"mdaihub","reconcileID":"3794d1d3-485b-4545-b44e-9df0cc192f69"}
